#VRML V2.0 utf8
# 3D model generated by easyeda2kicad.py (https://github.com/uPesy/easyeda2kicad.py)

Shape{
    appearance Appearance {
        material  Material 	{
            diffuseColor 0.8313725490196079 0.8313725490196079 0.8196078431372549
            specularColor 0.6666666666666666 0.6666666666666666 0.6549019607843137
            ambientIntensity 0.83
            transparency 0.0
            shininess 0.5
        }
    }
    geometry IndexedFaceSet {
        ccw TRUE
        solid FALSE
        coord DEF co Coordinate {
            point [
                2.3031 0.5906 0.0787, 2.3031 0.5906 0.0, 2.2244 0.5906 0.0787, 2.2244 0.5906 0.0, 2.2244 0.4085 0.1752, 2.2244 0.2756 0.1752, 2.3031 0.4085 0.1752, 2.3031 0.2756 0.1752, 2.3031 0.1191 1.1553, 2.3031 0.0669 1.065, 2.3031 0.1798 1.0722, 2.3031 0.4085 0.0787, 2.3031 -0.1587 0.3169, 2.3031 -0.2677 0.1181, 2.3031 -0.1462 0.3006, 2.3031 -0.1299 0.2881, 2.3031 0.0669 0.2987, 2.3031 0.0289 0.2829, 2.3031 -0.0315 0.0, 2.3031 0.1916 1.1273, 2.3031 0.1925 1.1374, 2.3031 0.1907 1.1473, 2.3031 0.1865 1.1565, 2.3031 0.1801 1.1643, 2.3031 0.1252 1.1633, 2.3031 0.0995 0.3237, 2.3031 0.1246 0.3563, 2.3031 0.2756 0.1791, 2.3031 0.1403 0.3943, 2.3031 0.2756 0.376, 2.3031 0.1525 1.1749, 2.3031 0.1625 1.1738, 2.3031 0.1719 1.1702, 2.3031 0.1425 1.1735, 2.3031 0.1332 1.1695, 2.3031 0.126 1.065, 2.3031 0.1304 1.0645, 2.3031 0.1345 1.063, 2.3031 0.1437 1.0538, 2.3031 0.1452 1.0497, 2.3031 0.1457 1.0453, 2.3031 0.1457 0.435, 2.3031 0.1383 1.0607, 2.3031 0.1414 1.0575, 2.3031 -0.0118 0.2776, 2.3031 -0.0906 0.2776, 2.3031 -0.1109 0.2802, 2.3031 -0.171 1.0186, 2.3031 -0.1759 1.0305, 2.3031 -0.2677 1.0059, 2.3031 -0.1666 0.3359, 2.3031 -0.1693 0.3563, 2.3031 -0.1693 1.0059, 2.3031 -0.1837 1.0407, 2.3031 -0.1939 1.0485, 2.3031 -0.2058 1.0534, 2.3031 -0.2185 1.0551, 2.3031 -0.2312 1.0534, 2.3031 -0.2431 1.0485, 2.3031 -0.2533 1.0407, 2.3031 -0.2611 1.0305, 2.3031 -0.266 1.0186, 2.2244 0.4085 0.0787, 2.2244 -0.0315 0.0, 2.2244 0.2756 0.376, 2.2244 0.1457 0.435, 2.2244 0.1798 1.0722, 2.2244 0.1457 1.0453, 2.2244 0.1719 1.1702, 2.2244 0.1801 1.1643, 2.2244 0.1345 1.063, 2.2244 -0.1666 0.3359, 2.2244 -0.1587 0.3169, 2.2244 -0.2677 0.1181, 2.2244 -0.1462 0.3006, 2.2244 -0.0118 0.2776, 2.2244 0.0289 0.2829, 2.2244 0.1452 1.0497, 2.2244 0.1437 1.0538, 2.2244 0.1916 1.1273, 2.2244 0.126 1.065, 2.2244 0.0669 1.065, 2.2244 0.1191 1.1553, 2.2244 0.1425 1.1735, 2.2244 0.1304 1.0645, 2.2244 0.1525 1.1749, 2.2244 0.1625 1.1738, 2.2244 0.1252 1.1633, 2.2244 0.1332 1.1695, 2.2244 -0.1299 0.2881, 2.2244 -0.1109 0.2802, 2.2244 -0.0906 0.2776, 2.2244 0.0669 0.2987, 2.2244 0.0995 0.3237, 2.2244 0.2756 0.1791, 2.2244 0.1246 0.3563, 2.2244 0.1403 0.3943, 2.2244 0.1414 1.0575, 2.2244 0.1383 1.0607, 2.2244 0.1925 1.1374, 2.2244 0.1865 1.1565, 2.2244 0.1907 1.1473, 2.2244 -0.1759 1.0305, 2.2244 -0.171 1.0186, 2.2244 -0.2677 1.0059, 2.2244 -0.1693 1.0059, 2.2244 -0.1693 0.3563, 2.2244 -0.266 1.0186, 2.2244 -0.2611 1.0305, 2.2244 -0.2533 1.0407, 2.2244 -0.2431 1.0485, 2.2244 -0.2312 1.0534, 2.2244 -0.2185 1.0551, 2.2244 -0.2058 1.0534, 2.2244 -0.1939 1.0485, 2.2244 -0.1837 1.0407, 2.1063 -0.4085 0.1752, 2.1063 -0.2677 0.1752, 2.0276 -0.4085 0.1752, 2.0276 -0.2677 0.1752, 2.0276 -0.5906 0.0787, 2.0276 -0.5906 0.0, 2.1063 -0.5906 0.0787, 2.1063 -0.5906 0.0, 2.1063 -0.4085 0.0787, 2.1063 0.1252 1.1633, 2.1063 0.1191 1.1553, 2.1063 0.1801 1.1643, 2.1063 0.2756 0.0, 2.1063 0.1865 1.1565, 2.1063 0.0669 1.065, 2.1063 0.1798 1.0722, 2.1063 0.1916 1.1273, 2.1063 -0.1109 0.2802, 2.1063 -0.1299 0.2881, 2.1063 -0.1462 0.3006, 2.1063 -0.1587 0.3169, 2.1063 0.0669 0.2987, 2.1063 0.0995 0.3237, 2.1063 0.2756 0.1791, 2.1063 0.1925 1.1374, 2.1063 0.1907 1.1473, 2.1063 0.1525 1.1749, 2.1063 0.1625 1.1738, 2.1063 0.1719 1.1702, 2.1063 0.1425 1.1735, 2.1063 0.1332 1.1695, 2.1063 0.126 1.065, 2.1063 0.1304 1.0645, 2.1063 0.1345 1.063, 2.1063 0.1437 1.0538, 2.1063 0.1452 1.0497, 2.1063 0.1457 1.0453, 2.1063 0.2756 0.376, 2.1063 0.1457 0.435, 2.1063 0.1403 0.3943, 2.1063 0.1246 0.3563, 2.1063 0.1383 1.0607, 2.1063 0.1414 1.0575, 2.1063 -0.171 1.0186, 2.1063 -0.1759 1.0305, 2.1063 -0.2677 1.0059, 2.1063 0.0289 0.2829, 2.1063 -0.0118 0.2776, 2.1063 -0.0906 0.2776, 2.1063 -0.1666 0.3359, 2.1063 -0.1693 0.3563, 2.1063 -0.1693 1.0059, 2.1063 -0.1837 1.0407, 2.1063 -0.1939 1.0485, 2.1063 -0.2058 1.0534, 2.1063 -0.2185 1.0551, 2.1063 -0.2312 1.0534, 2.1063 -0.2431 1.0485, 2.1063 -0.2533 1.0407, 2.1063 -0.2611 1.0305, 2.1063 -0.266 1.0186, 2.0276 -0.4085 0.0787, 2.0276 0.2756 0.0, 2.0276 0.2756 0.376, 2.0276 0.1457 0.435, 2.0276 0.1798 1.0722, 2.0276 0.1457 1.0453, 2.0276 -0.1666 0.3359, 2.0276 -0.1587 0.3169, 2.0276 -0.1462 0.3006, 2.0276 -0.1299 0.2881, 2.0276 0.1452 1.0497, 2.0276 0.1437 1.0538, 2.0276 0.1916 1.1273, 2.0276 0.0289 0.2829, 2.0276 0.0669 0.2987, 2.0276 0.2756 0.1791, 2.0276 0.0995 0.3237, 2.0276 0.1246 0.3563, 2.0276 0.1403 0.3943, 2.0276 0.1719 1.1702, 2.0276 0.1801 1.1643, 2.0276 0.1345 1.063, 2.0276 0.1865 1.1565, 2.0276 0.126 1.065, 2.0276 0.1425 1.1735, 2.0276 0.1304 1.0645, 2.0276 0.1525 1.1749, 2.0276 0.1625 1.1738, 2.0276 0.0669 1.065, 2.0276 0.1191 1.1553, 2.0276 0.1414 1.0575, 2.0276 0.1383 1.0607, 2.0276 0.1925 1.1374, 2.0276 0.1907 1.1473, 2.0276 0.1252 1.1633, 2.0276 0.1332 1.1695, 2.0276 -0.1109 0.2802, 2.0276 -0.0906 0.2776, 2.0276 -0.0118 0.2776, 2.0276 -0.1759 1.0305, 2.0276 -0.171 1.0186, 2.0276 -0.2677 1.0059, 2.0276 -0.1693 1.0059, 2.0276 -0.1693 0.3563, 2.0276 -0.266 1.0186, 2.0276 -0.2611 1.0305, 2.0276 -0.2533 1.0407, 2.0276 -0.2431 1.0485, 2.0276 -0.2312 1.0534, 2.0276 -0.2185 1.0551, 2.0276 -0.2058 1.0534, 2.0276 -0.1939 1.0485, 2.0276 -0.1837 1.0407, 1.9094 0.5906 0.0787, 1.9094 0.5906 0.0, 1.8307 0.5906 0.0787, 1.8307 0.5906 0.0, 1.8307 0.4085 0.1752, 1.8307 0.2756 0.1752, 1.9094 0.4085 0.1752, 1.9094 0.2756 0.1752, 1.9094 0.4085 0.0787, 1.9094 -0.0315 0.0, 1.9094 0.1252 1.1633, 1.9094 0.1191 1.1553, 1.9094 0.1801 1.1643, 1.9094 0.1311 1.0643, 1.9094 0.1798 1.0722, 1.9094 0.126 1.065, 1.9094 0.0669 1.065, 1.9094 0.1358 1.0623, 1.9094 0.1399 1.0592, 1.9094 0.143 1.0551, 1.9094 -0.1587 0.3169, 1.9094 -0.2677 0.1181, 1.9094 -0.1462 0.3006, 1.9094 -0.1299 0.2881, 1.9094 0.1925 1.1374, 1.9094 0.1907 1.1473, 1.9094 0.1865 1.1565, 1.9094 0.1916 1.1273, 1.9094 0.1525 1.1749, 1.9094 0.1625 1.1738, 1.9094 0.1719 1.1702, 1.9094 0.1425 1.1735, 1.9094 0.1332 1.1695, 1.9094 0.0669 0.2987, 1.9094 0.0289 0.2829, 1.9094 0.145 1.0504, 1.9094 0.1457 1.0453, 1.9094 0.2756 0.376, 1.9094 0.1457 0.435, 1.9094 0.1403 0.3943, 1.9094 0.2756 0.1791, 1.9094 0.1246 0.3563, 1.9094 0.0995 0.3237, 1.9094 -0.0118 0.2776, 1.9094 -0.0906 0.2776, 1.9094 -0.1109 0.2802, 1.9094 -0.171 1.0186, 1.9094 -0.1759 1.0305, 1.9094 -0.2677 1.0059, 1.9094 -0.1666 0.3359, 1.9094 -0.1693 0.3563, 1.9094 -0.1693 1.0059, 1.9094 -0.1837 1.0407, 1.9094 -0.1939 1.0485, 1.9094 -0.2058 1.0534, 1.9094 -0.2185 1.0551, 1.9094 -0.2312 1.0534, 1.9094 -0.2431 1.0485, 1.9094 -0.2533 1.0407, 1.9094 -0.2611 1.0305, 1.9094 -0.266 1.0186, 1.8307 0.4085 0.0787, 1.8307 -0.0315 0.0, 1.8307 0.2756 0.376, 1.8307 0.1457 0.435, 1.8307 0.1798 1.0722, 1.8307 0.1457 1.0453, 1.8307 -0.1666 0.3359, 1.8307 -0.1587 0.3169, 1.8307 -0.2677 0.1181, 1.8307 -0.1462 0.3006, 1.8307 0.126 1.065, 1.8307 0.0669 1.065, 1.8307 0.1191 1.1553, 1.8307 0.145 1.0504, 1.8307 0.143 1.0551, 1.8307 0.1916 1.1273, 1.8307 0.1399 1.0592, 1.8307 0.1925 1.1374, 1.8307 0.1358 1.0623, 1.8307 0.1907 1.1473, 1.8307 0.1625 1.1738, 1.8307 0.1719 1.1702, 1.8307 0.1311 1.0643, 1.8307 0.1801 1.1643, 1.8307 0.1865 1.1565, 1.8307 0.1425 1.1735, 1.8307 0.1525 1.1749, 1.8307 0.1252 1.1633, 1.8307 0.1332 1.1695, 1.8307 0.0995 0.3237, 1.8307 0.2756 0.1791, 1.8307 0.1246 0.3563, 1.8307 0.1403 0.3943, 1.8307 -0.1299 0.2881, 1.8307 -0.1109 0.2802, 1.8307 -0.0906 0.2776, 1.8307 -0.0118 0.2776, 1.8307 0.0289 0.2829, 1.8307 0.0669 0.2987, 1.8307 -0.1759 1.0305, 1.8307 -0.171 1.0186, 1.8307 -0.2677 1.0059, 1.8307 -0.1693 1.0059, 1.8307 -0.1693 0.3563, 1.8307 -0.266 1.0186, 1.8307 -0.2611 1.0305, 1.8307 -0.2533 1.0407, 1.8307 -0.2431 1.0485, 1.8307 -0.2312 1.0534, 1.8307 -0.2185 1.0551, 1.8307 -0.2058 1.0534, 1.8307 -0.1939 1.0485, 1.8307 -0.1837 1.0407, 1.7126 -0.4085 0.1752, 1.7126 -0.2677 0.1752, 1.6339 -0.4085 0.1752, 1.6339 -0.2677 0.1752, 1.6339 -0.5906 0.0787, 1.6339 -0.5906 0.0, 1.7126 -0.5906 0.0787, 1.7126 -0.5906 0.0, 1.7126 -0.4085 0.0787, 1.7126 0.1252 1.1633, 1.7126 0.1191 1.1553, 1.7126 0.1801 1.1643, 1.7126 0.2756 0.0, 1.7126 0.1311 1.0643, 1.7126 0.1798 1.0722, 1.7126 0.126 1.065, 1.7126 0.0669 1.065, 1.7126 0.1358 1.0623, 1.7126 0.1399 1.0592, 1.7126 0.143 1.0551, 1.7126 -0.1109 0.2802, 1.7126 -0.1299 0.2881, 1.7126 -0.1462 0.3006, 1.7126 -0.1587 0.3169, 1.7126 0.1925 1.1374, 1.7126 0.1907 1.1473, 1.7126 0.1865 1.1565, 1.7126 0.2756 0.1791, 1.7126 0.2756 0.376, 1.7126 0.1403 0.3943, 1.7126 0.1916 1.1273, 1.7126 0.1525 1.1749, 1.7126 0.1625 1.1738, 1.7126 0.1719 1.1702, 1.7126 0.1425 1.1735, 1.7126 0.1332 1.1695, 1.7126 0.1246 0.3563, 1.7126 0.0995 0.3237, 1.7126 0.0669 0.2987, 1.7126 0.145 1.0504, 1.7126 0.1457 1.0453, 1.7126 0.1457 0.435, 1.7126 -0.171 1.0186, 1.7126 -0.1759 1.0305, 1.7126 -0.2677 1.0059, 1.7126 -0.1666 0.3359, 1.7126 -0.1693 0.3563, 1.7126 -0.1693 1.0059, 1.7126 0.0289 0.2829, 1.7126 -0.0118 0.2776, 1.7126 -0.0906 0.2776, 1.7126 -0.1837 1.0407, 1.7126 -0.1939 1.0485, 1.7126 -0.2058 1.0534, 1.7126 -0.2185 1.0551, 1.7126 -0.2312 1.0534, 1.7126 -0.2431 1.0485, 1.7126 -0.2533 1.0407, 1.7126 -0.2611 1.0305, 1.7126 -0.266 1.0186, 1.6339 -0.4085 0.0787, 1.6339 0.2756 0.0, 1.6339 0.2756 0.376, 1.6339 0.1457 0.435, 1.6339 0.1798 1.0722, 1.6339 0.1457 1.0453, 1.6339 0.1525 1.1749, 1.6339 0.1625 1.1738, 1.6339 0.1311 1.0643, 1.6339 -0.1666 0.3359, 1.6339 -0.1587 0.3169, 1.6339 -0.1462 0.3006, 1.6339 -0.1299 0.2881, 1.6339 0.126 1.065, 1.6339 0.0669 1.065, 1.6339 0.1191 1.1553, 1.6339 0.0289 0.2829, 1.6339 0.0669 0.2987, 1.6339 0.145 1.0504, 1.6339 0.143 1.0551, 1.6339 0.1916 1.1273, 1.6339 0.1399 1.0592, 1.6339 0.1925 1.1374, 1.6339 0.1358 1.0623, 1.6339 0.1907 1.1473, 1.6339 0.1719 1.1702, 1.6339 0.1801 1.1643, 1.6339 0.1865 1.1565, 1.6339 0.1252 1.1633, 1.6339 0.1332 1.1695, 1.6339 0.1425 1.1735, 1.6339 0.2756 0.1791, 1.6339 0.0995 0.3237, 1.6339 0.1246 0.3563, 1.6339 0.1403 0.3943, 1.6339 -0.1109 0.2802, 1.6339 -0.0906 0.2776, 1.6339 -0.0118 0.2776, 1.6339 -0.1759 1.0305, 1.6339 -0.171 1.0186, 1.6339 -0.2677 1.0059, 1.6339 -0.1693 1.0059, 1.6339 -0.1693 0.3563, 1.6339 -0.266 1.0186, 1.6339 -0.2611 1.0305, 1.6339 -0.2533 1.0407, 1.6339 -0.2431 1.0485, 1.6339 -0.2312 1.0534, 1.6339 -0.2185 1.0551, 1.6339 -0.2058 1.0534, 1.6339 -0.1939 1.0485, 1.6339 -0.1837 1.0407
            ]
        }
        coordIndex [
            0,1,2,-1,2,1,3,-1,4,5,6,-1,6,5,7,-1,8,9,10,-1,11,6,7,-1,12,13,14,-1,14,13,15,-1,16,17,18,-1,10,19,8,-1,8,19,20,-1,8,20,21,-1,21,22,8,-1,8,22,23,-1,8,23,24,-1,25,7,26,-1,26,7,27,-1,26,27,28,-1,28,27,29,-1,30,23,31,-1,31,23,32,-1,30,33,23,-1,23,33,34,-1,23,34,24,-1,9,35,10,-1,10,35,36,-1,10,36,37,-1,38,39,10,-1,10,39,40,-1,10,40,29,-1,29,40,41,-1,29,41,28,-1,25,16,7,-1,7,16,18,-1,7,18,11,-1,11,18,1,-1,11,1,0,-1,37,42,10,-1,10,42,43,-1,10,43,38,-1,17,44,18,-1,18,44,45,-1,18,45,13,-1,13,45,46,-1,13,46,15,-1,47,48,49,-1,12,50,13,-1,13,50,51,-1,13,51,49,-1,49,51,52,-1,49,52,47,-1,48,53,49,-1,49,53,54,-1,49,54,55,-1,55,56,49,-1,49,56,57,-1,49,57,58,-1,58,59,49,-1,49,59,60,-1,49,60,61,-1,2,3,62,-1,62,3,63,-1,64,65,66,-1,66,65,67,-1,68,69,70,-1,71,72,73,-1,73,72,74,-1,75,76,63,-1,67,77,66,-1,66,77,78,-1,66,78,79,-1,76,5,63,-1,63,5,4,-1,63,4,62,-1,80,81,82,-1,80,83,84,-1,84,83,85,-1,84,85,70,-1,70,85,86,-1,70,86,68,-1,82,87,80,-1,80,87,88,-1,80,88,83,-1,74,89,73,-1,73,89,90,-1,73,90,63,-1,63,90,91,-1,63,91,75,-1,76,92,5,-1,5,92,93,-1,5,93,94,-1,94,93,95,-1,94,95,64,-1,64,95,96,-1,64,96,65,-1,78,97,79,-1,79,97,98,-1,79,98,99,-1,99,98,70,-1,69,100,70,-1,70,100,101,-1,70,101,99,-1,102,103,104,-1,104,103,105,-1,104,105,73,-1,73,105,106,-1,73,106,71,-1,107,108,104,-1,104,108,109,-1,104,109,110,-1,110,111,104,-1,104,111,112,-1,104,112,113,-1,113,114,104,-1,104,114,115,-1,104,115,102,-1,116,117,118,-1,118,117,119,-1,120,121,122,-1,122,121,123,-1,117,116,124,-1,125,126,127,-1,122,123,124,-1,124,123,128,-1,124,128,117,-1,127,126,129,-1,130,131,126,-1,126,131,132,-1,133,134,117,-1,117,134,135,-1,117,135,136,-1,137,128,138,-1,138,128,139,-1,132,140,126,-1,126,140,141,-1,126,141,129,-1,142,127,143,-1,143,127,144,-1,142,145,127,-1,127,145,146,-1,127,146,125,-1,130,147,131,-1,131,147,148,-1,131,148,149,-1,150,151,131,-1,131,151,152,-1,131,152,153,-1,152,154,153,-1,153,154,155,-1,153,155,139,-1,139,155,156,-1,139,156,138,-1,149,157,131,-1,131,157,158,-1,131,158,150,-1,159,160,161,-1,137,162,128,-1,128,162,163,-1,128,163,117,-1,117,163,164,-1,117,164,133,-1,136,165,117,-1,117,165,166,-1,117,166,161,-1,161,166,167,-1,161,167,159,-1,160,168,161,-1,161,168,169,-1,161,169,170,-1,170,171,161,-1,161,171,172,-1,161,172,173,-1,173,174,161,-1,161,174,175,-1,161,175,176,-1,121,120,177,-1,118,119,177,-1,177,119,178,-1,177,178,121,-1,179,180,181,-1,181,180,182,-1,183,184,119,-1,119,184,185,-1,119,185,186,-1,182,187,181,-1,181,187,188,-1,181,188,189,-1,178,190,191,-1,178,191,192,-1,191,193,192,-1,192,193,194,-1,192,194,179,-1,179,194,195,-1,179,195,180,-1,196,197,198,-1,198,197,199,-1,200,201,202,-1,202,201,203,-1,202,203,198,-1,198,203,204,-1,198,204,196,-1,200,205,206,-1,188,207,189,-1,189,207,208,-1,189,208,209,-1,209,208,198,-1,209,198,210,-1,210,198,199,-1,206,211,200,-1,200,211,212,-1,200,212,201,-1,186,213,119,-1,119,213,214,-1,119,214,178,-1,178,214,215,-1,178,215,190,-1,216,217,218,-1,218,217,219,-1,218,219,119,-1,119,219,220,-1,119,220,183,-1,221,222,218,-1,218,222,223,-1,218,223,224,-1,224,225,218,-1,218,225,226,-1,218,226,227,-1,227,228,218,-1,218,228,229,-1,218,229,216,-1,230,231,232,-1,232,231,233,-1,234,235,236,-1,236,235,237,-1,238,236,237,-1,239,231,238,-1,238,231,230,-1,240,241,242,-1,243,244,245,-1,245,244,246,-1,243,247,244,-1,244,247,248,-1,244,248,249,-1,250,251,252,-1,252,251,253,-1,254,255,241,-1,241,255,256,-1,241,256,242,-1,246,244,241,-1,241,244,257,-1,241,257,254,-1,258,242,259,-1,259,242,260,-1,258,261,242,-1,242,261,262,-1,242,262,240,-1,238,237,239,-1,239,237,263,-1,239,263,264,-1,249,265,244,-1,244,265,266,-1,244,266,267,-1,266,268,267,-1,267,268,269,-1,267,269,270,-1,270,269,271,-1,270,271,237,-1,237,271,272,-1,237,272,263,-1,264,273,239,-1,239,273,274,-1,239,274,251,-1,251,274,275,-1,251,275,253,-1,276,277,278,-1,250,279,251,-1,251,279,280,-1,251,280,278,-1,278,280,281,-1,278,281,276,-1,277,282,278,-1,278,282,283,-1,278,283,284,-1,284,285,278,-1,278,285,286,-1,278,286,287,-1,287,288,278,-1,278,288,289,-1,278,289,290,-1,232,233,291,-1,291,233,292,-1,291,292,234,-1,234,292,235,-1,293,294,295,-1,295,294,296,-1,297,298,299,-1,299,298,300,-1,301,302,303,-1,296,304,295,-1,295,304,305,-1,295,305,306,-1,306,305,307,-1,306,307,308,-1,308,307,309,-1,308,309,310,-1,311,312,313,-1,313,312,314,-1,313,314,309,-1,309,314,315,-1,309,315,310,-1,301,316,313,-1,313,316,317,-1,313,317,311,-1,303,318,301,-1,301,318,319,-1,301,319,316,-1,235,320,321,-1,321,320,322,-1,321,322,293,-1,293,322,323,-1,293,323,294,-1,300,324,299,-1,299,324,325,-1,299,325,292,-1,292,325,326,-1,326,327,292,-1,292,327,328,-1,292,328,235,-1,235,328,329,-1,235,329,320,-1,330,331,332,-1,332,331,333,-1,332,333,299,-1,299,333,334,-1,299,334,297,-1,335,336,332,-1,332,336,337,-1,332,337,338,-1,338,339,332,-1,332,339,340,-1,332,340,341,-1,341,342,332,-1,332,342,343,-1,332,343,330,-1,344,345,346,-1,346,345,347,-1,348,349,350,-1,350,349,351,-1,345,344,352,-1,353,354,355,-1,350,351,352,-1,352,351,356,-1,352,356,345,-1,357,358,359,-1,359,358,360,-1,357,361,358,-1,358,361,362,-1,358,362,363,-1,364,365,345,-1,345,365,366,-1,345,366,367,-1,368,369,354,-1,354,369,370,-1,354,370,355,-1,371,372,373,-1,360,358,354,-1,354,358,374,-1,354,374,368,-1,375,355,376,-1,376,355,377,-1,375,378,355,-1,355,378,379,-1,355,379,353,-1,373,380,371,-1,371,380,381,-1,371,381,356,-1,356,381,382,-1,363,383,358,-1,358,383,384,-1,358,384,372,-1,372,384,385,-1,372,385,373,-1,386,387,388,-1,367,389,345,-1,345,389,390,-1,345,390,388,-1,388,390,391,-1,388,391,386,-1,382,392,356,-1,356,392,393,-1,356,393,345,-1,345,393,394,-1,345,394,364,-1,387,395,388,-1,388,395,396,-1,388,396,397,-1,397,398,388,-1,388,398,399,-1,388,399,400,-1,400,401,388,-1,388,401,402,-1,388,402,403,-1,349,348,404,-1,346,347,404,-1,404,347,405,-1,404,405,349,-1,406,407,408,-1,408,407,409,-1,410,411,412,-1,413,414,347,-1,347,414,415,-1,347,415,416,-1,417,418,419,-1,405,420,421,-1,409,422,408,-1,408,422,423,-1,408,423,424,-1,424,423,425,-1,424,425,426,-1,426,425,427,-1,426,427,428,-1,411,429,412,-1,412,429,430,-1,412,430,427,-1,427,430,431,-1,427,431,428,-1,419,432,417,-1,417,432,433,-1,417,433,412,-1,412,433,434,-1,412,434,410,-1,405,421,435,-1,421,436,435,-1,435,436,437,-1,435,437,406,-1,406,437,438,-1,406,438,407,-1,416,439,347,-1,347,439,440,-1,347,440,405,-1,405,440,441,-1,405,441,420,-1,442,443,444,-1,444,443,445,-1,444,445,347,-1,347,445,446,-1,347,446,413,-1,447,448,444,-1,444,448,449,-1,444,449,450,-1,450,451,444,-1,444,451,452,-1,444,452,453,-1,453,454,444,-1,444,454,455,-1,444,455,442,-1,
        ]
    }
}
Shape{
    appearance Appearance {
        material  Material 	{
            diffuseColor 0.6784313725490196 0.6784313725490196 0.6784313725490196
            specularColor 0.047058823529411764 0.047058823529411764 0.047058823529411764
            ambientIntensity 0.9686
            transparency 0.0
            shininess 0.5
        }
    }
    geometry IndexedFaceSet {
        ccw TRUE
        solid FALSE
        coord DEF co Coordinate {
            point [
                -2.2244 -0.4085 0.1752, -2.2244 -0.2677 0.1752, -2.3031 -0.4085 0.1752, -2.3031 -0.2677 0.1752, -2.3031 -0.5906 0.0787, -2.3031 -0.5906 0.0, -2.2244 -0.5906 0.0787, -2.2244 -0.5906 0.0
            ]
        }
        coordIndex [
            0,1,2,-1,2,1,3,-1,4,5,6,-1,6,5,7,-1,
        ]
    }
}
Shape{
    appearance Appearance {
        material  Material 	{
            diffuseColor 0.8313725490196079 0.8313725490196079 0.8196078431372549
            specularColor 0.6666666666666666 0.6666666666666666 0.6549019607843137
            ambientIntensity 0.83
            transparency 0.0
            shininess 0.5
        }
    }
    geometry IndexedFaceSet {
        ccw TRUE
        solid FALSE
        coord DEF co Coordinate {
            point [
                -2.2244 -0.2677 0.1752, -2.2244 -0.4085 0.1752, -2.2244 -0.4085 0.0787, -2.2244 -0.5906 0.0787, -2.2244 -0.5906 0.0, -2.2244 0.2756 0.0, -2.2244 0.1865 1.1565, -2.2244 0.1801 1.1643, -2.2244 0.1191 1.1553, -2.2244 0.0669 1.065, -2.2244 0.1798 1.0722, -2.2244 0.1916 1.1273, -2.2244 0.2756 0.1791, -2.2244 0.2756 0.376, -2.2244 0.1403 0.3943, -2.2244 0.1246 0.3563, -2.2244 0.0995 0.3237, -2.2244 0.0669 0.2987, -2.2244 -0.1109 0.2802, -2.2244 -0.1299 0.2881, -2.2244 -0.1462 0.3006, -2.2244 -0.1587 0.3169, -2.2244 0.1925 1.1374, -2.2244 0.1907 1.1473, -2.2244 0.1719 1.1702, -2.2244 0.1332 1.1695, -2.2244 0.1252 1.1633, -2.2244 0.1625 1.1738, -2.2244 0.1525 1.1749, -2.2244 0.1425 1.1735, -2.2244 0.126 1.065, -2.2244 0.1304 1.0645, -2.2244 0.1345 1.063, -2.2244 0.1437 1.0538, -2.2244 0.1452 1.0497, -2.2244 0.1457 1.0453, -2.2244 0.1457 0.435, -2.2244 0.0289 0.2829, -2.2244 -0.0118 0.2776, -2.2244 -0.0906 0.2776, -2.2244 -0.171 1.0186, -2.2244 -0.1759 1.0305, -2.2244 -0.2677 1.0059, -2.2244 0.1383 1.0607, -2.2244 0.1414 1.0575, -2.2244 -0.1666 0.3359, -2.2244 -0.1693 0.3563, -2.2244 -0.1693 1.0059, -2.2244 -0.1837 1.0407, -2.2244 -0.1939 1.0485, -2.2244 -0.2058 1.0534, -2.2244 -0.2185 1.0551, -2.2244 -0.2312 1.0534, -2.2244 -0.2431 1.0485, -2.2244 -0.2533 1.0407, -2.2244 -0.2611 1.0305, -2.2244 -0.266 1.0186, -2.3031 -0.5906 0.0, -2.3031 -0.5906 0.0787, -2.3031 -0.4085 0.0787, -2.3031 -0.4085 0.1752, -2.3031 -0.2677 0.1752, -2.3031 0.2756 0.0, -2.3031 0.2756 0.376, -2.3031 0.1457 0.435, -2.3031 0.1798 1.0722, -2.3031 0.1457 1.0453, -2.3031 -0.1666 0.3359, -2.3031 -0.1587 0.3169, -2.3031 -0.1462 0.3006, -2.3031 -0.1299 0.2881, -2.3031 0.1452 1.0497, -2.3031 0.1437 1.0538, -2.3031 0.1916 1.1273, -2.3031 0.0289 0.2829, -2.3031 0.0669 0.2987, -2.3031 0.2756 0.1791, -2.3031 0.1719 1.1702, -2.3031 0.1801 1.1643, -2.3031 0.1345 1.063, -2.3031 0.1865 1.1565, -2.3031 0.126 1.065, -2.3031 0.1425 1.1735, -2.3031 0.1304 1.0645, -2.3031 0.1525 1.1749, -2.3031 0.1625 1.1738, -2.3031 0.0669 1.065, -2.3031 0.1191 1.1553, -2.3031 0.0995 0.3237, -2.3031 0.1246 0.3563, -2.3031 0.1403 0.3943, -2.3031 0.1414 1.0575, -2.3031 0.1383 1.0607, -2.3031 0.1925 1.1374, -2.3031 0.1907 1.1473, -2.3031 0.1252 1.1633, -2.3031 0.1332 1.1695, -2.3031 -0.1759 1.0305, -2.3031 -0.171 1.0186, -2.3031 -0.2677 1.0059, -2.3031 -0.1693 1.0059, -2.3031 -0.1693 0.3563, -2.3031 -0.1109 0.2802, -2.3031 -0.0906 0.2776, -2.3031 -0.0118 0.2776, -2.3031 -0.266 1.0186, -2.3031 -0.2611 1.0305, -2.3031 -0.2533 1.0407, -2.3031 -0.2431 1.0485, -2.3031 -0.2312 1.0534, -2.3031 -0.2185 1.0551, -2.3031 -0.2058 1.0534, -2.3031 -0.1939 1.0485, -2.3031 -0.1837 1.0407, -2.0276 0.5906 0.0787, -2.0276 0.5906 0.0, -2.1063 0.5906 0.0787, -2.1063 0.5906 0.0, -2.1063 0.4085 0.1752, -2.1063 0.2756 0.1752, -2.0276 0.4085 0.1752, -2.0276 0.2756 0.1752, -2.0276 0.4085 0.0787, -2.0276 -0.1299 0.2881, -2.0276 -0.1462 0.3006, -2.0276 -0.2677 0.1181, -2.0276 -0.1587 0.3169, -2.0276 0.0669 1.065, -2.0276 0.1798 1.0722, -2.0276 0.1191 1.1553, -2.0276 0.1916 1.1273, -2.0276 0.1925 1.1374, -2.0276 0.0669 0.2987, -2.0276 0.0289 0.2829, -2.0276 -0.0315 0.0, -2.0276 0.0995 0.3237, -2.0276 0.1246 0.3563, -2.0276 0.2756 0.1791, -2.0276 0.1403 0.3943, -2.0276 0.2756 0.376, -2.0276 0.1907 1.1473, -2.0276 0.1865 1.1565, -2.0276 0.1801 1.1643, -2.0276 0.1525 1.1749, -2.0276 0.1425 1.1735, -2.0276 0.1332 1.1695, -2.0276 0.1252 1.1633, -2.0276 0.1719 1.1702, -2.0276 0.1625 1.1738, -2.0276 0.126 1.065, -2.0276 0.1304 1.0645, -2.0276 0.1345 1.063, -2.0276 0.1437 1.0538, -2.0276 0.1452 1.0497, -2.0276 0.1457 1.0453, -2.0276 0.1457 0.435, -2.0276 -0.0118 0.2776, -2.0276 -0.0906 0.2776, -2.0276 -0.1109 0.2802, -2.0276 -0.171 1.0186, -2.0276 -0.1759 1.0305, -2.0276 -0.2677 1.0059, -2.0276 0.1383 1.0607, -2.0276 0.1414 1.0575, -2.0276 -0.1666 0.3359, -2.0276 -0.1693 0.3563, -2.0276 -0.1693 1.0059, -2.0276 -0.1837 1.0407, -2.0276 -0.1939 1.0485, -2.0276 -0.2058 1.0534, -2.0276 -0.2185 1.0551, -2.0276 -0.2312 1.0534, -2.0276 -0.2431 1.0485, -2.0276 -0.2533 1.0407, -2.0276 -0.2611 1.0305, -2.0276 -0.266 1.0186, -2.1063 -0.1587 0.3169, -2.1063 -0.1462 0.3006, -2.1063 -0.2677 0.1181, -2.1063 0.4085 0.0787, -2.1063 -0.0315 0.0, -2.1063 0.2756 0.376, -2.1063 0.1457 0.435, -2.1063 0.1798 1.0722, -2.1063 0.1457 1.0453, -2.1063 -0.1666 0.3359, -2.1063 0.1452 1.0497, -2.1063 0.1437 1.0538, -2.1063 0.1916 1.1273, -2.1063 0.1719 1.1702, -2.1063 0.1801 1.1643, -2.1063 0.1345 1.063, -2.1063 0.1865 1.1565, -2.1063 0.126 1.065, -2.1063 0.1425 1.1735, -2.1063 0.1304 1.0645, -2.1063 0.1525 1.1749, -2.1063 0.1625 1.1738, -2.1063 0.0669 1.065, -2.1063 0.1191 1.1553, -2.1063 0.0995 0.3237, -2.1063 0.2756 0.1791, -2.1063 0.1246 0.3563, -2.1063 0.1403 0.3943, -2.1063 0.1414 1.0575, -2.1063 0.1383 1.0607, -2.1063 0.1925 1.1374, -2.1063 0.1907 1.1473, -2.1063 0.1252 1.1633, -2.1063 0.1332 1.1695, -2.1063 -0.1299 0.2881, -2.1063 -0.1109 0.2802, -2.1063 -0.0906 0.2776, -2.1063 -0.0118 0.2776, -2.1063 0.0289 0.2829, -2.1063 0.0669 0.2987, -2.1063 -0.1759 1.0305, -2.1063 -0.171 1.0186, -2.1063 -0.2677 1.0059, -2.1063 -0.1693 1.0059, -2.1063 -0.1693 0.3563, -2.1063 -0.266 1.0186, -2.1063 -0.2611 1.0305, -2.1063 -0.2533 1.0407, -2.1063 -0.2431 1.0485, -2.1063 -0.2312 1.0534, -2.1063 -0.2185 1.0551, -2.1063 -0.2058 1.0534, -2.1063 -0.1939 1.0485, -2.1063 -0.1837 1.0407
            ]
        }
        coordIndex [
            0,1,2,-1,3,4,2,-1,2,4,5,-1,2,5,0,-1,6,7,8,-1,9,10,8,-1,8,10,11,-1,12,13,14,-1,14,15,12,-1,12,15,16,-1,12,16,5,-1,5,16,17,-1,18,19,0,-1,0,19,20,-1,0,20,21,-1,11,22,8,-1,8,22,23,-1,8,23,6,-1,24,25,7,-1,7,25,26,-1,7,26,8,-1,24,27,25,-1,25,27,28,-1,25,28,29,-1,9,30,10,-1,10,30,31,-1,10,31,32,-1,33,34,10,-1,10,34,35,-1,10,35,13,-1,13,35,36,-1,13,36,14,-1,17,37,5,-1,5,37,38,-1,5,38,0,-1,0,38,39,-1,0,39,18,-1,40,41,42,-1,32,43,10,-1,10,43,44,-1,10,44,33,-1,21,45,0,-1,0,45,46,-1,0,46,42,-1,42,46,47,-1,42,47,40,-1,41,48,42,-1,42,48,49,-1,42,49,50,-1,50,51,42,-1,42,51,52,-1,42,52,53,-1,53,54,42,-1,42,54,55,-1,42,55,56,-1,57,58,59,-1,60,61,59,-1,59,61,62,-1,59,62,57,-1,63,64,65,-1,65,64,66,-1,67,68,61,-1,61,68,69,-1,61,69,70,-1,66,71,65,-1,65,71,72,-1,65,72,73,-1,74,75,62,-1,62,75,76,-1,77,78,79,-1,79,78,80,-1,81,82,83,-1,83,82,84,-1,83,84,79,-1,79,84,85,-1,79,85,77,-1,81,86,87,-1,75,88,76,-1,76,88,89,-1,76,89,63,-1,63,89,90,-1,63,90,64,-1,72,91,73,-1,73,91,92,-1,73,92,93,-1,93,92,79,-1,93,79,94,-1,94,79,80,-1,87,95,81,-1,81,95,96,-1,81,96,82,-1,97,98,99,-1,99,98,100,-1,99,100,61,-1,61,100,101,-1,61,101,67,-1,70,102,61,-1,61,102,103,-1,61,103,62,-1,62,103,104,-1,62,104,74,-1,105,106,99,-1,99,106,107,-1,99,107,108,-1,108,109,99,-1,99,109,110,-1,99,110,111,-1,111,112,99,-1,99,112,113,-1,99,113,97,-1,114,115,116,-1,116,115,117,-1,118,119,120,-1,120,119,121,-1,122,120,121,-1,123,124,125,-1,125,124,126,-1,127,128,129,-1,129,128,130,-1,129,130,131,-1,132,133,134,-1,135,121,136,-1,136,121,137,-1,136,137,138,-1,138,137,139,-1,131,140,129,-1,129,140,141,-1,129,141,142,-1,143,144,129,-1,129,144,145,-1,129,145,146,-1,135,132,121,-1,121,132,134,-1,121,134,122,-1,122,134,115,-1,122,115,114,-1,142,147,129,-1,129,147,148,-1,129,148,143,-1,127,149,128,-1,128,149,150,-1,128,150,151,-1,152,153,128,-1,128,153,154,-1,128,154,139,-1,139,154,155,-1,139,155,138,-1,133,156,134,-1,134,156,157,-1,134,157,125,-1,125,157,158,-1,125,158,123,-1,159,160,161,-1,151,162,128,-1,128,162,163,-1,128,163,152,-1,126,164,125,-1,125,164,165,-1,125,165,161,-1,161,165,166,-1,161,166,159,-1,160,167,161,-1,161,167,168,-1,161,168,169,-1,169,170,161,-1,161,170,171,-1,161,171,172,-1,172,173,161,-1,161,173,174,-1,161,174,175,-1,176,177,178,-1,116,117,179,-1,179,117,180,-1,179,180,118,-1,118,180,119,-1,181,182,183,-1,183,182,184,-1,176,178,185,-1,184,186,183,-1,183,186,187,-1,183,187,188,-1,189,190,191,-1,191,190,192,-1,193,194,195,-1,195,194,196,-1,195,196,191,-1,191,196,197,-1,191,197,189,-1,193,198,199,-1,119,200,201,-1,201,200,202,-1,201,202,181,-1,181,202,203,-1,181,203,182,-1,187,204,188,-1,188,204,205,-1,188,205,206,-1,206,205,191,-1,206,191,207,-1,207,191,192,-1,199,208,193,-1,193,208,209,-1,193,209,194,-1,177,210,178,-1,178,210,211,-1,178,211,180,-1,180,211,212,-1,212,213,180,-1,180,213,214,-1,180,214,119,-1,119,214,215,-1,119,215,200,-1,216,217,218,-1,218,217,219,-1,218,219,178,-1,178,219,220,-1,178,220,185,-1,221,222,218,-1,218,222,223,-1,218,223,224,-1,224,225,218,-1,218,225,226,-1,218,226,227,-1,227,228,218,-1,218,228,229,-1,218,229,216,-1,
        ]
    }
}
Shape{
    appearance Appearance {
        material  Material 	{
            diffuseColor 0.6784313725490196 0.6784313725490196 0.6784313725490196
            specularColor 0.047058823529411764 0.047058823529411764 0.047058823529411764
            ambientIntensity 0.9686
            transparency 0.0
            shininess 0.5
        }
    }
    geometry IndexedFaceSet {
        ccw TRUE
        solid FALSE
        coord DEF co Coordinate {
            point [
                -1.8307 -0.4085 0.1752, -1.8307 -0.2677 0.1752, -1.9094 -0.4085 0.1752, -1.9094 -0.2677 0.1752, -1.9094 -0.5906 0.0787, -1.9094 -0.5906 0.0, -1.8307 -0.5906 0.0787, -1.8307 -0.5906 0.0
            ]
        }
        coordIndex [
            0,1,2,-1,2,1,3,-1,4,5,6,-1,6,5,7,-1,
        ]
    }
}
Shape{
    appearance Appearance {
        material  Material 	{
            diffuseColor 0.8313725490196079 0.8313725490196079 0.8196078431372549
            specularColor 0.6666666666666666 0.6666666666666666 0.6549019607843137
            ambientIntensity 0.83
            transparency 0.0
            shininess 0.5
        }
    }
    geometry IndexedFaceSet {
        ccw TRUE
        solid FALSE
        coord DEF co Coordinate {
            point [
                -1.8307 -0.2677 0.1752, -1.8307 -0.4085 0.1752, -1.8307 -0.4085 0.0787, -1.8307 -0.5906 0.0787, -1.8307 -0.5906 0.0, -1.8307 0.2756 0.0, -1.8307 0.0669 1.065, -1.8307 0.1798 1.0722, -1.8307 0.1191 1.1553, -1.8307 0.1916 1.1273, -1.8307 0.1925 1.1374, -1.8307 0.1425 1.1735, -1.8307 0.1332 1.1695, -1.8307 0.1865 1.1565, -1.8307 0.1801 1.1643, -1.8307 0.1719 1.1702, -1.8307 0.1625 1.1738, -1.8307 0.1907 1.1473, -1.8307 0.1252 1.1633, -1.8307 0.0669 0.2987, -1.8307 0.0995 0.3237, -1.8307 0.2756 0.1791, -1.8307 -0.1109 0.2802, -1.8307 -0.1299 0.2881, -1.8307 -0.1462 0.3006, -1.8307 -0.1587 0.3169, -1.8307 0.126 1.065, -1.8307 0.1304 1.0645, -1.8307 0.1345 1.063, -1.8307 0.1437 1.0538, -1.8307 0.1452 1.0497, -1.8307 0.1457 1.0453, -1.8307 0.2756 0.376, -1.8307 0.1457 0.435, -1.8307 0.1403 0.3943, -1.8307 0.1246 0.3563, -1.8307 0.1525 1.1749, -1.8307 0.1383 1.0607, -1.8307 0.1414 1.0575, -1.8307 -0.171 1.0186, -1.8307 -0.1759 1.0305, -1.8307 -0.2677 1.0059, -1.8307 0.0289 0.2829, -1.8307 -0.0118 0.2776, -1.8307 -0.0906 0.2776, -1.8307 -0.1666 0.3359, -1.8307 -0.1693 0.3563, -1.8307 -0.1693 1.0059, -1.8307 -0.1837 1.0407, -1.8307 -0.1939 1.0485, -1.8307 -0.2058 1.0534, -1.8307 -0.2185 1.0551, -1.8307 -0.2312 1.0534, -1.8307 -0.2431 1.0485, -1.8307 -0.2533 1.0407, -1.8307 -0.2611 1.0305, -1.8307 -0.266 1.0186, -1.9094 -0.5906 0.0, -1.9094 -0.5906 0.0787, -1.9094 -0.4085 0.0787, -1.9094 -0.4085 0.1752, -1.9094 -0.2677 0.1752, -1.9094 0.2756 0.0, -1.9094 0.2756 0.376, -1.9094 0.1457 0.435, -1.9094 0.1798 1.0722, -1.9094 0.1457 1.0453, -1.9094 -0.1666 0.3359, -1.9094 -0.1587 0.3169, -1.9094 -0.1462 0.3006, -1.9094 -0.1299 0.2881, -1.9094 0.0289 0.2829, -1.9094 0.0669 0.2987, -1.9094 0.1452 1.0497, -1.9094 0.1437 1.0538, -1.9094 0.1916 1.1273, -1.9094 0.2756 0.1791, -1.9094 0.0995 0.3237, -1.9094 0.1246 0.3563, -1.9094 0.1403 0.3943, -1.9094 0.1719 1.1702, -1.9094 0.1801 1.1643, -1.9094 0.1345 1.063, -1.9094 0.1865 1.1565, -1.9094 0.126 1.065, -1.9094 0.1425 1.1735, -1.9094 0.1304 1.0645, -1.9094 0.1525 1.1749, -1.9094 0.1625 1.1738, -1.9094 0.0669 1.065, -1.9094 0.1191 1.1553, -1.9094 0.1414 1.0575, -1.9094 0.1383 1.0607, -1.9094 0.1925 1.1374, -1.9094 0.1907 1.1473, -1.9094 0.1252 1.1633, -1.9094 0.1332 1.1695, -1.9094 -0.1109 0.2802, -1.9094 -0.0906 0.2776, -1.9094 -0.0118 0.2776, -1.9094 -0.1759 1.0305, -1.9094 -0.171 1.0186, -1.9094 -0.2677 1.0059, -1.9094 -0.1693 1.0059, -1.9094 -0.1693 0.3563, -1.9094 -0.266 1.0186, -1.9094 -0.2611 1.0305, -1.9094 -0.2533 1.0407, -1.9094 -0.2431 1.0485, -1.9094 -0.2312 1.0534, -1.9094 -0.2185 1.0551, -1.9094 -0.2058 1.0534, -1.9094 -0.1939 1.0485, -1.9094 -0.1837 1.0407, -1.6339 0.5906 0.0787, -1.6339 0.5906 0.0, -1.7126 0.5906 0.0787, -1.7126 0.5906 0.0, -1.7126 0.4085 0.1752, -1.7126 0.2756 0.1752, -1.6339 0.4085 0.1752, -1.6339 0.2756 0.1752, -1.6339 0.4085 0.0787, -1.6339 -0.0315 0.0, -1.6339 -0.1299 0.2881, -1.6339 -0.1462 0.3006, -1.6339 -0.2677 0.1181, -1.6339 -0.1587 0.3169, -1.6339 0.0669 1.065, -1.6339 0.1798 1.0722, -1.6339 0.1191 1.1553, -1.6339 0.1916 1.1273, -1.6339 0.1925 1.1374, -1.6339 0.1907 1.1473, -1.6339 0.1865 1.1565, -1.6339 0.1801 1.1643, -1.6339 0.1525 1.1749, -1.6339 0.1425 1.1735, -1.6339 0.1332 1.1695, -1.6339 0.1252 1.1633, -1.6339 0.126 1.065, -1.6339 0.1304 1.0645, -1.6339 0.1345 1.063, -1.6339 0.1437 1.0538, -1.6339 0.1452 1.0497, -1.6339 0.1457 1.0453, -1.6339 0.2756 0.376, -1.6339 0.1457 0.435, -1.6339 0.1403 0.3943, -1.6339 0.2756 0.1791, -1.6339 0.1246 0.3563, -1.6339 0.1719 1.1702, -1.6339 0.1625 1.1738, -1.6339 0.1383 1.0607, -1.6339 0.1414 1.0575, -1.6339 0.0995 0.3237, -1.6339 0.0669 0.2987, -1.6339 0.0289 0.2829, -1.6339 -0.171 1.0186, -1.6339 -0.1759 1.0305, -1.6339 -0.2677 1.0059, -1.6339 -0.1666 0.3359, -1.6339 -0.1693 0.3563, -1.6339 -0.1693 1.0059, -1.6339 -0.0118 0.2776, -1.6339 -0.0906 0.2776, -1.6339 -0.1109 0.2802, -1.6339 -0.1837 1.0407, -1.6339 -0.1939 1.0485, -1.6339 -0.2058 1.0534, -1.6339 -0.2185 1.0551, -1.6339 -0.2312 1.0534, -1.6339 -0.2431 1.0485, -1.6339 -0.2533 1.0407, -1.6339 -0.2611 1.0305, -1.6339 -0.266 1.0186, -1.7126 -0.1587 0.3169, -1.7126 -0.1462 0.3006, -1.7126 -0.2677 0.1181, -1.7126 0.4085 0.0787, -1.7126 -0.0315 0.0, -1.7126 0.2756 0.376, -1.7126 0.1457 0.435, -1.7126 0.1798 1.0722, -1.7126 0.1457 1.0453, -1.7126 -0.1666 0.3359, -1.7126 -0.0118 0.2776, -1.7126 0.0289 0.2829, -1.7126 0.1452 1.0497, -1.7126 0.1437 1.0538, -1.7126 0.1916 1.1273, -1.7126 0.126 1.065, -1.7126 0.0669 1.065, -1.7126 0.1191 1.1553, -1.7126 0.0669 0.2987, -1.7126 0.0995 0.3237, -1.7126 0.2756 0.1791, -1.7126 0.1246 0.3563, -1.7126 0.1403 0.3943, -1.7126 0.1425 1.1735, -1.7126 0.1304 1.0645, -1.7126 0.1525 1.1749, -1.7126 0.1345 1.063, -1.7126 0.1625 1.1738, -1.7126 0.1252 1.1633, -1.7126 0.1332 1.1695, -1.7126 0.1719 1.1702, -1.7126 0.1801 1.1643, -1.7126 0.1865 1.1565, -1.7126 -0.1299 0.2881, -1.7126 -0.1109 0.2802, -1.7126 -0.0906 0.2776, -1.7126 0.1414 1.0575, -1.7126 0.1383 1.0607, -1.7126 0.1925 1.1374, -1.7126 0.1907 1.1473, -1.7126 -0.1759 1.0305, -1.7126 -0.171 1.0186, -1.7126 -0.2677 1.0059, -1.7126 -0.1693 1.0059, -1.7126 -0.1693 0.3563, -1.7126 -0.266 1.0186, -1.7126 -0.2611 1.0305, -1.7126 -0.2533 1.0407, -1.7126 -0.2431 1.0485, -1.7126 -0.2312 1.0534, -1.7126 -0.2185 1.0551, -1.7126 -0.2058 1.0534, -1.7126 -0.1939 1.0485, -1.7126 -0.1837 1.0407
            ]
        }
        coordIndex [
            0,1,2,-1,3,4,2,-1,2,4,5,-1,2,5,0,-1,6,7,8,-1,8,7,9,-1,8,9,10,-1,11,12,13,-1,14,15,16,-1,10,17,8,-1,8,17,13,-1,8,13,18,-1,18,13,12,-1,19,5,20,-1,20,5,21,-1,22,23,0,-1,0,23,24,-1,0,24,25,-1,6,26,7,-1,7,26,27,-1,7,27,28,-1,29,30,7,-1,7,30,31,-1,7,31,32,-1,31,33,32,-1,32,33,34,-1,32,34,21,-1,21,34,35,-1,21,35,20,-1,14,16,13,-1,13,16,36,-1,13,36,11,-1,28,37,7,-1,7,37,38,-1,7,38,29,-1,39,40,41,-1,19,42,5,-1,5,42,43,-1,5,43,0,-1,0,43,44,-1,0,44,22,-1,25,45,0,-1,0,45,46,-1,0,46,41,-1,41,46,47,-1,41,47,39,-1,40,48,41,-1,41,48,49,-1,41,49,50,-1,50,51,41,-1,41,51,52,-1,41,52,53,-1,53,54,41,-1,41,54,55,-1,41,55,56,-1,57,58,59,-1,60,61,59,-1,59,61,62,-1,59,62,57,-1,63,64,65,-1,65,64,66,-1,67,68,61,-1,61,68,69,-1,61,69,70,-1,71,72,62,-1,66,73,65,-1,65,73,74,-1,65,74,75,-1,62,72,76,-1,72,77,76,-1,76,77,78,-1,76,78,63,-1,63,78,79,-1,63,79,64,-1,80,81,82,-1,82,81,83,-1,84,85,86,-1,86,85,87,-1,86,87,82,-1,82,87,88,-1,82,88,80,-1,84,89,90,-1,74,91,75,-1,75,91,92,-1,75,92,93,-1,93,92,82,-1,93,82,94,-1,94,82,83,-1,90,95,84,-1,84,95,96,-1,84,96,85,-1,70,97,61,-1,61,97,98,-1,61,98,62,-1,62,98,99,-1,62,99,71,-1,100,101,102,-1,102,101,103,-1,102,103,61,-1,61,103,104,-1,61,104,67,-1,105,106,102,-1,102,106,107,-1,102,107,108,-1,108,109,102,-1,102,109,110,-1,102,110,111,-1,111,112,102,-1,102,112,113,-1,102,113,100,-1,114,115,116,-1,116,115,117,-1,118,119,120,-1,120,119,121,-1,115,114,122,-1,120,121,122,-1,122,121,123,-1,122,123,115,-1,124,125,126,-1,126,125,127,-1,128,129,130,-1,130,129,131,-1,130,131,132,-1,132,133,130,-1,130,133,134,-1,130,134,135,-1,136,137,130,-1,130,137,138,-1,130,138,139,-1,128,140,129,-1,129,140,141,-1,129,141,142,-1,143,144,129,-1,129,144,145,-1,129,145,146,-1,145,147,146,-1,146,147,148,-1,146,148,149,-1,149,148,150,-1,149,150,121,-1,135,151,130,-1,130,151,152,-1,130,152,136,-1,142,153,129,-1,129,153,154,-1,129,154,143,-1,150,155,121,-1,121,155,156,-1,121,156,123,-1,123,156,157,-1,158,159,160,-1,127,161,126,-1,126,161,162,-1,126,162,160,-1,160,162,163,-1,160,163,158,-1,157,164,123,-1,123,164,165,-1,123,165,126,-1,126,165,166,-1,126,166,124,-1,159,167,160,-1,160,167,168,-1,160,168,169,-1,169,170,160,-1,160,170,171,-1,160,171,172,-1,172,173,160,-1,160,173,174,-1,160,174,175,-1,176,177,178,-1,116,117,179,-1,179,117,180,-1,181,182,183,-1,183,182,184,-1,176,178,185,-1,186,187,180,-1,184,188,183,-1,183,188,189,-1,183,189,190,-1,187,119,180,-1,180,119,118,-1,180,118,179,-1,191,192,193,-1,187,194,119,-1,119,194,195,-1,119,195,196,-1,196,195,197,-1,196,197,181,-1,181,197,198,-1,181,198,182,-1,191,199,200,-1,200,199,201,-1,200,201,202,-1,202,201,203,-1,193,204,191,-1,191,204,205,-1,191,205,199,-1,203,206,202,-1,202,206,207,-1,202,207,208,-1,177,209,178,-1,178,209,210,-1,178,210,180,-1,180,210,211,-1,180,211,186,-1,189,212,190,-1,190,212,213,-1,190,213,214,-1,214,213,202,-1,214,202,215,-1,215,202,208,-1,216,217,218,-1,218,217,219,-1,218,219,178,-1,178,219,220,-1,178,220,185,-1,221,222,218,-1,218,222,223,-1,218,223,224,-1,224,225,218,-1,218,225,226,-1,218,226,227,-1,227,228,218,-1,218,228,229,-1,218,229,216,-1,
        ]
    }
}
Shape{
    appearance Appearance {
        material  Material 	{
            diffuseColor 0.6784313725490196 0.6784313725490196 0.6784313725490196
            specularColor 0.047058823529411764 0.047058823529411764 0.047058823529411764
            ambientIntensity 0.9686
            transparency 0.0
            shininess 0.5
        }
    }
    geometry IndexedFaceSet {
        ccw TRUE
        solid FALSE
        coord DEF co Coordinate {
            point [
                -1.437 -0.4085 0.1752, -1.437 -0.2677 0.1752, -1.5157 -0.4085 0.1752, -1.5157 -0.2677 0.1752, -1.5157 -0.5906 0.0787, -1.5157 -0.5906 0.0, -1.437 -0.5906 0.0787, -1.437 -0.5906 0.0
            ]
        }
        coordIndex [
            0,1,2,-1,2,1,3,-1,4,5,6,-1,6,5,7,-1,
        ]
    }
}
Shape{
    appearance Appearance {
        material  Material 	{
            diffuseColor 0.8313725490196079 0.8313725490196079 0.8196078431372549
            specularColor 0.6666666666666666 0.6666666666666666 0.6549019607843137
            ambientIntensity 0.83
            transparency 0.0
            shininess 0.5
        }
    }
    geometry IndexedFaceSet {
        ccw TRUE
        solid FALSE
        coord DEF co Coordinate {
            point [
                -1.437 -0.2677 0.1752, -1.437 -0.4085 0.1752, -1.437 -0.4085 0.0787, -1.437 -0.5906 0.0787, -1.437 -0.5906 0.0, -1.437 0.2756 0.0, -1.437 -0.1109 0.2802, -1.437 -0.1299 0.2881, -1.437 -0.1462 0.3006, -1.437 -0.1587 0.3169, -1.437 0.0669 1.065, -1.437 0.1798 1.0722, -1.437 0.1191 1.1553, -1.437 0.1916 1.1273, -1.437 0.1925 1.1374, -1.437 0.2756 0.1791, -1.437 0.2756 0.376, -1.437 0.1403 0.3943, -1.437 0.1907 1.1473, -1.437 0.1865 1.1565, -1.437 0.1801 1.1643, -1.437 0.1719 1.1702, -1.437 0.1625 1.1738, -1.437 0.1525 1.1749, -1.437 0.126 1.065, -1.437 0.1304 1.0645, -1.437 0.1345 1.063, -1.437 0.1437 1.0538, -1.437 0.1452 1.0497, -1.437 0.1457 1.0453, -1.437 0.1457 0.435, -1.437 0.1246 0.3563, -1.437 0.0995 0.3237, -1.437 0.0669 0.2987, -1.437 0.1425 1.1735, -1.437 0.1332 1.1695, -1.437 0.1252 1.1633, -1.437 0.1383 1.0607, -1.437 0.1414 1.0575, -1.437 -0.171 1.0186, -1.437 -0.1759 1.0305, -1.437 -0.2677 1.0059, -1.437 0.0289 0.2829, -1.437 -0.0118 0.2776, -1.437 -0.0906 0.2776, -1.437 -0.1666 0.3359, -1.437 -0.1693 0.3563, -1.437 -0.1693 1.0059, -1.437 -0.1837 1.0407, -1.437 -0.1939 1.0485, -1.437 -0.2058 1.0534, -1.437 -0.2185 1.0551, -1.437 -0.2312 1.0534, -1.437 -0.2431 1.0485, -1.437 -0.2533 1.0407, -1.437 -0.2611 1.0305, -1.437 -0.266 1.0186, -1.5157 -0.5906 0.0, -1.5157 -0.5906 0.0787, -1.5157 -0.4085 0.0787, -1.5157 -0.4085 0.1752, -1.5157 -0.2677 0.1752, -1.5157 0.2756 0.0, -1.5157 0.2756 0.376, -1.5157 0.1457 0.435, -1.5157 0.1798 1.0722, -1.5157 0.1457 1.0453, -1.5157 0.0289 0.2829, -1.5157 0.0669 0.2987, -1.5157 -0.1666 0.3359, -1.5157 -0.1587 0.3169, -1.5157 -0.1462 0.3006, -1.5157 -0.1299 0.2881, -1.5157 0.2756 0.1791, -1.5157 0.1452 1.0497, -1.5157 0.1437 1.0538, -1.5157 0.1916 1.1273, -1.5157 0.126 1.065, -1.5157 0.0669 1.065, -1.5157 0.1191 1.1553, -1.5157 0.1425 1.1735, -1.5157 0.1304 1.0645, -1.5157 0.1525 1.1749, -1.5157 0.1345 1.063, -1.5157 0.1625 1.1738, -1.5157 0.1252 1.1633, -1.5157 0.1332 1.1695, -1.5157 0.0995 0.3237, -1.5157 0.1246 0.3563, -1.5157 0.1403 0.3943, -1.5157 0.1719 1.1702, -1.5157 0.1801 1.1643, -1.5157 0.1865 1.1565, -1.5157 -0.1109 0.2802, -1.5157 -0.0906 0.2776, -1.5157 -0.0118 0.2776, -1.5157 0.1414 1.0575, -1.5157 0.1383 1.0607, -1.5157 0.1925 1.1374, -1.5157 0.1907 1.1473, -1.5157 -0.1759 1.0305, -1.5157 -0.171 1.0186, -1.5157 -0.2677 1.0059, -1.5157 -0.1693 1.0059, -1.5157 -0.1693 0.3563, -1.5157 -0.266 1.0186, -1.5157 -0.2611 1.0305, -1.5157 -0.2533 1.0407, -1.5157 -0.2431 1.0485, -1.5157 -0.2312 1.0534, -1.5157 -0.2185 1.0551, -1.5157 -0.2058 1.0534, -1.5157 -0.1939 1.0485, -1.5157 -0.1837 1.0407, -1.2402 0.5906 0.0787, -1.2402 0.5906 0.0, -1.3189 0.5906 0.0787, -1.3189 0.5906 0.0, -1.3189 0.4085 0.1752, -1.3189 0.2756 0.1752, -1.2402 0.4085 0.1752, -1.2402 0.2756 0.1752, -1.2402 0.4085 0.0787, -1.2402 0.126 1.065, -1.2402 0.1311 1.0643, -1.2402 0.1798 1.0722, -1.2402 0.1358 1.0623, -1.2402 0.1399 1.0592, -1.2402 0.143 1.0551, -1.2402 0.1191 1.1553, -1.2402 0.1916 1.1273, -1.2402 0.1925 1.1374, -1.2402 0.0669 1.065, -1.2402 0.0669 0.2987, -1.2402 0.0289 0.2829, -1.2402 -0.0315 0.0, -1.2402 -0.1587 0.3169, -1.2402 -0.2677 0.1181, -1.2402 -0.1462 0.3006, -1.2402 -0.1299 0.2881, -1.2402 0.1907 1.1473, -1.2402 0.1865 1.1565, -1.2402 0.1801 1.1643, -1.2402 0.1719 1.1702, -1.2402 0.1625 1.1738, -1.2402 0.1525 1.1749, -1.2402 0.0995 0.3237, -1.2402 0.1246 0.3563, -1.2402 0.2756 0.1791, -1.2402 0.1403 0.3943, -1.2402 0.2756 0.376, -1.2402 0.1425 1.1735, -1.2402 0.1332 1.1695, -1.2402 0.1252 1.1633, -1.2402 -0.0118 0.2776, -1.2402 -0.0906 0.2776, -1.2402 -0.1109 0.2802, -1.2402 0.145 1.0504, -1.2402 0.1457 1.0453, -1.2402 0.1457 0.435, -1.2402 -0.171 1.0186, -1.2402 -0.1759 1.0305, -1.2402 -0.2677 1.0059, -1.2402 -0.1666 0.3359, -1.2402 -0.1693 0.3563, -1.2402 -0.1693 1.0059, -1.2402 -0.1837 1.0407, -1.2402 -0.1939 1.0485, -1.2402 -0.2058 1.0534, -1.2402 -0.2185 1.0551, -1.2402 -0.2312 1.0534, -1.2402 -0.2431 1.0485, -1.2402 -0.2533 1.0407, -1.2402 -0.2611 1.0305, -1.2402 -0.266 1.0186, -1.3189 0.4085 0.0787, -1.3189 -0.0315 0.0, -1.3189 0.2756 0.376, -1.3189 0.1457 0.435, -1.3189 0.1798 1.0722, -1.3189 0.1457 1.0453, -1.3189 -0.1666 0.3359, -1.3189 -0.1587 0.3169, -1.3189 -0.2677 0.1181, -1.3189 -0.1462 0.3006, -1.3189 -0.0118 0.2776, -1.3189 0.0289 0.2829, -1.3189 0.145 1.0504, -1.3189 0.143 1.0551, -1.3189 0.1916 1.1273, -1.3189 0.1399 1.0592, -1.3189 0.1925 1.1374, -1.3189 0.1358 1.0623, -1.3189 0.1907 1.1473, -1.3189 0.1625 1.1738, -1.3189 0.1719 1.1702, -1.3189 0.1311 1.0643, -1.3189 0.1801 1.1643, -1.3189 0.1865 1.1565, -1.3189 0.126 1.065, -1.3189 0.0669 1.065, -1.3189 0.1191 1.1553, -1.3189 0.0669 0.2987, -1.3189 0.0995 0.3237, -1.3189 0.2756 0.1791, -1.3189 0.1246 0.3563, -1.3189 0.1403 0.3943, -1.3189 0.1425 1.1735, -1.3189 0.1525 1.1749, -1.3189 0.1252 1.1633, -1.3189 0.1332 1.1695, -1.3189 -0.1759 1.0305, -1.3189 -0.171 1.0186, -1.3189 -0.2677 1.0059, -1.3189 -0.1693 1.0059, -1.3189 -0.1693 0.3563, -1.3189 -0.1299 0.2881, -1.3189 -0.1109 0.2802, -1.3189 -0.0906 0.2776, -1.3189 -0.266 1.0186, -1.3189 -0.2611 1.0305, -1.3189 -0.2533 1.0407, -1.3189 -0.2431 1.0485, -1.3189 -0.2312 1.0534, -1.3189 -0.2185 1.0551, -1.3189 -0.2058 1.0534, -1.3189 -0.1939 1.0485, -1.3189 -0.1837 1.0407
            ]
        }
        coordIndex [
            0,1,2,-1,3,4,2,-1,2,4,5,-1,2,5,0,-1,6,7,0,-1,0,7,8,-1,0,8,9,-1,10,11,12,-1,12,11,13,-1,12,13,14,-1,15,16,17,-1,14,18,12,-1,12,18,19,-1,12,19,20,-1,20,21,12,-1,12,21,22,-1,12,22,23,-1,10,24,11,-1,11,24,25,-1,11,25,26,-1,27,28,11,-1,11,28,29,-1,11,29,16,-1,16,29,30,-1,16,30,17,-1,17,31,15,-1,15,31,32,-1,15,32,5,-1,5,32,33,-1,23,34,12,-1,12,34,35,-1,12,35,36,-1,26,37,11,-1,11,37,38,-1,11,38,27,-1,39,40,41,-1,33,42,5,-1,5,42,43,-1,5,43,0,-1,0,43,44,-1,0,44,6,-1,9,45,0,-1,0,45,46,-1,0,46,41,-1,41,46,47,-1,41,47,39,-1,40,48,41,-1,41,48,49,-1,41,49,50,-1,50,51,41,-1,41,51,52,-1,41,52,53,-1,53,54,41,-1,41,54,55,-1,41,55,56,-1,57,58,59,-1,60,61,59,-1,59,61,62,-1,59,62,57,-1,63,64,65,-1,65,64,66,-1,67,68,62,-1,69,70,61,-1,61,70,71,-1,61,71,72,-1,62,68,73,-1,66,74,65,-1,65,74,75,-1,65,75,76,-1,77,78,79,-1,77,80,81,-1,81,80,82,-1,81,82,83,-1,83,82,84,-1,79,85,77,-1,77,85,86,-1,77,86,80,-1,68,87,73,-1,73,87,88,-1,73,88,63,-1,63,88,89,-1,63,89,64,-1,84,90,83,-1,83,90,91,-1,83,91,92,-1,72,93,61,-1,61,93,94,-1,61,94,62,-1,62,94,95,-1,62,95,67,-1,75,96,76,-1,76,96,97,-1,76,97,98,-1,98,97,83,-1,98,83,99,-1,99,83,92,-1,100,101,102,-1,102,101,103,-1,102,103,61,-1,61,103,104,-1,61,104,69,-1,105,106,102,-1,102,106,107,-1,102,107,108,-1,108,109,102,-1,102,109,110,-1,102,110,111,-1,111,112,102,-1,102,112,113,-1,102,113,100,-1,114,115,116,-1,116,115,117,-1,118,119,120,-1,120,119,121,-1,122,120,121,-1,123,124,125,-1,124,126,125,-1,125,126,127,-1,125,127,128,-1,129,130,131,-1,130,129,125,-1,125,129,132,-1,125,132,123,-1,133,134,135,-1,136,137,138,-1,138,137,139,-1,131,140,129,-1,129,140,141,-1,129,141,142,-1,142,143,129,-1,129,143,144,-1,129,144,145,-1,146,121,147,-1,147,121,148,-1,147,148,149,-1,149,148,150,-1,146,133,121,-1,121,133,135,-1,121,135,122,-1,122,135,115,-1,122,115,114,-1,145,151,129,-1,129,151,152,-1,129,152,153,-1,134,154,135,-1,135,154,155,-1,135,155,137,-1,137,155,156,-1,137,156,139,-1,128,157,125,-1,125,157,158,-1,125,158,150,-1,150,158,159,-1,150,159,149,-1,160,161,162,-1,136,163,137,-1,137,163,164,-1,137,164,162,-1,162,164,165,-1,162,165,160,-1,161,166,162,-1,162,166,167,-1,162,167,168,-1,168,169,162,-1,162,169,170,-1,162,170,171,-1,171,172,162,-1,162,172,173,-1,162,173,174,-1,116,117,175,-1,175,117,176,-1,177,178,179,-1,179,178,180,-1,181,182,183,-1,183,182,184,-1,185,186,176,-1,180,187,179,-1,179,187,188,-1,179,188,189,-1,189,188,190,-1,189,190,191,-1,191,190,192,-1,191,192,193,-1,194,195,196,-1,196,195,197,-1,196,197,192,-1,192,197,198,-1,192,198,193,-1,199,200,201,-1,186,119,176,-1,176,119,118,-1,176,118,175,-1,186,202,119,-1,119,202,203,-1,119,203,204,-1,204,203,205,-1,204,205,177,-1,177,205,206,-1,177,206,178,-1,199,207,196,-1,196,207,208,-1,196,208,194,-1,201,209,199,-1,199,209,210,-1,199,210,207,-1,211,212,213,-1,213,212,214,-1,213,214,183,-1,183,214,215,-1,183,215,181,-1,184,216,183,-1,183,216,217,-1,183,217,176,-1,176,217,218,-1,176,218,185,-1,219,220,213,-1,213,220,221,-1,213,221,222,-1,222,223,213,-1,213,223,224,-1,213,224,225,-1,225,226,213,-1,213,226,227,-1,213,227,211,-1,
        ]
    }
}
Shape{
    appearance Appearance {
        material  Material 	{
            diffuseColor 0.6784313725490196 0.6784313725490196 0.6784313725490196
            specularColor 0.047058823529411764 0.047058823529411764 0.047058823529411764
            ambientIntensity 0.9686
            transparency 0.0
            shininess 0.5
        }
    }
    geometry IndexedFaceSet {
        ccw TRUE
        solid FALSE
        coord DEF co Coordinate {
            point [
                -1.0433 -0.4085 0.1752, -1.0433 -0.2677 0.1752, -1.122 -0.4085 0.1752, -1.122 -0.2677 0.1752, -1.122 -0.5906 0.0787, -1.122 -0.5906 0.0, -1.0433 -0.5906 0.0787, -1.0433 -0.5906 0.0
            ]
        }
        coordIndex [
            0,1,2,-1,2,1,3,-1,4,5,6,-1,6,5,7,-1,
        ]
    }
}
Shape{
    appearance Appearance {
        material  Material 	{
            diffuseColor 0.8313725490196079 0.8313725490196079 0.8196078431372549
            specularColor 0.6666666666666666 0.6666666666666666 0.6549019607843137
            ambientIntensity 0.83
            transparency 0.0
            shininess 0.5
        }
    }
    geometry IndexedFaceSet {
        ccw TRUE
        solid FALSE
        coord DEF co Coordinate {
            point [
                -1.0433 -0.2677 0.1752, -1.0433 -0.4085 0.1752, -1.0433 -0.4085 0.0787, -1.0433 -0.5906 0.0787, -1.0433 -0.5906 0.0, -1.0433 0.2756 0.0, -1.0433 0.126 1.065, -1.0433 0.1311 1.0643, -1.0433 0.1798 1.0722, -1.0433 0.1358 1.0623, -1.0433 0.1399 1.0592, -1.0433 0.143 1.0551, -1.0433 0.1191 1.1553, -1.0433 0.1916 1.1273, -1.0433 0.1925 1.1374, -1.0433 0.0669 1.065, -1.0433 -0.1109 0.2802, -1.0433 -0.1299 0.2881, -1.0433 -0.1462 0.3006, -1.0433 -0.1587 0.3169, -1.0433 0.2756 0.1791, -1.0433 0.2756 0.376, -1.0433 0.1403 0.3943, -1.0433 0.1907 1.1473, -1.0433 0.1865 1.1565, -1.0433 0.1801 1.1643, -1.0433 0.1719 1.1702, -1.0433 0.1625 1.1738, -1.0433 0.1525 1.1749, -1.0433 0.1425 1.1735, -1.0433 0.1332 1.1695, -1.0433 0.1252 1.1633, -1.0433 0.1246 0.3563, -1.0433 0.0995 0.3237, -1.0433 0.0669 0.2987, -1.0433 0.145 1.0504, -1.0433 0.1457 1.0453, -1.0433 0.1457 0.435, -1.0433 -0.171 1.0186, -1.0433 -0.1759 1.0305, -1.0433 -0.2677 1.0059, -1.0433 -0.1666 0.3359, -1.0433 -0.1693 0.3563, -1.0433 -0.1693 1.0059, -1.0433 0.0289 0.2829, -1.0433 -0.0118 0.2776, -1.0433 -0.0906 0.2776, -1.0433 -0.1837 1.0407, -1.0433 -0.1939 1.0485, -1.0433 -0.2058 1.0534, -1.0433 -0.2185 1.0551, -1.0433 -0.2312 1.0534, -1.0433 -0.2431 1.0485, -1.0433 -0.2533 1.0407, -1.0433 -0.2611 1.0305, -1.0433 -0.266 1.0186, -1.122 -0.5906 0.0, -1.122 -0.5906 0.0787, -1.122 -0.4085 0.0787, -1.122 -0.4085 0.1752, -1.122 -0.2677 0.1752, -1.122 0.2756 0.0, -1.122 0.2756 0.376, -1.122 0.1457 0.435, -1.122 0.1798 1.0722, -1.122 0.1457 1.0453, -1.122 -0.1666 0.3359, -1.122 -0.1587 0.3169, -1.122 -0.1462 0.3006, -1.122 -0.1299 0.2881, -1.122 0.1525 1.1749, -1.122 0.1625 1.1738, -1.122 0.1311 1.0643, -1.122 0.0289 0.2829, -1.122 0.0669 0.2987, -1.122 0.145 1.0504, -1.122 0.143 1.0551, -1.122 0.1916 1.1273, -1.122 0.1399 1.0592, -1.122 0.1925 1.1374, -1.122 0.1358 1.0623, -1.122 0.1907 1.1473, -1.122 0.126 1.065, -1.122 0.0669 1.065, -1.122 0.1191 1.1553, -1.122 0.2756 0.1791, -1.122 0.0995 0.3237, -1.122 0.1246 0.3563, -1.122 0.1403 0.3943, -1.122 0.1719 1.1702, -1.122 0.1801 1.1643, -1.122 0.1865 1.1565, -1.122 0.1252 1.1633, -1.122 0.1332 1.1695, -1.122 0.1425 1.1735, -1.122 -0.1109 0.2802, -1.122 -0.0906 0.2776, -1.122 -0.0118 0.2776, -1.122 -0.1759 1.0305, -1.122 -0.171 1.0186, -1.122 -0.2677 1.0059, -1.122 -0.1693 1.0059, -1.122 -0.1693 0.3563, -1.122 -0.266 1.0186, -1.122 -0.2611 1.0305, -1.122 -0.2533 1.0407, -1.122 -0.2431 1.0485, -1.122 -0.2312 1.0534, -1.122 -0.2185 1.0551, -1.122 -0.2058 1.0534, -1.122 -0.1939 1.0485, -1.122 -0.1837 1.0407, -0.8465 0.5906 0.0787, -0.8465 0.5906 0.0, -0.9252 0.5906 0.0787, -0.9252 0.5906 0.0, -0.9252 0.4085 0.1752, -0.9252 0.2756 0.1752, -0.8465 0.4085 0.1752, -0.8465 0.2756 0.1752, -0.8465 0.4085 0.0787, -0.8465 -0.0315 0.0, -0.8465 0.126 1.065, -0.8465 0.1311 1.0643, -0.8465 0.1798 1.0722, -0.8465 0.1358 1.0623, -0.8465 0.1399 1.0592, -0.8465 0.143 1.0551, -0.8465 0.1191 1.1553, -0.8465 0.1916 1.1273, -0.8465 0.1925 1.1374, -0.8465 0.0669 1.065, -0.8465 -0.1587 0.3169, -0.8465 -0.2677 0.1181, -0.8465 -0.1462 0.3006, -0.8465 -0.1299 0.2881, -0.8465 0.1907 1.1473, -0.8465 0.1865 1.1565, -0.8465 0.1801 1.1643, -0.8465 0.1719 1.1702, -0.8465 0.1625 1.1738, -0.8465 0.1525 1.1749, -0.8465 0.0669 0.2987, -0.8465 0.0289 0.2829, -0.8465 0.1425 1.1735, -0.8465 0.1332 1.1695, -0.8465 0.1252 1.1633, -0.8465 0.145 1.0504, -0.8465 0.1457 1.0453, -0.8465 0.2756 0.376, -0.8465 0.1457 0.435, -0.8465 0.1403 0.3943, -0.8465 0.2756 0.1791, -0.8465 0.1246 0.3563, -0.8465 0.0995 0.3237, -0.8465 -0.171 1.0186, -0.8465 -0.1759 1.0305, -0.8465 -0.2677 1.0059, -0.8465 -0.0118 0.2776, -0.8465 -0.0906 0.2776, -0.8465 -0.1109 0.2802, -0.8465 -0.1666 0.3359, -0.8465 -0.1693 0.3563, -0.8465 -0.1693 1.0059, -0.8465 -0.1837 1.0407, -0.8465 -0.1939 1.0485, -0.8465 -0.2058 1.0534, -0.8465 -0.2185 1.0551, -0.8465 -0.2312 1.0534, -0.8465 -0.2431 1.0485, -0.8465 -0.2533 1.0407, -0.8465 -0.2611 1.0305, -0.8465 -0.266 1.0186, -0.9252 0.4085 0.0787, -0.9252 -0.0315 0.0, -0.9252 0.2756 0.376, -0.9252 0.1457 0.435, -0.9252 0.1798 1.0722, -0.9252 0.1457 1.0453, -0.9252 -0.1666 0.3359, -0.9252 -0.1587 0.3169, -0.9252 -0.2677 0.1181, -0.9252 -0.1462 0.3006, -0.9252 0.145 1.0504, -0.9252 0.143 1.0551, -0.9252 0.1916 1.1273, -0.9252 0.1399 1.0592, -0.9252 0.1925 1.1374, -0.9252 0.1358 1.0623, -0.9252 0.1907 1.1473, -0.9252 0.1625 1.1738, -0.9252 0.1719 1.1702, -0.9252 0.1311 1.0643, -0.9252 0.1801 1.1643, -0.9252 0.1865 1.1565, -0.9252 0.126 1.065, -0.9252 0.0669 1.065, -0.9252 0.1191 1.1553, -0.9252 0.0995 0.3237, -0.9252 0.2756 0.1791, -0.9252 0.1246 0.3563, -0.9252 0.1403 0.3943, -0.9252 0.1425 1.1735, -0.9252 0.1525 1.1749, -0.9252 0.1252 1.1633, -0.9252 0.1332 1.1695, -0.9252 -0.1299 0.2881, -0.9252 -0.1109 0.2802, -0.9252 -0.0906 0.2776, -0.9252 -0.0118 0.2776, -0.9252 0.0289 0.2829, -0.9252 0.0669 0.2987, -0.9252 -0.1759 1.0305, -0.9252 -0.171 1.0186, -0.9252 -0.2677 1.0059, -0.9252 -0.1693 1.0059, -0.9252 -0.1693 0.3563, -0.9252 -0.266 1.0186, -0.9252 -0.2611 1.0305, -0.9252 -0.2533 1.0407, -0.9252 -0.2431 1.0485, -0.9252 -0.2312 1.0534, -0.9252 -0.2185 1.0551, -0.9252 -0.2058 1.0534, -0.9252 -0.1939 1.0485, -0.9252 -0.1837 1.0407, -0.4528 0.5906 0.0787, -0.4528 0.5906 0.0, -0.5315 0.5906 0.0787, -0.5315 0.5906 0.0, -0.5315 0.4085 0.1752, -0.5315 0.2756 0.1752, -0.4528 0.4085 0.1752, -0.4528 0.2756 0.1752, -0.4528 0.4085 0.0787, -0.4528 -0.0315 0.0, -0.4528 -0.1587 0.3169, -0.4528 -0.2677 0.1181, -0.4528 -0.1462 0.3006, -0.4528 -0.1299 0.2881, -0.4528 0.0669 1.065, -0.4528 0.1798 1.0722, -0.4528 0.1191 1.1553, -0.4528 0.1916 1.1273, -0.4528 0.1925 1.1374, -0.4528 0.1907 1.1473, -0.4528 0.1865 1.1565, -0.4528 0.1252 1.1633, -0.4528 0.0669 0.2987, -0.4528 0.0289 0.2829, -0.4528 0.1525 1.1749, -0.4528 0.1425 1.1735, -0.4528 0.1332 1.1695, -0.4528 0.2756 0.376, -0.4528 0.1403 0.3943, -0.4528 0.2756 0.1791, -0.4528 0.1246 0.3563, -0.4528 0.0995 0.3237, -0.4528 -0.0118 0.2776, -0.4528 -0.0906 0.2776, -0.4528 -0.1109 0.2802, -0.4528 0.1801 1.1643, -0.4528 0.1719 1.1702, -0.4528 0.1625 1.1738, -0.4528 -0.171 1.0186, -0.4528 -0.1759 1.0305, -0.4528 -0.2677 1.0059, -0.4528 0.126 1.065, -0.4528 0.1304 1.0645, -0.4528 0.1345 1.063, -0.4528 0.1437 1.0538, -0.4528 0.1452 1.0497, -0.4528 0.1457 1.0453, -0.4528 0.1457 0.435, -0.4528 -0.1666 0.3359, -0.4528 -0.1693 0.3563, -0.4528 -0.1693 1.0059, -0.4528 0.1383 1.0607, -0.4528 0.1414 1.0575, -0.4528 -0.1837 1.0407, -0.4528 -0.1939 1.0485, -0.4528 -0.2058 1.0534, -0.4528 -0.2185 1.0551, -0.4528 -0.2312 1.0534, -0.4528 -0.2431 1.0485, -0.4528 -0.2533 1.0407, -0.4528 -0.2611 1.0305, -0.4528 -0.266 1.0186, -0.5315 0.4085 0.0787, -0.5315 -0.0315 0.0, -0.5315 0.2756 0.376, -0.5315 0.1457 0.435, -0.5315 0.1798 1.0722, -0.5315 0.1457 1.0453, -0.5315 -0.1666 0.3359, -0.5315 -0.1587 0.3169, -0.5315 -0.2677 0.1181, -0.5315 -0.1462 0.3006, -0.5315 -0.0118 0.2776, -0.5315 0.0289 0.2829, -0.5315 0.1452 1.0497, -0.5315 0.1437 1.0538, -0.5315 0.1916 1.1273, -0.5315 0.1719 1.1702, -0.5315 0.1801 1.1643, -0.5315 0.1345 1.063, -0.5315 0.1865 1.1565, -0.5315 0.126 1.065, -0.5315 0.1425 1.1735, -0.5315 0.1304 1.0645, -0.5315 0.1525 1.1749, -0.5315 0.1625 1.1738, -0.5315 0.0669 1.065, -0.5315 0.1191 1.1553, -0.5315 0.0669 0.2987, -0.5315 0.0995 0.3237, -0.5315 0.2756 0.1791, -0.5315 0.1246 0.3563, -0.5315 0.1403 0.3943, -0.5315 0.1414 1.0575, -0.5315 0.1383 1.0607, -0.5315 0.1925 1.1374, -0.5315 0.1907 1.1473, -0.5315 0.1252 1.1633, -0.5315 0.1332 1.1695, -0.5315 -0.1299 0.2881, -0.5315 -0.1109 0.2802, -0.5315 -0.0906 0.2776, -0.5315 -0.1759 1.0305, -0.5315 -0.171 1.0186, -0.5315 -0.2677 1.0059, -0.5315 -0.1693 1.0059, -0.5315 -0.1693 0.3563, -0.5315 -0.266 1.0186, -0.5315 -0.2611 1.0305, -0.5315 -0.2533 1.0407, -0.5315 -0.2431 1.0485, -0.5315 -0.2312 1.0534, -0.5315 -0.2185 1.0551, -0.5315 -0.2058 1.0534, -0.5315 -0.1939 1.0485, -0.5315 -0.1837 1.0407
            ]
        }
        coordIndex [
            0,1,2,-1,3,4,2,-1,2,4,5,-1,2,5,0,-1,6,7,8,-1,7,9,8,-1,8,9,10,-1,8,10,11,-1,12,13,14,-1,13,12,8,-1,8,12,15,-1,8,15,6,-1,16,17,0,-1,0,17,18,-1,0,18,19,-1,20,21,22,-1,14,23,12,-1,12,23,24,-1,12,24,25,-1,25,26,12,-1,12,26,27,-1,12,27,28,-1,28,29,12,-1,12,29,30,-1,12,30,31,-1,22,32,20,-1,20,32,33,-1,20,33,5,-1,5,33,34,-1,11,35,8,-1,8,35,36,-1,8,36,21,-1,21,36,37,-1,21,37,22,-1,38,39,40,-1,19,41,0,-1,0,41,42,-1,0,42,40,-1,40,42,43,-1,40,43,38,-1,34,44,5,-1,5,44,45,-1,5,45,0,-1,0,45,46,-1,0,46,16,-1,39,47,40,-1,40,47,48,-1,40,48,49,-1,49,50,40,-1,40,50,51,-1,40,51,52,-1,52,53,40,-1,40,53,54,-1,40,54,55,-1,56,57,58,-1,59,60,58,-1,58,60,61,-1,58,61,56,-1,62,63,64,-1,64,63,65,-1,66,67,60,-1,60,67,68,-1,60,68,69,-1,70,71,72,-1,61,73,74,-1,65,75,64,-1,64,75,76,-1,64,76,77,-1,77,76,78,-1,77,78,79,-1,79,78,80,-1,79,80,81,-1,82,83,84,-1,61,74,85,-1,74,86,85,-1,85,86,87,-1,85,87,62,-1,62,87,88,-1,62,88,63,-1,71,89,72,-1,72,89,90,-1,72,90,80,-1,80,90,91,-1,80,91,81,-1,84,92,82,-1,82,92,93,-1,82,93,72,-1,72,93,94,-1,72,94,70,-1,69,95,60,-1,60,95,96,-1,60,96,61,-1,61,96,97,-1,61,97,73,-1,98,99,100,-1,100,99,101,-1,100,101,60,-1,60,101,102,-1,60,102,66,-1,103,104,100,-1,100,104,105,-1,100,105,106,-1,106,107,100,-1,100,107,108,-1,100,108,109,-1,109,110,100,-1,100,110,111,-1,100,111,98,-1,112,113,114,-1,114,113,115,-1,116,117,118,-1,118,117,119,-1,120,118,119,-1,121,113,120,-1,120,113,112,-1,122,123,124,-1,123,125,124,-1,124,125,126,-1,124,126,127,-1,128,129,130,-1,129,128,124,-1,124,128,131,-1,124,131,122,-1,132,133,134,-1,134,133,135,-1,130,136,128,-1,128,136,137,-1,128,137,138,-1,138,139,128,-1,128,139,140,-1,128,140,141,-1,120,119,121,-1,121,119,142,-1,121,142,143,-1,141,144,128,-1,128,144,145,-1,128,145,146,-1,127,147,124,-1,124,147,148,-1,124,148,149,-1,148,150,149,-1,149,150,151,-1,149,151,152,-1,152,151,153,-1,152,153,119,-1,119,153,154,-1,119,154,142,-1,155,156,157,-1,143,158,121,-1,121,158,159,-1,121,159,133,-1,133,159,160,-1,133,160,135,-1,132,161,133,-1,133,161,162,-1,133,162,157,-1,157,162,163,-1,157,163,155,-1,156,164,157,-1,157,164,165,-1,157,165,166,-1,166,167,157,-1,157,167,168,-1,157,168,169,-1,169,170,157,-1,157,170,171,-1,157,171,172,-1,114,115,173,-1,173,115,174,-1,173,174,116,-1,116,174,117,-1,175,176,177,-1,177,176,178,-1,179,180,181,-1,181,180,182,-1,178,183,177,-1,177,183,184,-1,177,184,185,-1,185,184,186,-1,185,186,187,-1,187,186,188,-1,187,188,189,-1,190,191,192,-1,192,191,193,-1,192,193,188,-1,188,193,194,-1,188,194,189,-1,195,196,197,-1,117,198,199,-1,199,198,200,-1,199,200,175,-1,175,200,201,-1,175,201,176,-1,195,202,192,-1,192,202,203,-1,192,203,190,-1,197,204,195,-1,195,204,205,-1,195,205,202,-1,182,206,181,-1,181,206,207,-1,181,207,174,-1,174,207,208,-1,208,209,174,-1,174,209,210,-1,174,210,117,-1,117,210,211,-1,117,211,198,-1,212,213,214,-1,214,213,215,-1,214,215,181,-1,181,215,216,-1,181,216,179,-1,217,218,214,-1,214,218,219,-1,214,219,220,-1,220,221,214,-1,214,221,222,-1,214,222,223,-1,223,224,214,-1,214,224,225,-1,214,225,212,-1,226,227,228,-1,228,227,229,-1,230,231,232,-1,232,231,233,-1,234,232,233,-1,235,227,234,-1,234,227,226,-1,236,237,238,-1,238,237,239,-1,240,241,242,-1,242,241,243,-1,242,243,244,-1,244,245,242,-1,242,245,246,-1,242,246,247,-1,234,233,235,-1,235,233,248,-1,235,248,249,-1,250,251,246,-1,246,251,252,-1,246,252,247,-1,253,254,255,-1,255,254,256,-1,255,256,233,-1,233,256,257,-1,233,257,248,-1,249,258,235,-1,235,258,259,-1,235,259,237,-1,237,259,260,-1,237,260,239,-1,261,262,246,-1,246,262,263,-1,246,263,250,-1,264,265,266,-1,240,267,241,-1,241,267,268,-1,241,268,269,-1,270,271,241,-1,241,271,272,-1,241,272,253,-1,253,272,273,-1,253,273,254,-1,236,274,237,-1,237,274,275,-1,237,275,266,-1,266,275,276,-1,266,276,264,-1,269,277,241,-1,241,277,278,-1,241,278,270,-1,265,279,266,-1,266,279,280,-1,266,280,281,-1,281,282,266,-1,266,282,283,-1,266,283,284,-1,284,285,266,-1,266,285,286,-1,266,286,287,-1,228,229,288,-1,288,229,289,-1,290,291,292,-1,292,291,293,-1,294,295,296,-1,296,295,297,-1,298,299,289,-1,293,300,292,-1,292,300,301,-1,292,301,302,-1,299,231,289,-1,289,231,230,-1,289,230,288,-1,303,304,305,-1,305,304,306,-1,307,308,309,-1,309,308,310,-1,309,310,305,-1,305,310,311,-1,305,311,303,-1,307,312,313,-1,299,314,231,-1,231,314,315,-1,231,315,316,-1,316,315,317,-1,316,317,290,-1,290,317,318,-1,290,318,291,-1,301,319,302,-1,302,319,320,-1,302,320,321,-1,321,320,305,-1,321,305,322,-1,322,305,306,-1,313,323,307,-1,307,323,324,-1,307,324,308,-1,297,325,296,-1,296,325,326,-1,296,326,289,-1,289,326,327,-1,289,327,298,-1,328,329,330,-1,330,329,331,-1,330,331,296,-1,296,331,332,-1,296,332,294,-1,333,334,330,-1,330,334,335,-1,330,335,336,-1,336,337,330,-1,330,337,338,-1,330,338,339,-1,339,340,330,-1,330,340,341,-1,330,341,328,-1,
        ]
    }
}
Shape{
    appearance Appearance {
        material  Material 	{
            diffuseColor 0.6784313725490196 0.6784313725490196 0.6784313725490196
            specularColor 0.047058823529411764 0.047058823529411764 0.047058823529411764
            ambientIntensity 0.9686
            transparency 0.0
            shininess 0.5
        }
    }
    geometry IndexedFaceSet {
        ccw TRUE
        solid FALSE
        coord DEF co Coordinate {
            point [
                -0.6496 -0.4085 0.1752, -0.6496 -0.2677 0.1752, -0.7283 -0.4085 0.1752, -0.7283 -0.2677 0.1752, -0.7283 -0.5906 0.0787, -0.7283 -0.5906 0.0, -0.6496 -0.5906 0.0787, -0.6496 -0.5906 0.0
            ]
        }
        coordIndex [
            0,1,2,-1,2,1,3,-1,4,5,6,-1,6,5,7,-1,
        ]
    }
}
Shape{
    appearance Appearance {
        material  Material 	{
            diffuseColor 0.8313725490196079 0.8313725490196079 0.8196078431372549
            specularColor 0.6666666666666666 0.6666666666666666 0.6549019607843137
            ambientIntensity 0.83
            transparency 0.0
            shininess 0.5
        }
    }
    geometry IndexedFaceSet {
        ccw TRUE
        solid FALSE
        coord DEF co Coordinate {
            point [
                -0.6496 -0.2677 0.1752, -0.6496 -0.4085 0.1752, -0.6496 -0.4085 0.0787, -0.6496 -0.5906 0.0787, -0.6496 -0.5906 0.0, -0.6496 0.2756 0.0, -0.6496 -0.1109 0.2802, -0.6496 -0.1299 0.2881, -0.6496 -0.1462 0.3006, -0.6496 -0.1587 0.3169, -0.6496 0.1191 1.1553, -0.6496 0.1916 1.1273, -0.6496 0.1925 1.1374, -0.6496 0.2756 0.1791, -0.6496 0.2756 0.376, -0.6496 0.1403 0.3943, -0.6496 0.1907 1.1473, -0.6496 0.1865 1.1565, -0.6496 0.1801 1.1643, -0.6496 0.1719 1.1702, -0.6496 0.1625 1.1738, -0.6496 0.1525 1.1749, -0.6496 0.1425 1.1735, -0.6496 0.1332 1.1695, -0.6496 0.1252 1.1633, -0.6496 0.1304 1.0645, -0.6496 0.1345 1.063, -0.6496 0.1798 1.0722, -0.6496 0.0669 0.2987, -0.6496 0.0995 0.3237, -0.6496 0.1246 0.3563, -0.6496 0.126 1.065, -0.6496 0.1383 1.0607, -0.6496 0.1414 1.0575, -0.6496 0.1437 1.0538, -0.6496 0.1452 1.0497, -0.6496 0.1457 1.0453, -0.6496 0.1457 0.435, -0.6496 0.0289 0.2829, -0.6496 -0.0118 0.2776, -0.6496 -0.0906 0.2776, -0.6496 -0.171 1.0186, -0.6496 -0.1759 1.0305, -0.6496 -0.2677 1.0059, -0.6496 0.0669 1.065, -0.6496 -0.1666 0.3359, -0.6496 -0.1693 0.3563, -0.6496 -0.1693 1.0059, -0.6496 -0.1837 1.0407, -0.6496 -0.1939 1.0485, -0.6496 -0.2058 1.0534, -0.6496 -0.2185 1.0551, -0.6496 -0.2312 1.0534, -0.6496 -0.2431 1.0485, -0.6496 -0.2533 1.0407, -0.6496 -0.2611 1.0305, -0.6496 -0.266 1.0186, -0.7283 -0.5906 0.0, -0.7283 -0.5906 0.0787, -0.7283 -0.4085 0.0787, -0.7283 -0.4085 0.1752, -0.7283 -0.2677 0.1752, -0.7283 0.2756 0.0, -0.7283 0.2756 0.376, -0.7283 0.1457 0.435, -0.7283 0.1798 1.0722, -0.7283 0.1457 1.0453, -0.7283 -0.1666 0.3359, -0.7283 -0.1587 0.3169, -0.7283 -0.1462 0.3006, -0.7283 -0.1299 0.2881, -0.7283 0.1452 1.0497, -0.7283 0.1437 1.0538, -0.7283 0.1916 1.1273, -0.7283 0.0289 0.2829, -0.7283 0.0669 0.2987, -0.7283 0.126 1.065, -0.7283 0.0669 1.065, -0.7283 0.1191 1.1553, -0.7283 0.2756 0.1791, -0.7283 0.0995 0.3237, -0.7283 0.1246 0.3563, -0.7283 0.1403 0.3943, -0.7283 0.1425 1.1735, -0.7283 0.1304 1.0645, -0.7283 0.1525 1.1749, -0.7283 0.1345 1.063, -0.7283 0.1625 1.1738, -0.7283 0.1252 1.1633, -0.7283 0.1332 1.1695, -0.7283 0.1719 1.1702, -0.7283 0.1801 1.1643, -0.7283 0.1865 1.1565, -0.7283 -0.1109 0.2802, -0.7283 -0.0906 0.2776, -0.7283 -0.0118 0.2776, -0.7283 0.1414 1.0575, -0.7283 0.1383 1.0607, -0.7283 0.1925 1.1374, -0.7283 0.1907 1.1473, -0.7283 -0.1759 1.0305, -0.7283 -0.171 1.0186, -0.7283 -0.2677 1.0059, -0.7283 -0.1693 1.0059, -0.7283 -0.1693 0.3563, -0.7283 -0.266 1.0186, -0.7283 -0.2611 1.0305, -0.7283 -0.2533 1.0407, -0.7283 -0.2431 1.0485, -0.7283 -0.2312 1.0534, -0.7283 -0.2185 1.0551, -0.7283 -0.2058 1.0534, -0.7283 -0.1939 1.0485, -0.7283 -0.1837 1.0407
            ]
        }
        coordIndex [
            0,1,2,-1,3,4,2,-1,2,4,5,-1,2,5,0,-1,6,7,0,-1,0,7,8,-1,0,8,9,-1,10,11,12,-1,13,14,15,-1,12,16,10,-1,10,16,17,-1,10,17,18,-1,18,19,10,-1,10,19,20,-1,10,20,21,-1,21,22,10,-1,10,22,23,-1,10,23,24,-1,25,26,27,-1,28,5,29,-1,29,5,13,-1,29,13,30,-1,30,13,15,-1,25,27,31,-1,26,32,27,-1,27,32,33,-1,27,33,34,-1,34,35,27,-1,27,35,36,-1,27,36,14,-1,14,36,37,-1,14,37,15,-1,28,38,5,-1,5,38,39,-1,5,39,0,-1,0,39,40,-1,0,40,6,-1,41,42,43,-1,11,10,27,-1,27,10,44,-1,27,44,31,-1,9,45,0,-1,0,45,46,-1,0,46,43,-1,43,46,47,-1,43,47,41,-1,42,48,43,-1,43,48,49,-1,43,49,50,-1,50,51,43,-1,43,51,52,-1,43,52,53,-1,53,54,43,-1,43,54,55,-1,43,55,56,-1,57,58,59,-1,60,61,59,-1,59,61,62,-1,59,62,57,-1,63,64,65,-1,65,64,66,-1,67,68,61,-1,61,68,69,-1,61,69,70,-1,66,71,65,-1,65,71,72,-1,65,72,73,-1,62,74,75,-1,76,77,78,-1,62,75,79,-1,75,80,79,-1,79,80,81,-1,79,81,63,-1,63,81,82,-1,63,82,64,-1,76,83,84,-1,84,83,85,-1,84,85,86,-1,86,85,87,-1,78,88,76,-1,76,88,89,-1,76,89,83,-1,87,90,86,-1,86,90,91,-1,86,91,92,-1,70,93,61,-1,61,93,94,-1,61,94,62,-1,62,94,95,-1,62,95,74,-1,72,96,73,-1,73,96,97,-1,73,97,98,-1,98,97,86,-1,98,86,99,-1,99,86,92,-1,100,101,102,-1,102,101,103,-1,102,103,61,-1,61,103,104,-1,61,104,67,-1,105,106,102,-1,102,106,107,-1,102,107,108,-1,108,109,102,-1,102,109,110,-1,102,110,111,-1,111,112,102,-1,102,112,113,-1,102,113,100,-1,
        ]
    }
}
Shape{
    appearance Appearance {
        material  Material 	{
            diffuseColor 0.6784313725490196 0.6784313725490196 0.6784313725490196
            specularColor 0.047058823529411764 0.047058823529411764 0.047058823529411764
            ambientIntensity 0.9686
            transparency 0.0
            shininess 0.5
        }
    }
    geometry IndexedFaceSet {
        ccw TRUE
        solid FALSE
        coord DEF co Coordinate {
            point [
                -0.2559 -0.4085 0.1752, -0.2559 -0.2677 0.1752, -0.3346 -0.4085 0.1752, -0.3346 -0.2677 0.1752, -0.3346 -0.5906 0.0787, -0.3346 -0.5906 0.0, -0.2559 -0.5906 0.0787, -0.2559 -0.5906 0.0
            ]
        }
        coordIndex [
            0,1,2,-1,2,1,3,-1,4,5,6,-1,6,5,7,-1,
        ]
    }
}
Shape{
    appearance Appearance {
        material  Material 	{
            diffuseColor 0.8313725490196079 0.8313725490196079 0.8196078431372549
            specularColor 0.6666666666666666 0.6666666666666666 0.6549019607843137
            ambientIntensity 0.83
            transparency 0.0
            shininess 0.5
        }
    }
    geometry IndexedFaceSet {
        ccw TRUE
        solid FALSE
        coord DEF co Coordinate {
            point [
                -0.2559 -0.2677 0.1752, -0.2559 -0.4085 0.1752, -0.2559 -0.4085 0.0787, -0.2559 -0.5906 0.0787, -0.2559 -0.5906 0.0, -0.2559 0.2756 0.0, -0.2559 0.0669 1.065, -0.2559 0.1798 1.0722, -0.2559 0.1191 1.1553, -0.2559 0.1916 1.1273, -0.2559 0.1925 1.1374, -0.2559 0.2756 0.1791, -0.2559 0.2756 0.376, -0.2559 0.1403 0.3943, -0.2559 -0.1109 0.2802, -0.2559 -0.1299 0.2881, -0.2559 -0.1462 0.3006, -0.2559 -0.1587 0.3169, -0.2559 0.1907 1.1473, -0.2559 0.1865 1.1565, -0.2559 0.1801 1.1643, -0.2559 0.1719 1.1702, -0.2559 0.1625 1.1738, -0.2559 0.1525 1.1749, -0.2559 0.1425 1.1735, -0.2559 0.1332 1.1695, -0.2559 0.1252 1.1633, -0.2559 0.126 1.065, -0.2559 0.1304 1.0645, -0.2559 0.1345 1.063, -0.2559 0.1383 1.0607, -0.2559 0.1414 1.0575, -0.2559 0.1437 1.0538, -0.2559 0.1246 0.3563, -0.2559 0.0995 0.3237, -0.2559 0.0669 0.2987, -0.2559 -0.1666 0.3359, -0.2559 -0.1693 0.3563, -0.2559 -0.2677 1.0059, -0.2559 -0.1693 1.0059, -0.2559 -0.266 1.0186, -0.2559 -0.171 1.0186, -0.2559 -0.1759 1.0305, -0.2559 0.1452 1.0497, -0.2559 0.1457 1.0453, -0.2559 0.1457 0.435, -0.2559 0.0289 0.2829, -0.2559 -0.0118 0.2776, -0.2559 -0.0906 0.2776, -0.2559 -0.1837 1.0407, -0.2559 -0.1939 1.0485, -0.2559 -0.2611 1.0305, -0.2559 -0.2533 1.0407, -0.2559 -0.2058 1.0534, -0.2559 -0.2185 1.0551, -0.2559 -0.2431 1.0485, -0.2559 -0.2312 1.0534, -0.3346 -0.5906 0.0, -0.3346 -0.5906 0.0787, -0.3346 -0.4085 0.0787, -0.3346 -0.4085 0.1752, -0.3346 -0.2677 0.1752, -0.3346 0.2756 0.0, -0.3346 -0.1693 0.3563, -0.3346 -0.1666 0.3359, -0.3346 0.1457 1.0453, -0.3346 0.1798 1.0722, -0.3346 0.1457 0.435, -0.3346 0.2756 0.376, -0.3346 0.1403 0.3943, -0.3346 0.1452 1.0497, -0.3346 0.1437 1.0538, -0.3346 0.1916 1.1273, -0.3346 -0.1693 1.0059, -0.3346 -0.2677 1.0059, -0.3346 -0.266 1.0186, -0.3346 0.126 1.065, -0.3346 0.0669 1.065, -0.3346 0.1191 1.1553, -0.3346 -0.1939 1.0485, -0.3346 -0.1837 1.0407, -0.3346 -0.1587 0.3169, -0.3346 -0.1462 0.3006, -0.3346 -0.1299 0.2881, -0.3346 0.1425 1.1735, -0.3346 0.1304 1.0645, -0.3346 0.1525 1.1749, -0.3346 0.1345 1.063, -0.3346 0.1625 1.1738, -0.3346 0.1252 1.1633, -0.3346 0.1332 1.1695, -0.3346 0.1246 0.3563, -0.3346 0.2756 0.1791, -0.3346 0.0995 0.3237, -0.3346 0.1719 1.1702, -0.3346 0.1801 1.1643, -0.3346 0.1865 1.1565, -0.3346 -0.1759 1.0305, -0.3346 -0.171 1.0186, -0.3346 0.1414 1.0575, -0.3346 0.1383 1.0607, -0.3346 0.1925 1.1374, -0.3346 0.1907 1.1473, -0.3346 -0.2611 1.0305, -0.3346 -0.2533 1.0407, -0.3346 -0.2431 1.0485, -0.3346 0.0669 0.2987, -0.3346 0.0289 0.2829, -0.3346 -0.2312 1.0534, -0.3346 -0.2185 1.0551, -0.3346 -0.2058 1.0534, -0.3346 -0.1109 0.2802, -0.3346 -0.0906 0.2776, -0.3346 -0.0118 0.2776, -0.0591 0.5906 0.0787, -0.0591 0.5906 0.0, -0.1378 0.5906 0.0787, -0.1378 0.5906 0.0, -0.1378 0.4085 0.1752, -0.1378 0.2756 0.1752, -0.0591 0.4085 0.1752, -0.0591 0.2756 0.1752, -0.0591 0.4085 0.0787, -0.0591 -0.0315 0.0, -0.0591 -0.1299 0.2881, -0.0591 -0.1462 0.3006, -0.0591 -0.2677 0.1181, -0.0591 -0.1587 0.3169, -0.0591 0.1191 1.1553, -0.0591 0.1916 1.1273, -0.0591 0.1925 1.1374, -0.0591 0.1304 1.0645, -0.0591 0.1345 1.063, -0.0591 0.1798 1.0722, -0.0591 0.1907 1.1473, -0.0591 0.1865 1.1565, -0.0591 0.1801 1.1643, -0.0591 0.1719 1.1702, -0.0591 0.1625 1.1738, -0.0591 0.1525 1.1749, -0.0591 0.1425 1.1735, -0.0591 0.1332 1.1695, -0.0591 0.1252 1.1633, -0.0591 0.126 1.065, -0.0591 0.1383 1.0607, -0.0591 0.1414 1.0575, -0.0591 0.1437 1.0538, -0.0591 0.2756 0.376, -0.0591 0.1403 0.3943, -0.0591 0.2756 0.1791, -0.0591 0.1246 0.3563, -0.0591 0.0669 1.065, -0.0591 -0.1666 0.3359, -0.0591 -0.1693 0.3563, -0.0591 -0.2677 1.0059, -0.0591 -0.1693 1.0059, -0.0591 -0.266 1.0186, -0.0591 -0.171 1.0186, -0.0591 -0.1759 1.0305, -0.0591 0.0995 0.3237, -0.0591 0.0669 0.2987, -0.0591 0.0289 0.2829, -0.0591 0.1452 1.0497, -0.0591 0.1457 1.0453, -0.0591 0.1457 0.435, -0.0591 -0.1837 1.0407, -0.0591 -0.1939 1.0485, -0.0591 -0.2611 1.0305, -0.0591 -0.2533 1.0407, -0.0591 -0.0118 0.2776, -0.0591 -0.0906 0.2776, -0.0591 -0.1109 0.2802, -0.0591 -0.2058 1.0534, -0.0591 -0.2185 1.0551, -0.0591 -0.2431 1.0485, -0.0591 -0.2312 1.0534, -0.1378 0.4085 0.0787, -0.1378 -0.0315 0.0, -0.1378 0.2756 0.376, -0.1378 0.1457 0.435, -0.1378 0.1798 1.0722, -0.1378 0.1457 1.0453, -0.1378 0.1452 1.0497, -0.1378 0.1437 1.0538, -0.1378 0.1916 1.1273, -0.1378 -0.1693 0.3563, -0.1378 -0.2677 0.1181, -0.1378 -0.1693 1.0059, -0.1378 -0.2677 1.0059, -0.1378 -0.266 1.0186, -0.1378 -0.1939 1.0485, -0.1378 -0.1837 1.0407, -0.1378 -0.1666 0.3359, -0.1378 -0.1587 0.3169, -0.1378 -0.1462 0.3006, -0.1378 0.0995 0.3237, -0.1378 0.2756 0.1791, -0.1378 0.1246 0.3563, -0.1378 0.1403 0.3943, -0.1378 0.1719 1.1702, -0.1378 0.1801 1.1643, -0.1378 0.1345 1.063, -0.1378 0.1865 1.1565, -0.1378 0.126 1.065, -0.1378 0.1425 1.1735, -0.1378 0.1304 1.0645, -0.1378 0.1525 1.1749, -0.1378 0.1625 1.1738, -0.1378 0.0669 1.065, -0.1378 0.1191 1.1553, -0.1378 0.1414 1.0575, -0.1378 0.1383 1.0607, -0.1378 0.1925 1.1374, -0.1378 0.1907 1.1473, -0.1378 0.1252 1.1633, -0.1378 0.1332 1.1695, -0.1378 -0.1759 1.0305, -0.1378 -0.171 1.0186, -0.1378 -0.2611 1.0305, -0.1378 -0.2533 1.0407, -0.1378 -0.2431 1.0485, -0.1378 -0.1299 0.2881, -0.1378 -0.1109 0.2802, -0.1378 -0.0906 0.2776, -0.1378 -0.0118 0.2776, -0.1378 0.0289 0.2829, -0.1378 0.0669 0.2987, -0.1378 -0.2312 1.0534, -0.1378 -0.2185 1.0551, -0.1378 -0.2058 1.0534, 0.1378 -0.4085 0.1752, 0.1378 -0.2677 0.1752, 0.0591 -0.4085 0.1752, 0.0591 -0.2677 0.1752, 0.0591 -0.5906 0.0787, 0.0591 -0.5906 0.0, 0.1378 -0.5906 0.0787, 0.1378 -0.5906 0.0, 0.1378 -0.4085 0.0787, 0.1378 0.2756 0.0, 0.1378 0.1191 1.1553, 0.1378 0.1916 1.1273, 0.1378 0.1925 1.1374, 0.1378 0.1907 1.1473, 0.1378 0.1865 1.1565, 0.1378 0.1801 1.1643, 0.1378 0.1304 1.0645, 0.1378 0.1345 1.063, 0.1378 0.1798 1.0722, 0.1378 -0.1109 0.2802, 0.1378 -0.1299 0.2881, 0.1378 -0.1462 0.3006, 0.1378 -0.1587 0.3169, 0.1378 -0.171 1.0186, 0.1378 -0.1759 1.0305, 0.1378 -0.2677 1.0059, 0.1378 0.1719 1.1702, 0.1378 0.1625 1.1738, 0.1378 0.1525 1.1749, 0.1378 0.126 1.065, 0.1378 0.1383 1.0607, 0.1378 0.1414 1.0575, 0.1378 0.1437 1.0538, 0.1378 0.2756 0.1791, 0.1378 0.2756 0.376, 0.1378 0.1403 0.3943, 0.1378 -0.1666 0.3359, 0.1378 -0.1693 0.3563, 0.1378 -0.1693 1.0059, 0.1378 0.1425 1.1735, 0.1378 0.1332 1.1695, 0.1378 0.1252 1.1633, 0.1378 0.0669 1.065, 0.1378 0.0669 0.2987, 0.1378 0.0995 0.3237, 0.1378 0.1246 0.3563, 0.1378 -0.1837 1.0407, 0.1378 -0.1939 1.0485, 0.1378 -0.2058 1.0534, 0.1378 -0.2185 1.0551, 0.1378 -0.2312 1.0534, 0.1378 -0.2431 1.0485, 0.1378 -0.2533 1.0407, 0.1378 -0.2611 1.0305, 0.1378 -0.266 1.0186, 0.1378 0.1452 1.0497, 0.1378 0.1457 1.0453, 0.1378 0.1457 0.435, 0.1378 0.0289 0.2829, 0.1378 -0.0118 0.2776, 0.1378 -0.0906 0.2776, 0.0591 -0.4085 0.0787, 0.0591 0.2756 0.0, 0.0591 0.1457 1.0453, 0.0591 0.1798 1.0722, 0.0591 0.1457 0.435, 0.0591 0.2756 0.376, 0.0591 0.1403 0.3943, 0.0591 0.1452 1.0497, 0.0591 0.1437 1.0538, 0.0591 0.1916 1.1273, 0.0591 0.1719 1.1702, 0.0591 0.1801 1.1643, 0.0591 0.1345 1.063, 0.0591 0.1865 1.1565, 0.0591 0.126 1.065, 0.0591 0.1425 1.1735, 0.0591 0.1304 1.0645, 0.0591 0.1525 1.1749, 0.0591 0.1625 1.1738, 0.0591 0.0669 1.065, 0.0591 0.1191 1.1553, 0.0591 -0.1666 0.3359, 0.0591 -0.1587 0.3169, 0.0591 -0.1462 0.3006, 0.0591 -0.1299 0.2881, 0.0591 0.1246 0.3563, 0.0591 0.2756 0.1791, 0.0591 0.0995 0.3237, 0.0591 0.1414 1.0575, 0.0591 0.1383 1.0607, 0.0591 0.1925 1.1374, 0.0591 0.1907 1.1473, 0.0591 0.1252 1.1633, 0.0591 0.1332 1.1695, 0.0591 -0.1759 1.0305, 0.0591 -0.171 1.0186, 0.0591 -0.2677 1.0059, 0.0591 -0.1693 1.0059, 0.0591 -0.1693 0.3563, 0.0591 0.0669 0.2987, 0.0591 0.0289 0.2829, 0.0591 -0.266 1.0186, 0.0591 -0.2611 1.0305, 0.0591 -0.2533 1.0407, 0.0591 -0.2431 1.0485, 0.0591 -0.2312 1.0534, 0.0591 -0.2185 1.0551, 0.0591 -0.2058 1.0534, 0.0591 -0.1939 1.0485, 0.0591 -0.1837 1.0407, 0.0591 -0.1109 0.2802, 0.0591 -0.0906 0.2776, 0.0591 -0.0118 0.2776, 0.3346 0.5906 0.0787, 0.3346 0.5906 0.0, 0.2559 0.5906 0.0787, 0.2559 0.5906 0.0, 0.2559 0.4085 0.1752, 0.2559 0.2756 0.1752, 0.3346 0.4085 0.1752, 0.3346 0.2756 0.1752, 0.3346 0.4085 0.0787, 0.3346 -0.1299 0.2881, 0.3346 -0.1462 0.3006, 0.3346 -0.2677 0.1181, 0.3346 -0.1587 0.3169, 0.3346 0.1191 1.1553, 0.3346 0.1916 1.1273, 0.3346 0.1925 1.1374, 0.3346 0.1304 1.0645, 0.3346 0.1345 1.063, 0.3346 0.1798 1.0722, 0.3346 -0.171 1.0186, 0.3346 -0.1759 1.0305, 0.3346 -0.2677 1.0059, 0.3346 0.1907 1.1473, 0.3346 0.1865 1.1565, 0.3346 0.1801 1.1643, 0.3346 0.1719 1.1702, 0.3346 0.1625 1.1738, 0.3346 0.1525 1.1749, 0.3346 0.1425 1.1735, 0.3346 0.1332 1.1695, 0.3346 0.1252 1.1633, 0.3346 0.126 1.065, 0.3346 0.1383 1.0607, 0.3346 0.1414 1.0575, 0.3346 0.1437 1.0538, 0.3346 0.0669 0.2987, 0.3346 0.0289 0.2829, 0.3346 -0.0315 0.0, 0.3346 -0.1666 0.3359, 0.3346 -0.1693 0.3563, 0.3346 -0.1693 1.0059, 0.3346 0.0669 1.065, 0.3346 0.0995 0.3237, 0.3346 0.1246 0.3563, 0.3346 0.2756 0.1791, 0.3346 0.1403 0.3943, 0.3346 0.2756 0.376, 0.3346 -0.1837 1.0407, 0.3346 -0.1939 1.0485, 0.3346 -0.2058 1.0534, 0.3346 -0.2185 1.0551, 0.3346 -0.2312 1.0534, 0.3346 -0.2431 1.0485, 0.3346 -0.2533 1.0407, 0.3346 -0.2611 1.0305, 0.3346 -0.266 1.0186, 0.3346 0.1452 1.0497, 0.3346 0.1457 1.0453, 0.3346 0.1457 0.435, 0.3346 -0.0118 0.2776, 0.3346 -0.0906 0.2776, 0.3346 -0.1109 0.2802, 0.2559 0.4085 0.0787, 0.2559 -0.0315 0.0, 0.2559 0.2756 0.376, 0.2559 0.1457 0.435, 0.2559 0.1798 1.0722, 0.2559 0.1457 1.0453, 0.2559 0.1452 1.0497, 0.2559 0.1437 1.0538, 0.2559 0.1916 1.1273, 0.2559 -0.1462 0.3006, 0.2559 -0.2677 0.1181, 0.2559 -0.1587 0.3169, 0.2559 -0.1666 0.3359, 0.2559 0.126 1.065, 0.2559 0.0669 1.065, 0.2559 0.1191 1.1553, 0.2559 0.1425 1.1735, 0.2559 0.1304 1.0645, 0.2559 0.1525 1.1749, 0.2559 0.1345 1.063, 0.2559 0.1625 1.1738, 0.2559 0.1252 1.1633, 0.2559 0.1332 1.1695, 0.2559 -0.1759 1.0305, 0.2559 -0.171 1.0186, 0.2559 -0.2677 1.0059, 0.2559 -0.1693 1.0059, 0.2559 -0.1693 0.3563, 0.2559 0.1719 1.1702, 0.2559 0.1801 1.1643, 0.2559 0.1865 1.1565, 0.2559 -0.266 1.0186, 0.2559 -0.2611 1.0305, 0.2559 -0.2533 1.0407, 0.2559 -0.2431 1.0485, 0.2559 -0.2312 1.0534, 0.2559 -0.2185 1.0551, 0.2559 -0.2058 1.0534, 0.2559 -0.1939 1.0485, 0.2559 -0.1837 1.0407, 0.2559 0.0995 0.3237, 0.2559 0.2756 0.1791, 0.2559 0.1246 0.3563, 0.2559 0.1403 0.3943, 0.2559 0.1414 1.0575, 0.2559 0.1383 1.0607, 0.2559 0.1925 1.1374, 0.2559 0.1907 1.1473, 0.2559 -0.1299 0.2881, 0.2559 -0.1109 0.2802, 0.2559 -0.0906 0.2776, 0.2559 -0.0118 0.2776, 0.2559 0.0289 0.2829, 0.2559 0.0669 0.2987, 0.5315 -0.4085 0.1752, 0.5315 -0.2677 0.1752, 0.4528 -0.4085 0.1752, 0.4528 -0.2677 0.1752, 0.4528 -0.5906 0.0787, 0.4528 -0.5906 0.0, 0.5315 -0.5906 0.0787, 0.5315 -0.5906 0.0, 0.5315 -0.4085 0.0787, 0.5315 0.2756 0.0, 0.5315 0.1191 1.1553, 0.5315 0.1916 1.1273, 0.5315 0.1925 1.1374, 0.5315 -0.1109 0.2802, 0.5315 -0.1299 0.2881, 0.5315 -0.1462 0.3006, 0.5315 -0.1587 0.3169, 0.5315 0.1907 1.1473, 0.5315 0.1865 1.1565, 0.5315 0.1801 1.1643, 0.5315 0.1414 1.0575, 0.5315 0.1437 1.0538, 0.5315 0.1798 1.0722, 0.5315 0.2756 0.1791, 0.5315 0.2756 0.376, 0.5315 0.1403 0.3943, 0.5315 -0.171 1.0186, 0.5315 -0.1759 1.0305, 0.5315 -0.2677 1.0059, 0.5315 0.1719 1.1702, 0.5315 0.1625 1.1738, 0.5315 0.1525 1.1749, 0.5315 0.1246 0.3563, 0.5315 0.0995 0.3237, 0.5315 0.0669 0.2987, 0.5315 -0.1666 0.3359, 0.5315 -0.1693 0.3563, 0.5315 -0.1693 1.0059, 0.5315 0.1425 1.1735, 0.5315 0.1332 1.1695, 0.5315 0.1252 1.1633, 0.5315 0.126 1.065, 0.5315 0.1304 1.0645, 0.5315 -0.1837 1.0407, 0.5315 -0.1939 1.0485, 0.5315 -0.2058 1.0534, 0.5315 -0.2185 1.0551, 0.5315 -0.2312 1.0534, 0.5315 -0.2431 1.0485, 0.5315 -0.2533 1.0407, 0.5315 -0.2611 1.0305, 0.5315 -0.266 1.0186, 0.5315 0.0669 1.065, 0.5315 0.1345 1.063, 0.5315 0.1383 1.0607, 0.5315 0.0289 0.2829, 0.5315 -0.0118 0.2776, 0.5315 -0.0906 0.2776, 0.5315 0.1452 1.0497, 0.5315 0.1457 1.0453, 0.5315 0.1457 0.435, 0.4528 -0.4085 0.0787, 0.4528 0.2756 0.0, 0.4528 0.1457 1.0453, 0.4528 0.1452 1.0497, 0.4528 0.1798 1.0722, 0.4528 0.1437 1.0538, 0.4528 0.1916 1.1273, 0.4528 -0.1666 0.3359, 0.4528 -0.1587 0.3169, 0.4528 -0.1462 0.3006, 0.4528 -0.1299 0.2881, 0.4528 0.1457 0.435, 0.4528 0.2756 0.376, 0.4528 0.1403 0.3943, 0.4528 0.1719 1.1702, 0.4528 0.1801 1.1643, 0.4528 0.1345 1.063, 0.4528 0.1865 1.1565, 0.4528 0.1414 1.0575, 0.4528 0.1383 1.0607, 0.4528 0.1925 1.1374, 0.4528 0.1907 1.1473, 0.4528 0.126 1.065, 0.4528 0.1425 1.1735, 0.4528 0.1304 1.0645, 0.4528 0.1525 1.1749, 0.4528 0.1625 1.1738, 0.4528 0.0669 1.065, 0.4528 0.1191 1.1553, 0.4528 0.1246 0.3563, 0.4528 0.2756 0.1791, 0.4528 0.0995 0.3237, 0.4528 0.1252 1.1633, 0.4528 0.1332 1.1695, 0.4528 -0.1759 1.0305, 0.4528 -0.171 1.0186, 0.4528 -0.2677 1.0059, 0.4528 -0.1693 1.0059, 0.4528 -0.1693 0.3563, 0.4528 0.0669 0.2987, 0.4528 0.0289 0.2829, 0.4528 -0.266 1.0186, 0.4528 -0.2611 1.0305, 0.4528 -0.2533 1.0407, 0.4528 -0.2431 1.0485, 0.4528 -0.2312 1.0534, 0.4528 -0.2185 1.0551, 0.4528 -0.2058 1.0534, 0.4528 -0.1939 1.0485, 0.4528 -0.1837 1.0407, 0.4528 -0.1109 0.2802, 0.4528 -0.0906 0.2776, 0.4528 -0.0118 0.2776, 0.7283 0.5906 0.0787, 0.7283 0.5906 0.0, 0.6496 0.5906 0.0787, 0.6496 0.5906 0.0, 0.6496 0.4085 0.1752, 0.6496 0.2756 0.1752, 0.7283 0.4085 0.1752, 0.7283 0.2756 0.1752, 0.7283 0.4085 0.0787, 0.7283 0.1865 1.1565, 0.7283 0.1801 1.1643, 0.7283 0.1191 1.1553, 0.7283 0.0669 0.2987, 0.7283 0.0289 0.2829, 0.7283 -0.0315 0.0, 0.7283 -0.1299 0.2881, 0.7283 -0.1462 0.3006, 0.7283 -0.2677 0.1181, 0.7283 -0.1587 0.3169, 0.7283 0.1414 1.0575, 0.7283 0.1437 1.0538, 0.7283 0.1798 1.0722, 0.7283 -0.171 1.0186, 0.7283 -0.1759 1.0305, 0.7283 -0.2677 1.0059, 0.7283 0.1916 1.1273, 0.7283 0.1925 1.1374, 0.7283 0.1907 1.1473, 0.7283 0.1719 1.1702, 0.7283 0.1332 1.1695, 0.7283 0.1252 1.1633, 0.7283 0.1625 1.1738, 0.7283 0.1525 1.1749, 0.7283 0.1425 1.1735, 0.7283 0.0995 0.3237, 0.7283 0.1246 0.3563, 0.7283 0.2756 0.1791, 0.7283 0.1403 0.3943, 0.7283 0.2756 0.376, 0.7283 -0.1666 0.3359, 0.7283 -0.1693 0.3563, 0.7283 -0.1693 1.0059, 0.7283 0.126 1.065, 0.7283 0.1304 1.0645, 0.7283 -0.1837 1.0407, 0.7283 -0.1939 1.0485, 0.7283 -0.2058 1.0534, 0.7283 -0.2185 1.0551, 0.7283 -0.2312 1.0534, 0.7283 -0.2431 1.0485, 0.7283 -0.2533 1.0407, 0.7283 -0.2611 1.0305, 0.7283 -0.266 1.0186, 0.7283 0.0669 1.065, 0.7283 0.1345 1.063, 0.7283 0.1383 1.0607, 0.7283 -0.0118 0.2776, 0.7283 -0.0906 0.2776, 0.7283 -0.1109 0.2802, 0.7283 0.1452 1.0497, 0.7283 0.1457 1.0453, 0.7283 0.1457 0.435, 0.6496 0.4085 0.0787, 0.6496 -0.0315 0.0, 0.6496 0.2756 0.376, 0.6496 0.1457 0.435, 0.6496 0.1798 1.0722, 0.6496 0.1457 1.0453, 0.6496 0.1452 1.0497, 0.6496 0.1437 1.0538, 0.6496 0.1916 1.1273, 0.6496 -0.1462 0.3006, 0.6496 -0.2677 0.1181, 0.6496 -0.1587 0.3169, 0.6496 -0.1666 0.3359, 0.6496 0.126 1.065, 0.6496 0.0669 1.065, 0.6496 0.1191 1.1553, 0.6496 0.1719 1.1702, 0.6496 0.1801 1.1643, 0.6496 0.1345 1.063, 0.6496 0.1865 1.1565, 0.6496 0.1425 1.1735, 0.6496 0.1304 1.0645, 0.6496 0.1525 1.1749, 0.6496 0.1625 1.1738, 0.6496 0.1252 1.1633, 0.6496 0.1332 1.1695, 0.6496 -0.1759 1.0305, 0.6496 -0.171 1.0186, 0.6496 -0.2677 1.0059, 0.6496 -0.1693 1.0059, 0.6496 -0.1693 0.3563, 0.6496 0.1414 1.0575, 0.6496 0.1383 1.0607, 0.6496 0.1925 1.1374, 0.6496 0.1907 1.1473, 0.6496 -0.266 1.0186, 0.6496 -0.2611 1.0305, 0.6496 -0.2533 1.0407, 0.6496 -0.2431 1.0485, 0.6496 -0.2312 1.0534, 0.6496 -0.2185 1.0551, 0.6496 -0.2058 1.0534, 0.6496 -0.1939 1.0485, 0.6496 -0.1837 1.0407, 0.6496 0.0995 0.3237, 0.6496 0.2756 0.1791, 0.6496 0.1246 0.3563, 0.6496 0.1403 0.3943, 0.6496 -0.1299 0.2881, 0.6496 -0.1109 0.2802, 0.6496 -0.0906 0.2776, 0.6496 -0.0118 0.2776, 0.6496 0.0289 0.2829, 0.6496 0.0669 0.2987, 0.9252 -0.4085 0.1752, 0.9252 -0.2677 0.1752, 0.8465 -0.4085 0.1752, 0.8465 -0.2677 0.1752, 0.8465 -0.5906 0.0787, 0.8465 -0.5906 0.0, 0.9252 -0.5906 0.0787, 0.9252 -0.5906 0.0, 0.9252 -0.4085 0.0787, 0.9252 0.2756 0.0, 0.9252 0.1865 1.1565, 0.9252 0.1801 1.1643, 0.9252 0.1191 1.1553, 0.9252 -0.1109 0.2802, 0.9252 -0.1299 0.2881, 0.9252 -0.1462 0.3006, 0.9252 -0.1587 0.3169, 0.9252 0.1414 1.0575, 0.9252 0.1437 1.0538, 0.9252 0.1798 1.0722, 0.9252 0.2756 0.1791, 0.9252 0.2756 0.376, 0.9252 0.1403 0.3943, 0.9252 0.1916 1.1273, 0.9252 0.1925 1.1374, 0.9252 0.1907 1.1473, 0.9252 0.1719 1.1702, 0.9252 0.1332 1.1695, 0.9252 0.1252 1.1633, 0.9252 0.1625 1.1738, 0.9252 0.1525 1.1749, 0.9252 0.1425 1.1735, 0.9252 0.126 1.065, 0.9252 0.1304 1.0645, 0.9252 -0.171 1.0186, 0.9252 -0.1759 1.0305, 0.9252 -0.2677 1.0059, 0.9252 0.0669 1.065, 0.9252 0.1345 1.063, 0.9252 0.1383 1.0607, 0.9252 0.1246 0.3563, 0.9252 0.0995 0.3237, 0.9252 0.0669 0.2987, 0.9252 -0.1666 0.3359, 0.9252 -0.1693 0.3563, 0.9252 -0.1693 1.0059, 0.9252 0.1452 1.0497, 0.9252 0.1457 1.0453, 0.9252 0.1457 0.435, 0.9252 -0.1837 1.0407, 0.9252 -0.1939 1.0485, 0.9252 -0.2058 1.0534, 0.9252 -0.2185 1.0551, 0.9252 -0.2312 1.0534, 0.9252 -0.2431 1.0485, 0.9252 -0.2533 1.0407, 0.9252 -0.2611 1.0305, 0.9252 -0.266 1.0186, 0.9252 0.0289 0.2829, 0.9252 -0.0118 0.2776, 0.9252 -0.0906 0.2776, 0.8465 -0.4085 0.0787, 0.8465 0.2756 0.0, 0.8465 0.2756 0.376, 0.8465 0.1457 0.435, 0.8465 0.1798 1.0722, 0.8465 0.1457 1.0453, 0.8465 0.1452 1.0497, 0.8465 0.1437 1.0538, 0.8465 0.1916 1.1273, 0.8465 -0.1666 0.3359, 0.8465 -0.1587 0.3169, 0.8465 -0.1462 0.3006, 0.8465 -0.1299 0.2881, 0.8465 0.126 1.065, 0.8465 0.0669 1.065, 0.8465 0.1191 1.1553, 0.8465 0.0289 0.2829, 0.8465 0.0669 0.2987, 0.8465 0.1719 1.1702, 0.8465 0.1801 1.1643, 0.8465 0.1345 1.063, 0.8465 0.1865 1.1565, 0.8465 0.1425 1.1735, 0.8465 0.1304 1.0645, 0.8465 0.1525 1.1749, 0.8465 0.1625 1.1738, 0.8465 0.1252 1.1633, 0.8465 0.1332 1.1695, 0.8465 -0.1759 1.0305, 0.8465 -0.171 1.0186, 0.8465 -0.2677 1.0059, 0.8465 -0.1693 1.0059, 0.8465 -0.1693 0.3563, 0.8465 0.2756 0.1791, 0.8465 0.0995 0.3237, 0.8465 0.1246 0.3563, 0.8465 0.1403 0.3943, 0.8465 0.1414 1.0575, 0.8465 0.1383 1.0607, 0.8465 0.1925 1.1374, 0.8465 0.1907 1.1473, 0.8465 -0.266 1.0186, 0.8465 -0.2611 1.0305, 0.8465 -0.2533 1.0407, 0.8465 -0.2431 1.0485, 0.8465 -0.2312 1.0534, 0.8465 -0.2185 1.0551, 0.8465 -0.2058 1.0534, 0.8465 -0.1939 1.0485, 0.8465 -0.1837 1.0407, 0.8465 -0.1109 0.2802, 0.8465 -0.0906 0.2776, 0.8465 -0.0118 0.2776, 1.122 0.5906 0.0787, 1.122 0.5906 0.0, 1.0433 0.5906 0.0787, 1.0433 0.5906 0.0, 1.0433 0.4085 0.1752, 1.0433 0.2756 0.1752, 1.122 0.4085 0.1752, 1.122 0.2756 0.1752, 1.122 0.4085 0.0787, 1.122 -0.0315 0.0, 1.122 0.1865 1.1565, 1.122 0.1801 1.1643, 1.122 0.1191 1.1553, 1.122 0.1414 1.0575, 1.122 0.1437 1.0538, 1.122 0.1798 1.0722, 1.122 -0.1299 0.2881, 1.122 -0.1462 0.3006, 1.122 -0.2677 0.1181, 1.122 -0.1587 0.3169, 1.122 -0.171 1.0186, 1.122 -0.1759 1.0305, 1.122 -0.2677 1.0059, 1.122 0.1916 1.1273, 1.122 0.1925 1.1374, 1.122 0.1907 1.1473, 1.122 0.1719 1.1702, 1.122 0.1332 1.1695, 1.122 0.1252 1.1633, 1.122 0.1625 1.1738, 1.122 0.1525 1.1749, 1.122 0.1425 1.1735, 1.122 0.126 1.065, 1.122 0.1304 1.0645, 1.122 0.0669 0.2987, 1.122 0.0289 0.2829, 1.122 -0.1666 0.3359, 1.122 -0.1693 0.3563, 1.122 -0.1693 1.0059, 1.122 0.0669 1.065, 1.122 0.1345 1.063, 1.122 0.1383 1.0607, 1.122 0.2756 0.376, 1.122 0.1403 0.3943, 1.122 0.2756 0.1791, 1.122 0.1246 0.3563, 1.122 0.0995 0.3237, 1.122 -0.1837 1.0407, 1.122 -0.1939 1.0485, 1.122 -0.2058 1.0534, 1.122 -0.2185 1.0551, 1.122 -0.2312 1.0534, 1.122 -0.2431 1.0485, 1.122 -0.2533 1.0407, 1.122 -0.2611 1.0305, 1.122 -0.266 1.0186, 1.122 0.1452 1.0497, 1.122 0.1457 1.0453, 1.122 0.1457 0.435, 1.122 -0.0118 0.2776, 1.122 -0.0906 0.2776, 1.122 -0.1109 0.2802, 1.0433 0.4085 0.0787, 1.0433 -0.0315 0.0, 1.0433 0.2756 0.376, 1.0433 0.1457 0.435, 1.0433 0.1798 1.0722, 1.0433 0.1457 1.0453, 1.0433 0.1452 1.0497, 1.0433 0.1437 1.0538, 1.0433 0.1916 1.1273, 1.0433 -0.1462 0.3006, 1.0433 -0.2677 0.1181, 1.0433 -0.1587 0.3169, 1.0433 -0.1666 0.3359, 1.0433 0.1719 1.1702, 1.0433 0.1801 1.1643, 1.0433 0.1345 1.063, 1.0433 0.1865 1.1565, 1.0433 0.1414 1.0575, 1.0433 0.1383 1.0607, 1.0433 0.1925 1.1374, 1.0433 0.1907 1.1473, 1.0433 0.126 1.065, 1.0433 0.1425 1.1735, 1.0433 0.1304 1.0645, 1.0433 0.1525 1.1749, 1.0433 0.1625 1.1738, 1.0433 0.0669 1.065, 1.0433 0.1191 1.1553, 1.0433 -0.1759 1.0305, 1.0433 -0.171 1.0186, 1.0433 -0.2677 1.0059, 1.0433 -0.1693 1.0059, 1.0433 -0.1693 0.3563, 1.0433 0.1252 1.1633, 1.0433 0.1332 1.1695, 1.0433 -0.266 1.0186, 1.0433 -0.2611 1.0305, 1.0433 -0.2533 1.0407, 1.0433 -0.2431 1.0485, 1.0433 -0.2312 1.0534, 1.0433 -0.2185 1.0551, 1.0433 -0.2058 1.0534, 1.0433 -0.1939 1.0485, 1.0433 -0.1837 1.0407, 1.0433 0.0995 0.3237, 1.0433 0.2756 0.1791, 1.0433 0.1246 0.3563, 1.0433 0.1403 0.3943, 1.0433 -0.1299 0.2881, 1.0433 -0.1109 0.2802, 1.0433 -0.0906 0.2776, 1.0433 -0.0118 0.2776, 1.0433 0.0289 0.2829, 1.0433 0.0669 0.2987, 1.3189 -0.4085 0.1752, 1.3189 -0.2677 0.1752, 1.2402 -0.4085 0.1752, 1.2402 -0.2677 0.1752, 1.2402 -0.5906 0.0787, 1.2402 -0.5906 0.0, 1.3189 -0.5906 0.0787, 1.3189 -0.5906 0.0, 1.3189 -0.4085 0.0787, 1.3189 0.1252 1.1633, 1.3189 0.1191 1.1553, 1.3189 0.1801 1.1643, 1.3189 0.2756 0.0, 1.3189 0.1865 1.1565, 1.3189 -0.1109 0.2802, 1.3189 -0.1299 0.2881, 1.3189 -0.1462 0.3006, 1.3189 -0.1587 0.3169, 1.3189 0.1414 1.0575, 1.3189 0.1437 1.0538, 1.3189 0.1798 1.0722, 1.3189 0.2756 0.1791, 1.3189 0.2756 0.376, 1.3189 0.1403 0.3943, 1.3189 0.1916 1.1273, 1.3189 0.1925 1.1374, 1.3189 0.1907 1.1473, 1.3189 0.1525 1.1749, 1.3189 0.1625 1.1738, 1.3189 0.1719 1.1702, 1.3189 0.1425 1.1735, 1.3189 0.1332 1.1695, 1.3189 0.126 1.065, 1.3189 0.1304 1.0645, 1.3189 0.0669 0.2987, 1.3189 0.0995 0.3237, 1.3189 0.1246 0.3563, 1.3189 0.0669 1.065, 1.3189 0.1345 1.063, 1.3189 0.1383 1.0607, 1.3189 0.0289 0.2829, 1.3189 -0.0118 0.2776, 1.3189 -0.0906 0.2776, 1.3189 -0.171 1.0186, 1.3189 -0.1759 1.0305, 1.3189 -0.2677 1.0059, 1.3189 0.1452 1.0497, 1.3189 0.1457 1.0453, 1.3189 0.1457 0.435, 1.3189 -0.1666 0.3359, 1.3189 -0.1693 0.3563, 1.3189 -0.1693 1.0059, 1.3189 -0.1837 1.0407, 1.3189 -0.1939 1.0485, 1.3189 -0.2058 1.0534, 1.3189 -0.2185 1.0551, 1.3189 -0.2312 1.0534, 1.3189 -0.2431 1.0485, 1.3189 -0.2533 1.0407, 1.3189 -0.2611 1.0305, 1.3189 -0.266 1.0186, 1.2402 -0.4085 0.0787, 1.2402 0.2756 0.0, 1.2402 0.2756 0.376, 1.2402 0.1457 0.435, 1.2402 0.1798 1.0722, 1.2402 0.1457 1.0453, 1.2402 0.1452 1.0497, 1.2402 0.1437 1.0538, 1.2402 0.1916 1.1273, 1.2402 -0.1666 0.3359, 1.2402 -0.1587 0.3169, 1.2402 -0.1462 0.3006, 1.2402 -0.1299 0.2881, 1.2402 0.0289 0.2829, 1.2402 0.0669 0.2987, 1.2402 0.126 1.065, 1.2402 0.0669 1.065, 1.2402 0.1191 1.1553, 1.2402 0.2756 0.1791, 1.2402 0.0995 0.3237, 1.2402 0.1246 0.3563, 1.2402 0.1403 0.3943, 1.2402 0.1719 1.1702, 1.2402 0.1801 1.1643, 1.2402 0.1345 1.063, 1.2402 0.1865 1.1565, 1.2402 0.1425 1.1735, 1.2402 0.1304 1.0645, 1.2402 0.1525 1.1749, 1.2402 0.1625 1.1738, 1.2402 0.1252 1.1633, 1.2402 0.1332 1.1695, 1.2402 0.1414 1.0575, 1.2402 0.1383 1.0607, 1.2402 0.1925 1.1374, 1.2402 0.1907 1.1473, 1.2402 -0.1109 0.2802, 1.2402 -0.0906 0.2776, 1.2402 -0.0118 0.2776, 1.2402 -0.1759 1.0305, 1.2402 -0.171 1.0186, 1.2402 -0.2677 1.0059, 1.2402 -0.1693 1.0059, 1.2402 -0.1693 0.3563, 1.2402 -0.266 1.0186, 1.2402 -0.2611 1.0305, 1.2402 -0.2533 1.0407, 1.2402 -0.2431 1.0485, 1.2402 -0.2312 1.0534, 1.2402 -0.2185 1.0551, 1.2402 -0.2058 1.0534, 1.2402 -0.1939 1.0485, 1.2402 -0.1837 1.0407, 1.5157 0.5906 0.0787, 1.5157 0.5906 0.0, 1.437 0.5906 0.0787, 1.437 0.5906 0.0, 1.437 0.4085 0.1752, 1.437 0.2756 0.1752, 1.5157 0.4085 0.1752, 1.5157 0.2756 0.1752, 1.5157 0.4085 0.0787, 1.5157 -0.0315 0.0, 1.5157 0.1311 1.0643, 1.5157 0.1798 1.0722, 1.5157 0.126 1.065, 1.5157 0.0669 1.065, 1.5157 -0.1587 0.3169, 1.5157 -0.2677 0.1181, 1.5157 -0.1462 0.3006, 1.5157 -0.1299 0.2881, 1.5157 0.1925 1.1374, 1.5157 0.1907 1.1473, 1.5157 0.1191 1.1553, 1.5157 0.1865 1.1565, 1.5157 0.1801 1.1643, 1.5157 0.1358 1.0623, 1.5157 0.1399 1.0592, 1.5157 0.143 1.0551, 1.5157 0.1916 1.1273, 1.5157 0.1719 1.1702, 1.5157 0.1332 1.1695, 1.5157 0.1252 1.1633, 1.5157 0.1625 1.1738, 1.5157 0.1525 1.1749, 1.5157 0.1425 1.1735, 1.5157 0.0669 0.2987, 1.5157 0.0289 0.2829, 1.5157 -0.0118 0.2776, 1.5157 -0.0906 0.2776, 1.5157 -0.1109 0.2802, 1.5157 0.145 1.0504, 1.5157 0.1457 1.0453, 1.5157 0.2756 0.376, 1.5157 -0.171 1.0186, 1.5157 -0.1759 1.0305, 1.5157 -0.2677 1.0059, 1.5157 0.1457 0.435, 1.5157 0.1403 0.3943, 1.5157 0.2756 0.1791, 1.5157 0.1246 0.3563, 1.5157 0.0995 0.3237, 1.5157 -0.1666 0.3359, 1.5157 -0.1693 0.3563, 1.5157 -0.1693 1.0059, 1.5157 -0.1837 1.0407, 1.5157 -0.1939 1.0485, 1.5157 -0.2058 1.0534, 1.5157 -0.2185 1.0551, 1.5157 -0.2312 1.0534, 1.5157 -0.2431 1.0485, 1.5157 -0.2533 1.0407, 1.5157 -0.2611 1.0305, 1.5157 -0.266 1.0186, 1.437 0.4085 0.0787, 1.437 -0.0315 0.0, 1.437 0.2756 0.376, 1.437 0.1457 0.435, 1.437 0.1798 1.0722, 1.437 0.1457 1.0453, 1.437 -0.1666 0.3359, 1.437 -0.1587 0.3169, 1.437 -0.2677 0.1181, 1.437 -0.1462 0.3006, 1.437 0.126 1.065, 1.437 0.0669 1.065, 1.437 0.1191 1.1553, 1.437 -0.0118 0.2776, 1.437 0.0289 0.2829, 1.437 0.145 1.0504, 1.437 0.143 1.0551, 1.437 0.1916 1.1273, 1.437 0.1399 1.0592, 1.437 0.1925 1.1374, 1.437 0.1358 1.0623, 1.437 0.1907 1.1473, 1.437 0.1625 1.1738, 1.437 0.1719 1.1702, 1.437 0.1311 1.0643, 1.437 0.1801 1.1643, 1.437 0.1865 1.1565, 1.437 0.1425 1.1735, 1.437 0.1525 1.1749, 1.437 0.1252 1.1633, 1.437 0.1332 1.1695, 1.437 0.0669 0.2987, 1.437 0.0995 0.3237, 1.437 0.2756 0.1791, 1.437 0.1246 0.3563, 1.437 0.1403 0.3943, 1.437 -0.1759 1.0305, 1.437 -0.171 1.0186, 1.437 -0.2677 1.0059, 1.437 -0.1693 1.0059, 1.437 -0.1693 0.3563, 1.437 -0.1299 0.2881, 1.437 -0.1109 0.2802, 1.437 -0.0906 0.2776, 1.437 -0.266 1.0186, 1.437 -0.2611 1.0305, 1.437 -0.2533 1.0407, 1.437 -0.2431 1.0485, 1.437 -0.2312 1.0534, 1.437 -0.2185 1.0551, 1.437 -0.2058 1.0534, 1.437 -0.1939 1.0485, 1.437 -0.1837 1.0407
            ]
        }
        coordIndex [
            0,1,2,-1,3,4,2,-1,2,4,5,-1,2,5,0,-1,6,7,8,-1,8,7,9,-1,8,9,10,-1,11,12,13,-1,14,15,0,-1,0,15,16,-1,0,16,17,-1,10,18,8,-1,8,18,19,-1,8,19,20,-1,20,21,8,-1,8,21,22,-1,8,22,23,-1,23,24,8,-1,8,24,25,-1,8,25,26,-1,6,27,7,-1,7,27,28,-1,7,28,29,-1,29,30,7,-1,7,30,31,-1,7,31,32,-1,13,33,11,-1,11,33,34,-1,11,34,5,-1,5,34,35,-1,17,36,0,-1,0,36,37,-1,0,37,38,-1,38,37,39,-1,38,39,40,-1,40,39,41,-1,40,41,42,-1,32,43,7,-1,7,43,44,-1,7,44,12,-1,12,44,45,-1,12,45,13,-1,35,46,5,-1,5,46,47,-1,5,47,0,-1,0,47,48,-1,0,48,14,-1,42,49,40,-1,40,49,50,-1,40,50,51,-1,51,50,52,-1,50,53,52,-1,52,53,54,-1,52,54,55,-1,55,54,56,-1,57,58,59,-1,60,61,59,-1,59,61,62,-1,59,62,57,-1,63,64,61,-1,65,66,67,-1,67,66,68,-1,67,68,69,-1,65,70,66,-1,66,70,71,-1,66,71,72,-1,63,61,73,-1,73,61,74,-1,73,74,75,-1,76,77,78,-1,79,80,75,-1,64,81,61,-1,61,81,82,-1,61,82,83,-1,76,84,85,-1,85,84,86,-1,85,86,87,-1,87,86,88,-1,78,89,76,-1,76,89,90,-1,76,90,84,-1,69,68,91,-1,91,68,92,-1,91,92,93,-1,88,94,87,-1,87,94,95,-1,87,95,96,-1,80,97,75,-1,75,97,98,-1,75,98,73,-1,71,99,72,-1,72,99,100,-1,72,100,101,-1,101,100,87,-1,101,87,102,-1,102,87,96,-1,75,103,79,-1,79,103,104,-1,79,104,105,-1,93,92,106,-1,106,92,62,-1,106,62,107,-1,105,108,79,-1,79,108,109,-1,79,109,110,-1,83,111,61,-1,61,111,112,-1,61,112,62,-1,62,112,113,-1,62,113,107,-1,114,115,116,-1,116,115,117,-1,118,119,120,-1,120,119,121,-1,115,114,122,-1,120,121,122,-1,122,121,123,-1,122,123,115,-1,124,125,126,-1,126,125,127,-1,128,129,130,-1,131,132,133,-1,130,134,128,-1,128,134,135,-1,128,135,136,-1,136,137,128,-1,128,137,138,-1,128,138,139,-1,139,140,128,-1,128,140,141,-1,128,141,142,-1,131,133,143,-1,132,144,133,-1,133,144,145,-1,133,145,146,-1,147,148,149,-1,149,148,150,-1,149,150,121,-1,129,128,133,-1,133,128,151,-1,133,151,143,-1,127,152,126,-1,126,152,153,-1,126,153,154,-1,154,153,155,-1,154,155,156,-1,156,155,157,-1,156,157,158,-1,150,159,121,-1,121,159,160,-1,121,160,123,-1,123,160,161,-1,146,162,133,-1,133,162,163,-1,133,163,147,-1,147,163,164,-1,147,164,148,-1,158,165,156,-1,156,165,166,-1,156,166,167,-1,167,166,168,-1,161,169,123,-1,123,169,170,-1,123,170,126,-1,126,170,171,-1,126,171,124,-1,166,172,168,-1,168,172,173,-1,168,173,174,-1,174,173,175,-1,116,117,176,-1,176,117,177,-1,176,177,118,-1,118,177,119,-1,178,179,180,-1,180,179,181,-1,181,182,180,-1,180,182,183,-1,180,183,184,-1,185,186,187,-1,187,186,188,-1,187,188,189,-1,190,191,189,-1,185,192,186,-1,186,192,193,-1,186,193,194,-1,119,195,196,-1,196,195,197,-1,196,197,178,-1,178,197,198,-1,178,198,179,-1,199,200,201,-1,201,200,202,-1,203,204,205,-1,205,204,206,-1,205,206,201,-1,201,206,207,-1,201,207,199,-1,203,208,209,-1,183,210,184,-1,184,210,211,-1,184,211,212,-1,212,211,201,-1,212,201,213,-1,213,201,202,-1,209,214,203,-1,203,214,215,-1,203,215,204,-1,191,216,189,-1,189,216,217,-1,189,217,187,-1,189,218,190,-1,190,218,219,-1,190,219,220,-1,194,221,186,-1,186,221,222,-1,186,222,177,-1,177,222,223,-1,223,224,177,-1,177,224,225,-1,177,225,119,-1,119,225,226,-1,119,226,195,-1,220,227,190,-1,190,227,228,-1,190,228,229,-1,230,231,232,-1,232,231,233,-1,234,235,236,-1,236,235,237,-1,231,230,238,-1,236,237,238,-1,238,237,239,-1,238,239,231,-1,240,241,242,-1,242,243,240,-1,240,243,244,-1,240,244,245,-1,246,247,248,-1,249,250,231,-1,231,250,251,-1,231,251,252,-1,253,254,255,-1,245,256,240,-1,240,256,257,-1,240,257,258,-1,246,248,259,-1,247,260,248,-1,248,260,261,-1,248,261,262,-1,263,264,265,-1,252,266,231,-1,231,266,267,-1,231,267,255,-1,255,267,268,-1,255,268,253,-1,258,269,240,-1,240,269,270,-1,240,270,271,-1,241,240,248,-1,248,240,272,-1,248,272,259,-1,273,239,274,-1,274,239,263,-1,274,263,275,-1,275,263,265,-1,254,276,255,-1,255,276,277,-1,255,277,278,-1,278,279,255,-1,255,279,280,-1,255,280,281,-1,281,282,255,-1,255,282,283,-1,255,283,284,-1,262,285,248,-1,248,285,286,-1,248,286,264,-1,264,286,287,-1,264,287,265,-1,273,288,239,-1,239,288,289,-1,239,289,231,-1,231,289,290,-1,231,290,249,-1,235,234,291,-1,232,233,291,-1,291,233,292,-1,291,292,235,-1,293,294,295,-1,295,294,296,-1,295,296,297,-1,293,298,294,-1,294,298,299,-1,294,299,300,-1,301,302,303,-1,303,302,304,-1,305,306,307,-1,307,306,308,-1,307,308,303,-1,303,308,309,-1,303,309,301,-1,305,310,311,-1,312,313,233,-1,233,313,314,-1,233,314,315,-1,297,296,316,-1,316,296,317,-1,316,317,318,-1,299,319,300,-1,300,319,320,-1,300,320,321,-1,321,320,303,-1,321,303,322,-1,322,303,304,-1,311,323,305,-1,305,323,324,-1,305,324,306,-1,325,326,327,-1,327,326,328,-1,327,328,233,-1,233,328,329,-1,233,329,312,-1,318,317,330,-1,330,317,292,-1,330,292,331,-1,332,333,327,-1,327,333,334,-1,327,334,335,-1,335,336,327,-1,327,336,337,-1,327,337,338,-1,338,339,327,-1,327,339,340,-1,327,340,325,-1,315,341,233,-1,233,341,342,-1,233,342,292,-1,292,342,343,-1,292,343,331,-1,344,345,346,-1,346,345,347,-1,348,349,350,-1,350,349,351,-1,352,350,351,-1,353,354,355,-1,355,354,356,-1,357,358,359,-1,360,361,362,-1,363,364,365,-1,359,366,357,-1,357,366,367,-1,357,367,368,-1,368,369,357,-1,357,369,370,-1,357,370,371,-1,371,372,357,-1,357,372,373,-1,357,373,374,-1,360,362,375,-1,361,376,362,-1,362,376,377,-1,362,377,378,-1,379,380,381,-1,356,382,355,-1,355,382,383,-1,355,383,365,-1,365,383,384,-1,365,384,363,-1,358,357,362,-1,362,357,385,-1,362,385,375,-1,386,351,387,-1,387,351,388,-1,387,388,389,-1,389,388,390,-1,364,391,365,-1,365,391,392,-1,365,392,393,-1,393,394,365,-1,365,394,395,-1,365,395,396,-1,396,397,365,-1,365,397,398,-1,365,398,399,-1,386,379,351,-1,351,379,381,-1,351,381,352,-1,352,381,345,-1,352,345,344,-1,378,400,362,-1,362,400,401,-1,362,401,390,-1,390,401,402,-1,390,402,389,-1,380,403,381,-1,381,403,404,-1,381,404,355,-1,355,404,405,-1,355,405,353,-1,346,347,406,-1,406,347,407,-1,406,407,348,-1,348,407,349,-1,408,409,410,-1,410,409,411,-1,411,412,410,-1,410,412,413,-1,410,413,414,-1,415,416,417,-1,417,416,418,-1,419,420,421,-1,419,422,423,-1,423,422,424,-1,423,424,425,-1,425,424,426,-1,421,427,419,-1,419,427,428,-1,419,428,422,-1,429,430,431,-1,431,430,432,-1,431,432,416,-1,416,432,433,-1,416,433,418,-1,426,434,425,-1,425,434,435,-1,425,435,436,-1,437,438,431,-1,431,438,439,-1,431,439,440,-1,440,441,431,-1,431,441,442,-1,431,442,443,-1,443,444,431,-1,431,444,445,-1,431,445,429,-1,349,446,447,-1,447,446,448,-1,447,448,408,-1,408,448,449,-1,408,449,409,-1,413,450,414,-1,414,450,451,-1,414,451,452,-1,452,451,425,-1,452,425,453,-1,453,425,436,-1,415,454,416,-1,416,454,455,-1,416,455,407,-1,407,455,456,-1,456,457,407,-1,407,457,458,-1,407,458,349,-1,349,458,459,-1,349,459,446,-1,460,461,462,-1,462,461,463,-1,464,465,466,-1,466,465,467,-1,461,460,468,-1,466,467,468,-1,468,467,469,-1,468,469,461,-1,470,471,472,-1,473,474,461,-1,461,474,475,-1,461,475,476,-1,472,477,470,-1,470,477,478,-1,470,478,479,-1,480,481,482,-1,483,484,485,-1,486,487,488,-1,479,489,470,-1,470,489,490,-1,470,490,491,-1,485,492,483,-1,483,492,493,-1,483,493,469,-1,469,493,494,-1,476,495,461,-1,461,495,496,-1,461,496,488,-1,488,496,497,-1,488,497,486,-1,491,498,470,-1,470,498,499,-1,470,499,500,-1,501,502,482,-1,487,503,488,-1,488,503,504,-1,488,504,505,-1,505,506,488,-1,488,506,507,-1,488,507,508,-1,508,509,488,-1,488,509,510,-1,488,510,511,-1,471,470,482,-1,482,470,512,-1,482,512,501,-1,502,513,482,-1,482,513,514,-1,482,514,480,-1,494,515,469,-1,469,515,516,-1,469,516,461,-1,461,516,517,-1,461,517,473,-1,481,518,482,-1,482,518,519,-1,482,519,484,-1,484,519,520,-1,484,520,485,-1,465,464,521,-1,462,463,521,-1,521,463,522,-1,521,522,465,-1,523,524,525,-1,525,524,526,-1,525,526,527,-1,528,529,463,-1,463,529,530,-1,463,530,531,-1,523,525,532,-1,532,525,533,-1,532,533,534,-1,535,536,537,-1,537,536,538,-1,526,539,527,-1,527,539,540,-1,527,540,541,-1,541,540,537,-1,541,537,542,-1,542,537,538,-1,543,544,545,-1,545,544,546,-1,545,546,537,-1,537,546,547,-1,537,547,535,-1,543,548,549,-1,534,533,550,-1,550,533,551,-1,550,551,552,-1,549,553,543,-1,543,553,554,-1,543,554,544,-1,555,556,557,-1,557,556,558,-1,557,558,463,-1,463,558,559,-1,463,559,528,-1,552,551,560,-1,560,551,522,-1,560,522,561,-1,562,563,557,-1,557,563,564,-1,557,564,565,-1,565,566,557,-1,557,566,567,-1,557,567,568,-1,568,569,557,-1,557,569,570,-1,557,570,555,-1,531,571,463,-1,463,571,572,-1,463,572,522,-1,522,572,573,-1,522,573,561,-1,574,575,576,-1,576,575,577,-1,578,579,580,-1,580,579,581,-1,582,580,581,-1,583,584,585,-1,586,587,588,-1,589,590,591,-1,591,590,592,-1,593,594,595,-1,596,597,598,-1,599,600,585,-1,585,600,601,-1,585,601,583,-1,602,603,584,-1,584,603,604,-1,584,604,585,-1,602,605,603,-1,603,605,606,-1,603,606,607,-1,608,581,609,-1,609,581,610,-1,609,610,611,-1,611,610,612,-1,608,586,581,-1,581,586,588,-1,581,588,582,-1,582,588,575,-1,582,575,574,-1,592,613,591,-1,591,613,614,-1,591,614,598,-1,598,614,615,-1,598,615,596,-1,616,617,595,-1,597,618,598,-1,598,618,619,-1,598,619,620,-1,620,621,598,-1,598,621,622,-1,598,622,623,-1,623,624,598,-1,598,624,625,-1,598,625,626,-1,599,585,595,-1,595,585,627,-1,595,627,616,-1,617,628,595,-1,595,628,629,-1,595,629,593,-1,587,630,588,-1,588,630,631,-1,588,631,591,-1,591,631,632,-1,591,632,589,-1,594,633,595,-1,595,633,634,-1,595,634,612,-1,612,634,635,-1,612,635,611,-1,576,577,636,-1,636,577,637,-1,636,637,578,-1,578,637,579,-1,638,639,640,-1,640,639,641,-1,641,642,640,-1,640,642,643,-1,640,643,644,-1,645,646,647,-1,647,646,648,-1,649,650,651,-1,652,653,654,-1,654,653,655,-1,649,656,657,-1,657,656,658,-1,657,658,654,-1,654,658,659,-1,654,659,652,-1,651,660,649,-1,649,660,661,-1,649,661,656,-1,662,663,664,-1,664,663,665,-1,664,665,646,-1,646,665,666,-1,646,666,648,-1,643,667,644,-1,644,667,668,-1,644,668,669,-1,669,668,654,-1,669,654,670,-1,670,654,655,-1,671,672,664,-1,664,672,673,-1,664,673,674,-1,674,675,664,-1,664,675,676,-1,664,676,677,-1,677,678,664,-1,664,678,679,-1,664,679,662,-1,579,680,681,-1,681,680,682,-1,681,682,638,-1,638,682,683,-1,638,683,639,-1,645,684,646,-1,646,684,685,-1,646,685,637,-1,637,685,686,-1,686,687,637,-1,637,687,688,-1,637,688,579,-1,579,688,689,-1,579,689,680,-1,690,691,692,-1,692,691,693,-1,694,695,696,-1,696,695,697,-1,691,690,698,-1,696,697,698,-1,698,697,699,-1,698,699,691,-1,700,701,702,-1,703,704,691,-1,691,704,705,-1,691,705,706,-1,707,708,709,-1,710,711,712,-1,713,714,702,-1,702,714,715,-1,702,715,700,-1,716,717,701,-1,701,717,718,-1,701,718,702,-1,716,719,717,-1,717,719,720,-1,717,720,721,-1,722,723,709,-1,724,725,726,-1,713,702,709,-1,709,702,727,-1,709,727,722,-1,723,728,709,-1,709,728,729,-1,709,729,707,-1,712,730,710,-1,710,730,731,-1,710,731,699,-1,699,731,732,-1,706,733,691,-1,691,733,734,-1,691,734,726,-1,726,734,735,-1,726,735,724,-1,708,736,709,-1,709,736,737,-1,709,737,711,-1,711,737,738,-1,711,738,712,-1,725,739,726,-1,726,739,740,-1,726,740,741,-1,741,742,726,-1,726,742,743,-1,726,743,744,-1,744,745,726,-1,726,745,746,-1,726,746,747,-1,732,748,699,-1,699,748,749,-1,699,749,691,-1,691,749,750,-1,691,750,703,-1,695,694,751,-1,692,693,751,-1,751,693,752,-1,751,752,695,-1,753,754,755,-1,755,754,756,-1,756,757,755,-1,755,757,758,-1,755,758,759,-1,760,761,693,-1,693,761,762,-1,693,762,763,-1,764,765,766,-1,752,767,768,-1,769,770,771,-1,771,770,772,-1,764,773,774,-1,774,773,775,-1,774,775,771,-1,771,775,776,-1,771,776,769,-1,766,777,764,-1,764,777,778,-1,764,778,773,-1,779,780,781,-1,781,780,782,-1,781,782,693,-1,693,782,783,-1,693,783,760,-1,752,768,784,-1,768,785,784,-1,784,785,786,-1,784,786,753,-1,753,786,787,-1,753,787,754,-1,758,788,759,-1,759,788,789,-1,759,789,790,-1,790,789,771,-1,790,771,791,-1,791,771,772,-1,792,793,781,-1,781,793,794,-1,781,794,795,-1,795,796,781,-1,781,796,797,-1,781,797,798,-1,798,799,781,-1,781,799,800,-1,781,800,779,-1,763,801,693,-1,693,801,802,-1,693,802,752,-1,752,802,803,-1,752,803,767,-1,804,805,806,-1,806,805,807,-1,808,809,810,-1,810,809,811,-1,812,810,811,-1,813,805,812,-1,812,805,804,-1,814,815,816,-1,817,818,819,-1,820,821,822,-1,822,821,823,-1,824,825,826,-1,827,828,816,-1,816,828,829,-1,816,829,814,-1,830,831,815,-1,815,831,832,-1,815,832,816,-1,830,833,831,-1,831,833,834,-1,831,834,835,-1,836,837,819,-1,812,811,813,-1,813,811,838,-1,813,838,839,-1,823,840,822,-1,822,840,841,-1,822,841,826,-1,826,841,842,-1,826,842,824,-1,827,816,819,-1,819,816,843,-1,819,843,836,-1,837,844,819,-1,819,844,845,-1,819,845,817,-1,846,847,848,-1,848,847,849,-1,848,849,811,-1,811,849,850,-1,811,850,838,-1,825,851,826,-1,826,851,852,-1,826,852,853,-1,853,854,826,-1,826,854,855,-1,826,855,856,-1,856,857,826,-1,826,857,858,-1,826,858,859,-1,818,860,819,-1,819,860,861,-1,819,861,846,-1,846,861,862,-1,846,862,847,-1,839,863,813,-1,813,863,864,-1,813,864,822,-1,822,864,865,-1,822,865,820,-1,806,807,866,-1,866,807,867,-1,866,867,808,-1,808,867,809,-1,868,869,870,-1,870,869,871,-1,871,872,870,-1,870,872,873,-1,870,873,874,-1,875,876,877,-1,877,876,878,-1,879,880,881,-1,881,880,882,-1,873,883,874,-1,874,883,884,-1,874,884,885,-1,885,884,881,-1,885,881,886,-1,886,881,882,-1,887,888,889,-1,889,888,890,-1,889,890,881,-1,881,890,891,-1,881,891,879,-1,887,892,893,-1,894,895,896,-1,896,895,897,-1,896,897,876,-1,876,897,898,-1,876,898,878,-1,893,899,887,-1,887,899,900,-1,887,900,888,-1,901,902,896,-1,896,902,903,-1,896,903,904,-1,904,905,896,-1,896,905,906,-1,896,906,907,-1,907,908,896,-1,896,908,909,-1,896,909,894,-1,809,910,911,-1,911,910,912,-1,911,912,868,-1,868,912,913,-1,868,913,869,-1,875,914,876,-1,876,914,915,-1,876,915,867,-1,867,915,916,-1,916,917,867,-1,867,917,918,-1,867,918,809,-1,809,918,919,-1,809,919,910,-1,920,921,922,-1,922,921,923,-1,924,925,926,-1,926,925,927,-1,921,920,928,-1,929,930,931,-1,926,927,928,-1,928,927,932,-1,928,932,921,-1,931,930,933,-1,934,935,921,-1,921,935,936,-1,921,936,937,-1,938,939,940,-1,941,942,943,-1,944,945,930,-1,930,945,946,-1,930,946,933,-1,947,931,948,-1,948,931,949,-1,947,950,931,-1,931,950,951,-1,931,951,929,-1,952,953,940,-1,954,932,955,-1,955,932,941,-1,955,941,956,-1,956,941,943,-1,944,930,940,-1,940,930,957,-1,940,957,952,-1,953,958,940,-1,940,958,959,-1,940,959,938,-1,954,960,932,-1,932,960,961,-1,932,961,921,-1,921,961,962,-1,921,962,934,-1,963,964,965,-1,939,966,940,-1,940,966,967,-1,940,967,942,-1,942,967,968,-1,942,968,943,-1,937,969,921,-1,921,969,970,-1,921,970,965,-1,965,970,971,-1,965,971,963,-1,964,972,965,-1,965,972,973,-1,965,973,974,-1,974,975,965,-1,965,975,976,-1,965,976,977,-1,977,978,965,-1,965,978,979,-1,965,979,980,-1,925,924,981,-1,922,923,981,-1,981,923,982,-1,981,982,925,-1,983,984,985,-1,985,984,986,-1,986,987,985,-1,985,987,988,-1,985,988,989,-1,990,991,923,-1,923,991,992,-1,923,992,993,-1,982,994,995,-1,996,997,998,-1,982,995,999,-1,995,1000,999,-1,999,1000,1001,-1,999,1001,983,-1,983,1001,1002,-1,983,1002,984,-1,1003,1004,1005,-1,1005,1004,1006,-1,996,1007,1008,-1,1008,1007,1009,-1,1008,1009,1005,-1,1005,1009,1010,-1,1005,1010,1003,-1,998,1011,996,-1,996,1011,1012,-1,996,1012,1007,-1,988,1013,989,-1,989,1013,1014,-1,989,1014,1015,-1,1015,1014,1005,-1,1015,1005,1016,-1,1016,1005,1006,-1,993,1017,923,-1,923,1017,1018,-1,923,1018,982,-1,982,1018,1019,-1,982,1019,994,-1,1020,1021,1022,-1,1022,1021,1023,-1,1022,1023,923,-1,923,1023,1024,-1,923,1024,990,-1,1025,1026,1022,-1,1022,1026,1027,-1,1022,1027,1028,-1,1028,1029,1022,-1,1022,1029,1030,-1,1022,1030,1031,-1,1031,1032,1022,-1,1022,1032,1033,-1,1022,1033,1020,-1,1034,1035,1036,-1,1036,1035,1037,-1,1038,1039,1040,-1,1040,1039,1041,-1,1042,1040,1041,-1,1043,1035,1042,-1,1042,1035,1034,-1,1044,1045,1046,-1,1046,1045,1047,-1,1048,1049,1050,-1,1050,1049,1051,-1,1052,1053,1054,-1,1054,1053,1055,-1,1054,1055,1056,-1,1044,1057,1045,-1,1045,1057,1058,-1,1045,1058,1059,-1,1047,1045,1054,-1,1054,1045,1060,-1,1054,1060,1052,-1,1061,1062,1056,-1,1056,1062,1063,-1,1056,1063,1054,-1,1061,1064,1062,-1,1062,1064,1065,-1,1062,1065,1066,-1,1042,1041,1043,-1,1043,1041,1067,-1,1043,1067,1068,-1,1068,1069,1043,-1,1043,1069,1070,-1,1043,1070,1049,-1,1049,1070,1071,-1,1049,1071,1051,-1,1059,1072,1045,-1,1045,1072,1073,-1,1045,1073,1074,-1,1075,1076,1077,-1,1073,1078,1074,-1,1074,1078,1079,-1,1074,1079,1080,-1,1080,1079,1081,-1,1080,1081,1041,-1,1041,1081,1082,-1,1041,1082,1067,-1,1048,1083,1049,-1,1049,1083,1084,-1,1049,1084,1077,-1,1077,1084,1085,-1,1077,1085,1075,-1,1076,1086,1077,-1,1077,1086,1087,-1,1077,1087,1088,-1,1088,1089,1077,-1,1077,1089,1090,-1,1077,1090,1091,-1,1091,1092,1077,-1,1077,1092,1093,-1,1077,1093,1094,-1,1036,1037,1095,-1,1095,1037,1096,-1,1097,1098,1099,-1,1099,1098,1100,-1,1101,1102,1103,-1,1103,1102,1104,-1,1105,1106,1107,-1,1108,1109,1096,-1,1100,1110,1099,-1,1099,1110,1111,-1,1099,1111,1112,-1,1112,1111,1113,-1,1112,1113,1114,-1,1114,1113,1115,-1,1114,1115,1116,-1,1117,1118,1119,-1,1119,1118,1120,-1,1119,1120,1115,-1,1115,1120,1121,-1,1115,1121,1116,-1,1105,1122,1119,-1,1119,1122,1123,-1,1119,1123,1117,-1,1107,1124,1105,-1,1105,1124,1125,-1,1105,1125,1122,-1,1109,1039,1096,-1,1096,1039,1038,-1,1096,1038,1095,-1,1109,1126,1039,-1,1039,1126,1127,-1,1039,1127,1128,-1,1128,1127,1129,-1,1128,1129,1097,-1,1097,1129,1130,-1,1097,1130,1098,-1,1131,1132,1133,-1,1133,1132,1134,-1,1133,1134,1103,-1,1103,1134,1135,-1,1103,1135,1101,-1,1104,1136,1103,-1,1103,1136,1137,-1,1103,1137,1096,-1,1096,1137,1138,-1,1096,1138,1108,-1,1139,1140,1133,-1,1133,1140,1141,-1,1133,1141,1142,-1,1142,1143,1133,-1,1133,1143,1144,-1,1133,1144,1145,-1,1145,1146,1133,-1,1133,1146,1147,-1,1133,1147,1131,-1,
        ]
    }
}
Shape{
    appearance Appearance {
        material  Material 	{
            diffuseColor 0.6784313725490196 0.6784313725490196 0.6784313725490196
            specularColor 0.047058823529411764 0.047058823529411764 0.047058823529411764
            ambientIntensity 0.9686
            transparency 0.0
            shininess 0.5
        }
    }
    geometry IndexedFaceSet {
        ccw TRUE
        solid FALSE
        coord DEF co Coordinate {
            point [
                3.1496 0.1378 0.1594, 3.1496 0.189 0.1594, 3.1496 0.1378 1.2972, 3.1496 0.189 1.2972, 3.1469 0.1378 0.1391, 3.1469 0.2094 0.1391, 3.1391 0.1378 0.1201, 3.1391 0.2283 0.1201, 3.1265 0.1378 0.1038, 3.1265 0.2447 0.1038, 3.1188 0.2514 0.097, 3.1102 0.1378 0.0913, 3.1102 0.2572 0.0913, 3.101 0.2617 0.0867, 3.0912 0.1378 0.0834, 3.0912 0.265 0.0834, 3.0811 0.267 0.0814, 3.0709 0.1378 0.0807, 3.0709 0.2677 0.0807, 2.5197 -0.3937 0.0807, 2.313 -0.3937 0.0807, 2.5197 0.3937 0.0807, 2.313 0.3937 0.0807, 3.1496 -0.189 1.2972, 3.1496 -0.1378 1.2972, 2.815 -0.1378 1.2972, 3.0912 0.265 1.2972, 3.0709 0.2677 1.2972, 3.1391 0.2283 1.2972, 3.1265 0.2447 1.2972, 3.1102 0.2572 1.2972, 2.815 0.1378 1.2972, 2.6575 0.2677 1.2972, 2.6575 -0.2677 1.2972, 3.0709 -0.2677 1.2972, 3.0884 -0.2657 1.2972, 3.1469 0.2094 1.2972, 3.12 -0.2505 1.2972, 3.1324 -0.2381 1.2972, 3.1418 -0.2231 1.2972, 3.105 -0.2599 1.2972, 3.1476 -0.2065 1.2972, 1.9193 -0.3937 0.1791, 1.9193 -0.3937 0.0807, 2.0177 -0.3937 0.0807, -0.0492 -0.3937 0.1791, -0.0492 -0.3937 0.0807, 0.0492 -0.3937 0.0807, 2.1161 -0.3937 0.0807, 2.2146 -0.3937 0.0807, 2.1161 -0.3937 0.1791, 2.2146 -0.3937 0.1791, 2.313 -0.3937 0.1791, 2.5197 -0.3937 1.2972, -2.5197 -0.3937 1.2972, 2.0177 -0.3937 0.1791, -2.2146 -0.3937 0.1791, -2.313 -0.3937 0.1791, -2.5197 -0.3937 0.0807, -2.313 -0.3937 0.0807, 0.4429 -0.3937 0.1791, 0.5413 -0.3937 0.1791, -2.2146 -0.3937 0.0807, -2.1161 -0.3937 0.0807, -2.1161 -0.3937 0.1791, -2.0177 -0.3937 0.1791, -2.0177 -0.3937 0.0807, -1.9193 -0.3937 0.0807, -1.9193 -0.3937 0.1791, -1.8209 -0.3937 0.1791, -1.2303 -0.3937 0.1791, -1.2303 -0.3937 0.0807, -1.1319 -0.3937 0.0807, 0.5413 -0.3937 0.0807, 0.6398 -0.3937 0.0807, 0.6398 -0.3937 0.1791, 0.7382 -0.3937 0.1791, -1.8209 -0.3937 0.0807, -1.7224 -0.3937 0.0807, -1.7224 -0.3937 0.1791, -1.624 -0.3937 0.1791, -0.6398 -0.3937 0.1791, -0.6398 -0.3937 0.0807, -0.5413 -0.3937 0.0807, -1.624 -0.3937 0.0807, -1.5256 -0.3937 0.0807, -1.5256 -0.3937 0.1791, -1.4272 -0.3937 0.1791, -1.1319 -0.3937 0.1791, -1.0335 -0.3937 0.1791, -0.5413 -0.3937 0.1791, -0.4429 -0.3937 0.1791, 1.624 -0.3937 0.1791, 1.7224 -0.3937 0.1791, 1.7224 -0.3937 0.0807, 1.8209 -0.3937 0.0807, 1.8209 -0.3937 0.1791, -1.0335 -0.3937 0.0807, -0.935 -0.3937 0.0807, -0.935 -0.3937 0.1791, -0.8366 -0.3937 0.1791, -0.4429 -0.3937 0.0807, -0.3445 -0.3937 0.0807, -0.3445 -0.3937 0.1791, -0.2461 -0.3937 0.1791, 0.3445 -0.3937 0.1791, 0.3445 -0.3937 0.0807, 0.4429 -0.3937 0.0807, 0.7382 -0.3937 0.0807, 0.8366 -0.3937 0.0807, 0.8366 -0.3937 0.1791, 0.935 -0.3937 0.1791, 1.5256 -0.3937 0.1791, 1.5256 -0.3937 0.0807, 1.624 -0.3937 0.0807, -1.3287 -0.3937 0.1791, -1.3287 -0.3937 0.0807, -1.4272 -0.3937 0.0807, 0.935 -0.3937 0.0807, 1.0335 -0.3937 0.0807, 1.0335 -0.3937 0.1791, 1.1319 -0.3937 0.1791, -0.7382 -0.3937 0.1791, -0.7382 -0.3937 0.0807, -0.8366 -0.3937 0.0807, 1.1319 -0.3937 0.0807, 1.2303 -0.3937 0.0807, 1.2303 -0.3937 0.1791, 1.3287 -0.3937 0.1791, 0.0492 -0.3937 0.1791, 0.1476 -0.3937 0.1791, 1.4272 -0.3937 0.1791, 1.4272 -0.3937 0.0807, 1.3287 -0.3937 0.0807, -0.1476 -0.3937 0.1791, -0.1476 -0.3937 0.0807, -0.2461 -0.3937 0.0807, 0.2461 -0.3937 0.1791, 0.2461 -0.3937 0.0807, 0.1476 -0.3937 0.0807, 3.0709 -0.1378 0.0807, 3.0709 -0.2677 0.0807, 2.815 -0.1378 0.0807, 2.6575 -0.2677 0.0807, 2.815 0.1378 0.0807, 2.6575 0.2677 0.0807, 1.0335 0.3937 0.1791, 1.0335 0.3937 0.0807, 0.935 0.3937 0.0807, 2.5197 0.3937 1.2972, 2.5197 0.3937 1.0679, 2.3622 0.3937 1.2972, 0.0784 0.3937 1.0679, 2.3622 0.3937 1.6909, -0.0023 0.3937 1.6909, -0.3785 0.3937 1.0679, -2.5197 0.3937 1.0679, -2.3622 0.3937 1.2972, -2.5197 0.3937 1.2972, -0.3782 0.3937 1.0691, -2.3622 0.3937 1.6909, -0.5413 0.3937 0.1791, -0.5413 0.3937 0.0807, -0.6398 0.3937 0.0807, -1.3287 0.3937 0.1791, -1.3287 0.3937 0.0807, -1.4272 0.3937 0.0807, -1.624 0.3937 0.1791, -1.7224 0.3937 0.1791, -1.5256 0.3937 0.1791, -1.5256 0.3937 0.0807, -1.624 0.3937 0.0807, -0.935 0.3937 0.1791, -0.935 0.3937 0.0807, -1.0335 0.3937 0.0807, -1.4272 0.3937 0.1791, -0.4357 0.3937 0.8699, -0.2377 0.3937 1.0602, -0.2509 0.3937 1.0531, -0.3548 0.3937 1.0679, -2.0177 0.3937 0.1791, -2.1161 0.3937 0.1791, -0.261 0.3937 1.0441, -0.2692 0.3937 1.0322, -0.2766 0.3937 1.0127, -0.0155 0.3937 0.8699, -0.0155 0.3937 1.0668, -0.0023 0.3937 1.0679, -0.1272 0.3937 1.0668, -0.133 0.3937 0.8699, -0.0023 0.3937 0.0807, -1.9193 0.3937 0.1791, -1.9193 0.3937 0.0807, -2.0177 0.3937 0.0807, -0.1594 0.3937 1.0668, -0.1272 0.3937 1.0449, -0.042 0.3937 1.0449, -0.042 0.3937 0.9839, -0.1203 0.3937 0.9839, -0.1203 0.3937 0.962, -1.8209 0.3937 0.1791, -1.8209 0.3937 0.0807, -1.7224 0.3937 0.0807, -0.0492 0.3937 0.0807, -0.0492 0.3937 0.1791, -0.1986 0.3937 1.0668, -0.2201 0.3937 1.0651, -0.042 0.3937 0.962, -0.042 0.3937 0.8918, -0.133 0.3937 0.8918, -0.1594 0.3937 0.8699, -2.313 0.3937 0.0807, -2.5197 0.3937 0.0807, -2.313 0.3937 0.1791, -2.2146 0.3937 0.1791, -2.2146 0.3937 0.0807, -2.1161 0.3937 0.0807, -0.3551 0.3937 1.0691, -0.2746 0.3937 0.9186, -0.2676 0.3937 0.9034, -0.2976 0.3937 0.8699, -0.2593 0.3937 0.8927, -0.2476 0.3937 0.883, -0.2324 0.3937 0.8754, -0.2144 0.3937 0.871, -0.1476 0.3937 0.1791, -0.3252 0.3937 0.8699, -0.1476 0.3937 0.0807, -0.2461 0.3937 0.0807, -0.2461 0.3937 0.1791, -0.1986 0.3937 0.8699, -0.392 0.3937 0.9309, -0.3413 0.3937 0.9309, -0.4081 0.3937 0.8699, -0.3445 0.3937 0.1791, -0.3445 0.3937 0.0807, -0.4429 0.3937 0.0807, -0.4429 0.3937 0.1791, -1.0335 0.3937 0.1791, -1.1319 0.3937 0.1791, -0.2813 0.3937 0.9765, -0.2815 0.3937 0.9678, -0.2795 0.3937 0.9394, -0.6398 0.3937 0.1791, -0.7382 0.3937 0.1791, -1.2303 0.3937 0.1791, -1.2303 0.3937 0.0807, -1.1319 0.3937 0.0807, -0.7382 0.3937 0.0807, -0.8366 0.3937 0.0807, -0.8366 0.3937 0.1791, 2.1161 0.3937 0.1791, 2.0177 0.3937 0.1791, 0.1617 0.3937 0.8699, 2.2146 0.3937 0.1791, 2.2146 0.3937 0.0807, 2.1161 0.3937 0.0807, 1.3287 0.3937 0.1791, 1.2303 0.3937 0.1791, 0.0696 0.3937 1.0691, 0.0606 0.3937 1.0679, 0.0544 0.3937 1.0671, 0.043 0.3937 1.0626, 0.0168 0.3937 1.0315, 0.0127 0.3937 1.0131, 0.0964 0.3937 1.0323, 0.1023 0.3937 1.0212, 0.0374 0.3937 0.9966, 0.0374 0.3937 0.9482, 0.0121 0.3937 0.9966, 0.0109 0.3937 0.9482, 2.313 0.3937 0.1791, 0.2815 0.3937 0.8699, 0.2815 0.3937 1.0668, 0.0326 0.3937 1.0552, 0.0232 0.3937 1.0443, 0.1076 0.3937 1.0006, 0.1099 0.3937 0.9643, 0.039 0.3937 0.9249, 0.1072 0.3937 0.9291, 1.8209 0.3937 0.1791, 1.8209 0.3937 0.0807, 1.7224 0.3937 0.0807, 0.5413 0.3937 0.1791, 0.4429 0.3937 0.1791, 0.0252 0.3937 0.8912, 1.7224 0.3937 0.1791, 1.624 0.3937 0.1791, 0.051 0.3937 0.8982, 0.0458 0.3937 0.9042, 0.0424 0.3937 0.911, 1.9193 0.3937 0.1791, 1.9193 0.3937 0.0807, 2.0177 0.3937 0.0807, 1.4272 0.3937 0.1791, 1.4272 0.3937 0.0807, 1.3287 0.3937 0.0807, 0.0973 0.3937 1.0622, 0.0857 0.3937 1.067, 0.255 0.3937 1.0668, 0.0492 0.3937 0.1791, 0.0492 0.3937 0.0807, 0.1027 0.3937 0.9134, 0.0977 0.3937 0.9043, 0.0909 0.3937 0.8968, 0.0389 0.3937 1.0159, 0.0422 0.3937 1.0282, 0.068 0.3937 1.0471, 0.0455 0.3937 1.0345, 0.0604 0.3937 1.046, 0.0495 0.3937 1.0396, 0.0546 0.3937 1.0435, 0.0781 0.3937 1.0461, 0.0846 0.3937 1.0434, 0.0907 0.3937 1.0389, 1.5256 0.3937 0.1791, 1.5256 0.3937 0.0807, 1.624 0.3937 0.0807, 0.935 0.3937 0.1791, 0.8366 0.3937 0.1791, 0.2461 0.3937 0.0807, 0.1476 0.3937 0.0807, 0.2461 0.3937 0.1791, 0.1476 0.3937 0.1791, 0.0696 0.3937 1.0472, 0.0135 0.3937 0.9215, 0.0188 0.3937 0.9032, 0.0846 0.3937 0.8926, 0.0781 0.3937 0.8903, 0.0573 0.3937 0.8933, 0.0708 0.3937 0.8895, 0.0637 0.3937 0.8905, 0.4429 0.3937 0.0807, 0.3445 0.3937 0.0807, 0.3445 0.3937 0.1791, 0.1268 0.3937 1.0277, 0.1192 0.3937 1.0417, 0.1082 0.3937 1.0544, 0.8366 0.3937 0.0807, 0.7382 0.3937 0.0807, 0.7382 0.3937 0.1791, 0.6398 0.3937 0.0807, 0.5413 0.3937 0.0807, 0.6398 0.3937 0.1791, 1.1319 0.3937 0.1791, 1.1319 0.3937 0.0807, 1.2303 0.3937 0.0807, 0.121 0.3937 0.8938, 0.1286 0.3937 0.9075, 0.1617 0.3937 0.8918, 0.135 0.3937 0.93, 0.255 0.3937 0.8918, 0.1376 0.3937 0.962, 0.1344 0.3937 1.0013, 0.047 0.3937 0.8728, 0.0588 0.3937 0.8689, 0.0708 0.3937 0.8676, 0.0352 0.3937 0.8805, 0.1104 0.3937 0.8825, 0.0987 0.3937 0.8744, 0.0859 0.3937 0.8695, -1.5256 -0.2756 1.2972, -1.5256 -0.2362 1.2972, -1.624 -0.2362 1.2972, 2.5 -0.1575 1.2972, 2.3622 -0.1575 1.2972, 2.3622 -0.2362 1.2972, -1.7224 -0.2362 1.2972, -1.8209 -0.2362 1.2972, -1.7224 -0.2756 1.2972, -1.8209 -0.2756 1.2972, 2.0177 -0.2756 1.2972, 2.0177 -0.2362 1.2972, 1.9193 -0.2362 1.2972, 1.4272 -0.2756 1.2972, 1.4272 -0.2362 1.2972, 1.3287 -0.2362 1.2972, 2.3622 0.2362 1.2972, 1.9193 -0.2756 1.2972, 1.8209 -0.2756 1.2972, 2.5 0.2362 1.2972, -2.1161 -0.2756 1.2972, -2.0177 -0.2756 1.2972, -1.9193 -0.2756 1.2972, -2.0177 -0.2362 1.2972, -1.9193 -0.2362 1.2972, -2.3622 -0.2362 1.2972, -2.3622 -0.1575 1.2972, -2.5 -0.1575 1.2972, 2.313 -0.2362 1.2972, 2.313 -0.2756 1.2972, 2.2146 -0.2756 1.2972, 1.3287 -0.2756 1.2972, 1.2303 -0.2756 1.2972, -2.1161 -0.2362 1.2972, -2.2146 -0.2362 1.2972, -2.2146 -0.2756 1.2972, -2.313 -0.2756 1.2972, -2.313 -0.2362 1.2972, 1.8209 -0.2362 1.2972, 1.7224 -0.2362 1.2972, 1.7224 -0.2756 1.2972, 1.624 -0.2756 1.2972, 1.624 -0.2362 1.2972, 1.5256 -0.2362 1.2972, 1.5256 -0.2756 1.2972, -0.5413 -0.2756 1.2972, -0.5413 -0.2362 1.2972, -0.6398 -0.2362 1.2972, -2.5 0.2362 1.2972, -2.3622 0.2362 1.2972, 2.2146 -0.2362 1.2972, 2.1161 -0.2362 1.2972, 2.1161 -0.2756 1.2972, -1.624 -0.2756 1.2972, -1.1319 -0.2756 1.2972, -1.1319 -0.2362 1.2972, -1.2303 -0.2362 1.2972, 1.2303 -0.2362 1.2972, 1.1319 -0.2362 1.2972, 1.1319 -0.2756 1.2972, 1.0335 -0.2756 1.2972, 1.0335 -0.2362 1.2972, 0.935 -0.2362 1.2972, 0.935 -0.2756 1.2972, 0.8366 -0.2756 1.2972, 0.8366 -0.2362 1.2972, 0.7382 -0.2362 1.2972, 0.7382 -0.2756 1.2972, 0.6398 -0.2756 1.2972, 0.6398 -0.2362 1.2972, 0.5413 -0.2362 1.2972, 0.5413 -0.2756 1.2972, 0.4429 -0.2756 1.2972, 0.2461 -0.2756 1.2972, 0.2461 -0.2362 1.2972, 0.1476 -0.2362 1.2972, -1.3287 -0.2362 1.2972, -1.4272 -0.2362 1.2972, -1.3287 -0.2756 1.2972, -1.4272 -0.2756 1.2972, 0.1476 -0.2756 1.2972, 0.0492 -0.2756 1.2972, 0.3445 -0.2756 1.2972, 0.3445 -0.2362 1.2972, 0.4429 -0.2362 1.2972, 0.0492 -0.2362 1.2972, -0.0492 -0.2362 1.2972, -0.0492 -0.2756 1.2972, -0.1476 -0.2756 1.2972, -0.1476 -0.2362 1.2972, -0.2461 -0.2362 1.2972, -0.2461 -0.2756 1.2972, -0.3445 -0.2756 1.2972, -0.6398 -0.2756 1.2972, -0.7382 -0.2756 1.2972, -0.3445 -0.2362 1.2972, -0.4429 -0.2362 1.2972, -0.4429 -0.2756 1.2972, -1.2303 -0.2756 1.2972, -0.7382 -0.2362 1.2972, -0.8366 -0.2362 1.2972, -0.8366 -0.2756 1.2972, -0.935 -0.2756 1.2972, -1.0335 -0.2756 1.2972, -1.0335 -0.2362 1.2972, -0.935 -0.2362 1.2972, 3.1496 -0.1378 0.1594, 3.1496 -0.189 0.1594, 2.3622 -0.1575 1.2185, 2.6575 0.2677 1.2776, 2.6575 0.2677 0.1004, 2.5197 0.2677 0.1004, 2.5197 0.2677 1.2776, 2.6575 -0.2677 1.2776, 2.6575 -0.2677 0.1004, 2.5197 -0.2677 0.1004, 2.5197 -0.2677 1.2776, 3.1469 -0.2094 0.1391, 3.1473 -0.2064 0.142, 3.1391 -0.2283 0.1201, 3.1413 -0.2229 0.1255, 3.11 -0.2568 0.0916, 3.12 -0.2505 0.0979, 3.1265 -0.2447 0.1038, 3.1319 -0.2377 0.1108, 3.105 -0.2599 0.0885, 3.0912 -0.265 0.0834, 3.0884 -0.2657 0.0827, 3.0797 -0.2672 0.0812, 3.0912 -0.1378 0.0834, 3.1102 -0.1378 0.0913, 3.1265 -0.1378 0.1038, 3.1391 -0.1378 0.1201, 3.1469 -0.1378 0.1391, 2.3622 0.1575 1.5728, 2.313 0.1575 1.5728, 2.3622 0.1575 1.2185, 2.313 0.1575 0.2185, 2.5 0.1575 1.2185, 2.5 0.1575 0.2185, 2.5 -0.1575 0.2185, 2.313 -0.1575 1.2185, 2.313 -0.1575 0.2185, 2.2146 0.2756 1.6909, 2.1161 0.2756 1.6909, 2.2146 0.1575 1.5728, 2.1161 0.1575 1.5728, 2.1161 0.1575 0.2185, 2.2146 0.1575 0.2185, 2.2146 -0.1575 0.2185, 2.1161 -0.1575 0.2185, 2.2146 -0.1575 1.2185, 2.1161 -0.1575 1.2185, -2.3622 0.2756 1.6909, -2.313 0.2756 1.6909, 1.4272 0.2756 1.6909, 1.5256 0.2756 1.6909, -2.2146 0.2756 1.6909, -2.1161 0.2756 1.6909, -2.0177 0.2756 1.6909, 1.3287 0.2756 1.6909, 0.1476 0.2756 1.6909, 0.2461 0.2756 1.6909, 0.3445 0.2756 1.6909, 1.624 0.2756 1.6909, 1.7224 0.2756 1.6909, 1.8209 0.2756 1.6909, -1.9193 0.2756 1.6909, -1.8209 0.2756 1.6909, -1.7224 0.2756 1.6909, 0.4429 0.2756 1.6909, 0.5413 0.2756 1.6909, 0.6398 0.2756 1.6909, 1.9193 0.2756 1.6909, 2.0177 0.2756 1.6909, -1.624 0.2756 1.6909, -1.5256 0.2756 1.6909, -1.4272 0.2756 1.6909, 0.7382 0.2756 1.6909, 0.8366 0.2756 1.6909, 0.935 0.2756 1.6909, 2.313 0.2756 1.6909, 2.3622 0.2756 1.6909, -1.3287 0.2756 1.6909, -1.2303 0.2756 1.6909, -1.1319 0.2756 1.6909, -1.0335 0.2756 1.6909, 1.0335 0.2756 1.6909, 1.1319 0.2756 1.6909, 1.2303 0.2756 1.6909, -0.935 0.2756 1.6909, -0.8366 0.2756 1.6909, -0.7382 0.2756 1.6909, -0.6398 0.2756 1.6909, -0.5413 0.2756 1.6909, -0.4429 0.2756 1.6909, -0.3445 0.2756 1.6909, -0.2461 0.2756 1.6909, -0.1476 0.2756 1.6909, -0.0492 0.2756 1.6909, 0.0492 0.2756 1.6909, 2.2146 -0.2756 0.1791, 2.313 -0.2756 0.1791, 2.2146 0.2756 0.1791, 2.2244 0.2756 0.1791, 2.2244 0.2756 0.376, 2.3031 0.2756 0.1791, 2.313 0.2756 0.1791, 2.3031 0.2756 0.376
            ]
        }
        coordIndex [
            0,1,2,-1,2,1,3,-1,1,0,4,-1,1,4,5,-1,5,4,6,-1,5,6,7,-1,7,6,8,-1,7,8,9,-1,9,8,10,-1,10,8,11,-1,10,11,12,-1,12,11,13,-1,13,11,14,-1,13,14,15,-1,15,14,16,-1,16,14,17,-1,16,17,18,-1,19,20,21,-1,21,20,22,-1,23,24,25,-1,26,27,3,-1,3,27,2,-1,28,29,30,-1,2,27,31,-1,31,27,32,-1,31,32,25,-1,25,32,33,-1,25,33,23,-1,23,33,34,-1,23,34,35,-1,26,3,30,-1,30,3,36,-1,30,36,28,-1,37,38,39,-1,35,40,23,-1,23,40,37,-1,23,37,41,-1,41,37,39,-1,42,43,44,-1,45,46,47,-1,48,49,50,-1,50,49,51,-1,20,19,52,-1,52,19,53,-1,52,53,51,-1,51,53,54,-1,51,54,50,-1,50,54,55,-1,56,54,57,-1,57,54,58,-1,57,58,59,-1,54,60,61,-1,62,63,56,-1,56,63,64,-1,56,64,54,-1,54,64,65,-1,66,67,65,-1,65,67,68,-1,65,68,54,-1,54,68,69,-1,70,71,72,-1,73,74,61,-1,61,74,75,-1,61,75,54,-1,54,75,76,-1,77,78,69,-1,69,78,79,-1,69,79,54,-1,54,79,80,-1,81,82,83,-1,84,85,80,-1,80,85,86,-1,80,86,54,-1,54,86,87,-1,54,88,89,-1,54,90,91,-1,54,92,93,-1,94,95,93,-1,93,95,96,-1,93,96,54,-1,54,96,42,-1,54,42,55,-1,55,42,44,-1,97,98,89,-1,89,98,99,-1,89,99,54,-1,54,99,100,-1,101,102,91,-1,91,102,103,-1,91,103,54,-1,54,103,104,-1,105,106,107,-1,108,109,76,-1,76,109,110,-1,76,110,54,-1,54,110,111,-1,112,113,114,-1,72,88,70,-1,70,88,54,-1,70,54,115,-1,115,54,87,-1,115,87,116,-1,116,87,117,-1,118,119,111,-1,111,119,120,-1,111,120,54,-1,54,120,121,-1,83,90,81,-1,81,90,54,-1,81,54,122,-1,122,54,100,-1,122,100,123,-1,123,100,124,-1,125,126,121,-1,121,126,127,-1,121,127,54,-1,54,127,128,-1,129,130,54,-1,114,92,112,-1,112,92,54,-1,112,54,131,-1,131,54,128,-1,131,128,132,-1,132,128,133,-1,47,129,45,-1,45,129,54,-1,45,54,134,-1,134,54,104,-1,134,104,135,-1,135,104,136,-1,107,60,105,-1,105,60,54,-1,105,54,137,-1,137,54,130,-1,137,130,138,-1,138,130,139,-1,140,141,142,-1,142,141,143,-1,142,143,144,-1,144,143,145,-1,144,145,17,-1,17,145,18,-1,146,147,148,-1,149,150,151,-1,151,150,152,-1,151,152,153,-1,153,152,154,-1,155,156,157,-1,157,156,158,-1,155,157,159,-1,159,157,160,-1,159,160,154,-1,161,162,163,-1,164,165,166,-1,167,168,156,-1,169,170,171,-1,172,173,174,-1,171,167,169,-1,169,167,156,-1,169,156,175,-1,175,156,155,-1,175,155,176,-1,177,178,179,-1,180,181,156,-1,178,182,179,-1,179,182,183,-1,179,183,184,-1,185,186,187,-1,187,186,188,-1,189,185,190,-1,191,192,193,-1,194,188,195,-1,196,197,195,-1,195,197,198,-1,195,198,194,-1,194,198,199,-1,193,180,191,-1,191,180,156,-1,191,156,200,-1,200,156,168,-1,200,168,201,-1,201,168,202,-1,190,203,204,-1,194,205,179,-1,179,205,206,-1,179,206,177,-1,207,208,199,-1,199,208,209,-1,199,209,194,-1,194,209,210,-1,211,212,213,-1,213,212,156,-1,213,156,214,-1,214,156,181,-1,214,181,215,-1,215,181,216,-1,188,194,187,-1,187,194,179,-1,187,179,154,-1,154,179,217,-1,154,217,159,-1,218,219,220,-1,220,219,221,-1,220,221,222,-1,190,223,224,-1,225,226,204,-1,204,226,220,-1,204,220,190,-1,190,220,222,-1,190,222,223,-1,227,228,225,-1,225,228,229,-1,209,189,210,-1,210,189,190,-1,210,190,230,-1,230,190,224,-1,231,232,226,-1,231,226,233,-1,233,226,225,-1,233,225,176,-1,176,225,229,-1,176,229,234,-1,235,236,237,-1,176,238,239,-1,184,240,179,-1,179,240,241,-1,179,241,220,-1,220,241,242,-1,220,242,218,-1,243,244,176,-1,166,175,164,-1,164,175,176,-1,164,176,245,-1,245,176,239,-1,245,239,246,-1,246,239,247,-1,163,243,161,-1,161,243,176,-1,161,176,237,-1,237,176,234,-1,237,234,235,-1,248,249,244,-1,244,249,250,-1,244,250,176,-1,176,250,172,-1,176,172,238,-1,238,172,174,-1,251,252,253,-1,254,255,256,-1,257,258,253,-1,152,259,154,-1,154,259,260,-1,154,260,187,-1,187,260,261,-1,187,261,262,-1,187,263,264,-1,265,266,267,-1,267,266,268,-1,267,268,269,-1,269,268,270,-1,256,251,254,-1,254,251,253,-1,254,253,271,-1,271,253,272,-1,271,272,273,-1,262,274,187,-1,187,274,275,-1,187,275,263,-1,266,276,268,-1,268,276,277,-1,268,277,278,-1,278,277,279,-1,280,281,282,-1,283,284,285,-1,286,287,253,-1,288,289,279,-1,279,289,290,-1,279,290,278,-1,282,286,280,-1,280,286,253,-1,280,253,291,-1,291,253,252,-1,291,252,292,-1,292,252,293,-1,294,295,296,-1,297,298,299,-1,299,298,152,-1,299,152,273,-1,273,152,150,-1,273,150,271,-1,271,150,21,-1,271,21,22,-1,185,187,190,-1,190,187,300,-1,190,300,301,-1,279,302,288,-1,288,302,303,-1,288,303,304,-1,305,306,307,-1,307,306,308,-1,307,308,309,-1,309,308,310,-1,309,310,311,-1,312,313,267,-1,267,313,314,-1,267,314,265,-1,296,257,294,-1,294,257,253,-1,294,253,315,-1,315,253,287,-1,315,287,316,-1,316,287,317,-1,253,318,319,-1,320,321,322,-1,322,321,323,-1,305,307,267,-1,267,307,324,-1,267,324,312,-1,264,269,187,-1,187,269,270,-1,187,270,300,-1,300,270,325,-1,300,325,326,-1,304,327,288,-1,288,327,328,-1,288,328,329,-1,329,328,330,-1,329,330,331,-1,332,333,284,-1,284,333,334,-1,284,334,285,-1,285,334,322,-1,285,322,326,-1,326,322,323,-1,326,323,300,-1,335,336,299,-1,299,336,337,-1,299,337,297,-1,338,339,319,-1,319,339,340,-1,341,342,343,-1,343,342,283,-1,148,318,146,-1,146,318,253,-1,146,253,344,-1,344,253,258,-1,344,258,345,-1,345,258,346,-1,347,348,349,-1,349,348,350,-1,349,350,351,-1,351,350,352,-1,351,352,299,-1,299,352,353,-1,299,353,335,-1,354,355,343,-1,343,355,356,-1,283,285,343,-1,343,285,357,-1,343,357,354,-1,349,253,347,-1,347,253,319,-1,347,319,358,-1,358,319,340,-1,358,340,359,-1,359,340,343,-1,359,343,360,-1,360,343,356,-1,361,362,363,-1,364,365,366,-1,367,368,369,-1,369,368,370,-1,371,372,373,-1,374,375,376,-1,149,151,377,-1,53,378,379,-1,377,380,149,-1,149,380,364,-1,149,364,53,-1,53,364,366,-1,381,54,382,-1,382,54,383,-1,382,383,384,-1,384,383,385,-1,386,387,388,-1,366,389,53,-1,53,389,390,-1,53,390,391,-1,53,392,393,-1,394,395,381,-1,381,395,396,-1,381,396,54,-1,54,396,397,-1,54,397,398,-1,399,400,379,-1,379,400,401,-1,379,401,53,-1,53,401,402,-1,403,404,402,-1,402,404,405,-1,402,405,53,-1,53,405,374,-1,53,374,392,-1,392,374,376,-1,406,407,408,-1,398,386,54,-1,54,386,388,-1,54,388,158,-1,158,388,409,-1,158,409,157,-1,157,409,410,-1,411,412,391,-1,391,412,413,-1,391,413,53,-1,53,413,371,-1,53,371,378,-1,378,371,373,-1,414,369,54,-1,54,369,370,-1,54,370,383,-1,415,416,417,-1,418,419,393,-1,393,419,420,-1,393,420,53,-1,53,420,421,-1,422,423,421,-1,421,423,424,-1,421,424,53,-1,53,424,425,-1,426,427,425,-1,425,427,428,-1,425,428,53,-1,53,428,429,-1,430,431,429,-1,429,431,432,-1,429,432,53,-1,53,432,433,-1,434,435,436,-1,437,438,439,-1,439,438,440,-1,441,442,53,-1,436,441,434,-1,434,441,53,-1,434,53,443,-1,443,53,433,-1,443,433,444,-1,444,433,445,-1,446,447,442,-1,442,447,448,-1,442,448,53,-1,53,448,449,-1,450,451,449,-1,449,451,452,-1,449,452,53,-1,53,452,453,-1,53,454,455,-1,456,457,453,-1,453,457,458,-1,453,458,53,-1,53,458,406,-1,53,406,454,-1,454,406,408,-1,363,414,361,-1,361,414,54,-1,361,54,440,-1,440,54,53,-1,440,53,439,-1,439,53,459,-1,460,461,455,-1,455,461,462,-1,455,462,53,-1,53,462,463,-1,417,459,415,-1,415,459,53,-1,415,53,464,-1,464,53,463,-1,464,463,465,-1,465,463,466,-1,24,23,467,-1,467,23,468,-1,366,365,469,-1,470,32,27,-1,18,145,471,-1,472,473,471,-1,471,473,470,-1,471,470,18,-1,18,470,27,-1,34,33,141,-1,141,33,474,-1,143,141,475,-1,475,141,474,-1,475,474,476,-1,476,474,477,-1,19,21,476,-1,476,21,472,-1,473,149,53,-1,19,476,53,-1,53,476,477,-1,53,477,473,-1,472,21,473,-1,473,21,150,-1,473,150,149,-1,474,33,470,-1,470,33,32,-1,477,474,473,-1,473,474,470,-1,475,476,471,-1,471,476,472,-1,143,475,145,-1,145,475,471,-1,468,23,41,-1,39,478,41,-1,41,478,479,-1,41,479,468,-1,38,480,39,-1,39,480,481,-1,39,481,478,-1,482,483,37,-1,37,483,484,-1,37,484,38,-1,38,484,485,-1,38,485,480,-1,482,37,486,-1,486,37,40,-1,486,40,487,-1,487,40,35,-1,487,35,488,-1,488,35,489,-1,489,35,34,-1,489,34,141,-1,18,27,16,-1,16,27,26,-1,30,13,26,-1,26,13,15,-1,26,15,16,-1,9,10,30,-1,30,10,12,-1,30,12,13,-1,30,29,9,-1,9,29,28,-1,9,28,7,-1,7,28,36,-1,7,36,5,-1,5,36,3,-1,5,3,1,-1,141,140,489,-1,489,140,488,-1,488,140,487,-1,487,140,490,-1,487,490,486,-1,486,490,491,-1,486,491,482,-1,492,493,480,-1,480,485,492,-1,492,485,484,-1,492,484,491,-1,491,484,483,-1,491,483,482,-1,494,467,468,-1,468,479,494,-1,494,479,478,-1,494,478,493,-1,493,478,481,-1,493,481,480,-1,31,25,144,-1,144,25,142,-1,4,0,17,-1,2,31,0,-1,0,31,144,-1,0,144,17,-1,11,8,6,-1,4,17,6,-1,6,17,14,-1,6,14,11,-1,25,24,142,-1,142,24,467,-1,142,467,140,-1,140,467,490,-1,494,493,492,-1,494,492,467,-1,467,492,491,-1,467,491,490,-1,495,496,497,-1,497,496,498,-1,497,498,499,-1,499,498,500,-1,500,501,499,-1,499,501,364,-1,499,364,380,-1,365,364,469,-1,469,364,501,-1,469,501,502,-1,502,501,503,-1,503,501,498,-1,498,501,500,-1,377,497,380,-1,380,497,499,-1,504,505,506,-1,506,505,507,-1,507,508,506,-1,506,508,509,-1,509,508,510,-1,510,508,511,-1,510,511,512,-1,512,511,513,-1,512,513,411,-1,411,513,412,-1,48,256,49,-1,49,256,255,-1,160,514,515,-1,516,517,153,-1,515,518,160,-1,160,518,519,-1,160,519,520,-1,516,153,521,-1,522,523,154,-1,154,523,524,-1,517,525,153,-1,153,525,526,-1,153,526,527,-1,520,528,160,-1,160,528,529,-1,160,529,530,-1,524,531,154,-1,154,531,532,-1,154,532,533,-1,527,534,153,-1,153,534,535,-1,153,535,505,-1,530,536,160,-1,160,536,537,-1,160,537,538,-1,533,539,154,-1,154,539,540,-1,154,540,541,-1,505,504,153,-1,153,504,542,-1,153,542,543,-1,538,544,160,-1,160,544,545,-1,160,545,154,-1,154,545,546,-1,154,546,547,-1,541,548,154,-1,154,548,549,-1,154,549,153,-1,153,549,550,-1,153,550,521,-1,547,551,154,-1,154,551,552,-1,154,552,553,-1,553,554,154,-1,154,554,555,-1,154,555,556,-1,556,557,154,-1,154,557,558,-1,154,558,559,-1,559,560,154,-1,154,560,561,-1,154,561,522,-1,495,543,496,-1,496,543,542,-1,366,469,389,-1,389,469,502,-1,495,497,377,-1,495,377,543,-1,543,377,151,-1,543,151,153,-1,562,391,563,-1,563,391,390,-1,564,565,566,-1,567,568,569,-1,569,568,542,-1,569,542,566,-1,566,542,504,-1,566,504,564,-1,565,564,254,-1,565,254,567,-1,567,254,271,-1,567,271,568,-1,51,562,52,-1,52,562,563,-1,51,49,562,-1,562,49,255,-1,504,506,564,-1,564,506,509,-1,254,564,255,-1,255,564,509,-1,255,509,562,-1,562,509,510,-1,562,510,391,-1,391,510,512,-1,391,512,411,-1,568,271,22,-1,498,496,542,-1,503,563,502,-1,502,563,390,-1,502,390,389,-1,542,568,498,-1,498,568,22,-1,498,22,503,-1,503,22,20,-1,503,20,563,-1,563,20,52,-1,
        ]
    }
}
Shape{
    appearance Appearance {
        material  Material 	{
            diffuseColor 0.8313725490196079 0.8313725490196079 0.8196078431372549
            specularColor 0.6666666666666666 0.6666666666666666 0.6549019607843137
            ambientIntensity 0.83
            transparency 0.0
            shininess 0.5
        }
    }
    geometry IndexedFaceSet {
        ccw TRUE
        solid FALSE
        coord DEF co Coordinate {
            point [
                2.3031 0.126 1.065, 2.2244 0.126 1.065, 2.3031 0.1304 1.0645, 2.2244 0.1304 1.0645, 2.3031 0.1345 1.063, 2.2244 0.1345 1.063, 2.3031 0.1383 1.0607, 2.2244 0.1383 1.0607, 2.3031 0.1414 1.0575, 2.2244 0.1414 1.0575, 2.3031 0.1437 1.0538, 2.2244 0.1437 1.0538, 2.3031 0.1452 1.0497, 2.2244 0.1452 1.0497, 2.3031 0.1457 1.0453, 2.2244 0.1457 1.0453, 2.3031 0.1457 0.435, 2.2244 0.1457 0.435, 2.3031 0.1403 0.3943, 2.2244 0.1403 0.3943, 2.3031 0.1246 0.3563, 2.2244 0.1246 0.3563, 2.3031 0.0995 0.3237, 2.2244 0.0995 0.3237, 2.3031 0.0669 0.2987, 2.2244 0.0669 0.2987, 2.3031 0.0289 0.2829, 2.2244 0.0289 0.2829, 2.3031 -0.0118 0.2776, 2.2244 -0.0118 0.2776, 2.3031 -0.0906 0.2776, 2.2244 -0.0906 0.2776, 2.3031 -0.1109 0.2802, 2.2244 -0.1109 0.2802, 2.3031 -0.1299 0.2881, 2.2244 -0.1299 0.2881, 2.3031 -0.1462 0.3006, 2.2244 -0.1462 0.3006, 2.3031 -0.1587 0.3169, 2.2244 -0.1587 0.3169, 2.3031 -0.1666 0.3359, 2.2244 -0.1666 0.3359, 2.3031 -0.1693 0.3563, 2.2244 -0.1693 0.3563, 2.3031 -0.1693 1.0059, 2.2244 -0.1693 1.0059, 2.2244 -0.171 1.0186, 2.3031 -0.171 1.0186, 2.2244 -0.1759 1.0305, 2.3031 -0.1759 1.0305, 2.2244 -0.1837 1.0407, 2.3031 -0.1837 1.0407, 2.2244 -0.1939 1.0485, 2.3031 -0.1939 1.0485, 2.2244 -0.2058 1.0534, 2.3031 -0.2058 1.0534, 2.2244 -0.2185 1.0551, 2.3031 -0.2185 1.0551, 2.2244 -0.2312 1.0534, 2.3031 -0.2312 1.0534, 2.2244 -0.2431 1.0485, 2.3031 -0.2431 1.0485, 2.2244 -0.2533 1.0407, 2.3031 -0.2533 1.0407, 2.2244 -0.2611 1.0305, 2.3031 -0.2611 1.0305, 2.2244 -0.266 1.0186, 2.3031 -0.266 1.0186, 2.2244 -0.2677 1.0059, 2.3031 -0.2677 1.0059, 2.3031 -0.2677 0.1181, 2.2244 -0.2677 0.1181, 2.2244 -0.0315 0.0, 2.2244 0.5906 0.0, 2.3031 -0.0315 0.0, 2.3031 0.5906 0.0, 2.3031 0.2756 0.1791, 2.3031 0.2756 0.1752, 2.2244 0.2756 0.1791, 2.2244 0.2756 0.1752, 2.3031 0.1798 1.0722, 2.3031 0.2756 0.376, 2.2244 0.1798 1.0722, 2.2244 0.2756 0.376, 2.3031 0.1916 1.1273, 2.2244 0.1916 1.1273, 2.2244 0.1925 1.1374, 2.3031 0.1925 1.1374, 2.2244 0.1907 1.1473, 2.3031 0.1907 1.1473, 2.2244 0.1865 1.1565, 2.3031 0.1865 1.1565, 2.2244 0.1801 1.1643, 2.3031 0.1801 1.1643, 2.2244 0.1719 1.1702, 2.3031 0.1719 1.1702, 2.2244 0.1625 1.1738, 2.3031 0.1625 1.1738, 2.2244 0.1525 1.1749, 2.3031 0.1525 1.1749, 2.2244 0.1425 1.1735, 2.3031 0.1425 1.1735, 2.2244 0.1332 1.1695, 2.3031 0.1332 1.1695, 2.2244 0.1252 1.1633, 2.3031 0.1252 1.1633, 2.2244 0.1191 1.1553, 2.3031 0.1191 1.1553, 2.3031 0.0669 1.065, 2.2244 0.0669 1.065
            ]
        }
        coordIndex [
            0,1,2,-1,2,1,3,-1,2,3,4,-1,4,3,5,-1,4,5,6,-1,6,5,7,-1,6,7,8,-1,8,7,9,-1,8,9,10,-1,10,9,11,-1,10,11,12,-1,12,11,13,-1,12,13,14,-1,14,13,15,-1,16,14,17,-1,17,14,15,-1,16,17,18,-1,18,17,19,-1,18,19,20,-1,20,19,21,-1,20,21,22,-1,22,21,23,-1,22,23,24,-1,24,23,25,-1,24,25,26,-1,26,25,27,-1,26,27,28,-1,28,27,29,-1,30,28,31,-1,31,28,29,-1,30,31,32,-1,32,31,33,-1,32,33,34,-1,34,33,35,-1,34,35,36,-1,36,35,37,-1,36,37,38,-1,38,37,39,-1,38,39,40,-1,40,39,41,-1,40,41,42,-1,42,41,43,-1,44,42,45,-1,45,42,43,-1,44,45,46,-1,44,46,47,-1,47,46,48,-1,47,48,49,-1,49,48,50,-1,49,50,51,-1,51,50,52,-1,51,52,53,-1,53,52,54,-1,53,54,55,-1,55,54,56,-1,55,56,57,-1,57,56,58,-1,57,58,59,-1,59,58,60,-1,59,60,61,-1,61,60,62,-1,61,62,63,-1,63,62,64,-1,63,64,65,-1,65,64,66,-1,65,66,67,-1,67,66,68,-1,67,68,69,-1,70,69,71,-1,71,69,68,-1,72,73,74,-1,74,73,75,-1,76,77,78,-1,78,77,79,-1,80,81,82,-1,82,81,83,-1,84,80,85,-1,85,80,82,-1,84,85,86,-1,84,86,87,-1,87,86,88,-1,87,88,89,-1,89,88,90,-1,89,90,91,-1,91,90,92,-1,91,92,93,-1,93,92,94,-1,93,94,95,-1,95,94,96,-1,95,96,97,-1,97,96,98,-1,97,98,99,-1,99,98,100,-1,99,100,101,-1,101,100,102,-1,101,102,103,-1,103,102,104,-1,103,104,105,-1,105,104,106,-1,105,106,107,-1,108,107,109,-1,109,107,106,-1,0,108,1,-1,1,108,109,-1,
        ]
    }
}
Shape{
    appearance Appearance {
        material  Material 	{
            diffuseColor 0.6784313725490196 0.6784313725490196 0.6784313725490196
            specularColor 0.047058823529411764 0.047058823529411764 0.047058823529411764
            ambientIntensity 0.9686
            transparency 0.0
            shininess 0.5
        }
    }
    geometry IndexedFaceSet {
        ccw TRUE
        solid FALSE
        coord DEF co Coordinate {
            point [
                2.0177 0.2756 1.6909, 1.9193 0.2756 1.6909, 2.0177 0.1575 1.5728, 1.9193 0.1575 1.5728, 1.9193 0.1575 0.2185, 2.0177 0.1575 0.2185, 2.0177 -0.1575 0.2185, 1.9193 -0.1575 0.2185, 2.0177 -0.1575 1.2185, 1.9193 -0.1575 1.2185, 2.0177 -0.2362 1.2972, 1.9193 -0.2362 1.2972, 1.9193 -0.3937 0.0807, 1.9193 0.3937 0.0807, 2.0177 -0.3937 0.0807, 2.0177 0.3937 0.0807, 2.0177 -0.2756 0.1791, 2.0177 -0.2756 1.2972, 2.1161 -0.2756 0.1791, 2.1161 -0.2756 1.2972, 2.0177 0.2756 0.1791, 2.0276 0.2756 0.1791, 2.0276 0.2756 0.376, 2.1063 0.2756 0.1791, 2.1161 0.2756 0.1791, 2.1063 0.2756 0.376, 2.1161 0.2756 1.6909, 2.0177 0.3937 0.1791, 2.1161 0.3937 0.1791, 2.0177 -0.3937 0.1791, 2.1161 -0.3937 0.1791, 2.1161 0.3937 0.0807, 2.1161 0.1575 0.2185, 2.1161 0.1575 1.5728, 2.1161 -0.1575 1.2185, 2.1161 -0.1575 0.2185, 2.1161 -0.2362 1.2972, 2.1161 -0.3937 0.0807
            ]
        }
        coordIndex [
            0,1,2,-1,2,1,3,-1,3,4,2,-1,2,4,5,-1,5,4,6,-1,6,4,7,-1,6,7,8,-1,8,7,9,-1,8,9,10,-1,10,9,11,-1,12,13,14,-1,14,13,15,-1,16,17,18,-1,18,17,19,-1,20,21,22,-1,23,24,25,-1,25,24,26,-1,25,26,22,-1,22,26,0,-1,22,0,20,-1,21,20,27,-1,21,27,23,-1,23,27,28,-1,23,28,24,-1,29,16,30,-1,30,16,18,-1,29,14,16,-1,16,14,15,-1,0,2,20,-1,20,2,5,-1,27,20,15,-1,15,20,5,-1,15,5,16,-1,16,5,6,-1,16,6,17,-1,17,6,8,-1,17,8,10,-1,24,28,31,-1,32,33,26,-1,34,35,36,-1,36,35,18,-1,36,18,19,-1,26,24,32,-1,32,24,31,-1,32,31,35,-1,35,31,37,-1,35,37,18,-1,18,37,30,-1,
        ]
    }
}
Shape{
    appearance Appearance {
        material  Material 	{
            diffuseColor 0.8313725490196079 0.8313725490196079 0.8196078431372549
            specularColor 0.6666666666666666 0.6666666666666666 0.6549019607843137
            ambientIntensity 0.83
            transparency 0.0
            shininess 0.5
        }
    }
    geometry IndexedFaceSet {
        ccw TRUE
        solid FALSE
        coord DEF co Coordinate {
            point [
                2.1063 0.126 1.065, 2.0276 0.126 1.065, 2.1063 0.1304 1.0645, 2.0276 0.1304 1.0645, 2.1063 0.1345 1.063, 2.0276 0.1345 1.063, 2.1063 0.1383 1.0607, 2.0276 0.1383 1.0607, 2.1063 0.1414 1.0575, 2.0276 0.1414 1.0575, 2.1063 0.1437 1.0538, 2.0276 0.1437 1.0538, 2.1063 0.1452 1.0497, 2.0276 0.1452 1.0497, 2.1063 0.1457 1.0453, 2.0276 0.1457 1.0453, 2.1063 0.1457 0.435, 2.0276 0.1457 0.435, 2.1063 0.1403 0.3943, 2.0276 0.1403 0.3943, 2.1063 0.1246 0.3563, 2.0276 0.1246 0.3563, 2.1063 0.0995 0.3237, 2.0276 0.0995 0.3237, 2.1063 0.0669 0.2987, 2.0276 0.0669 0.2987, 2.1063 0.0289 0.2829, 2.0276 0.0289 0.2829, 2.1063 -0.0118 0.2776, 2.0276 -0.0118 0.2776, 2.1063 -0.0906 0.2776, 2.0276 -0.0906 0.2776, 2.1063 -0.1109 0.2802, 2.0276 -0.1109 0.2802, 2.1063 -0.1299 0.2881, 2.0276 -0.1299 0.2881, 2.1063 -0.1462 0.3006, 2.0276 -0.1462 0.3006, 2.1063 -0.1587 0.3169, 2.0276 -0.1587 0.3169, 2.1063 -0.1666 0.3359, 2.0276 -0.1666 0.3359, 2.1063 -0.1693 0.3563, 2.0276 -0.1693 0.3563, 2.1063 -0.1693 1.0059, 2.0276 -0.1693 1.0059, 2.0276 -0.171 1.0186, 2.1063 -0.171 1.0186, 2.0276 -0.1759 1.0305, 2.1063 -0.1759 1.0305, 2.0276 -0.1837 1.0407, 2.1063 -0.1837 1.0407, 2.0276 -0.1939 1.0485, 2.1063 -0.1939 1.0485, 2.0276 -0.2058 1.0534, 2.1063 -0.2058 1.0534, 2.0276 -0.2185 1.0551, 2.1063 -0.2185 1.0551, 2.0276 -0.2312 1.0534, 2.1063 -0.2312 1.0534, 2.0276 -0.2431 1.0485, 2.1063 -0.2431 1.0485, 2.0276 -0.2533 1.0407, 2.1063 -0.2533 1.0407, 2.0276 -0.2611 1.0305, 2.1063 -0.2611 1.0305, 2.0276 -0.266 1.0186, 2.1063 -0.266 1.0186, 2.0276 -0.2677 1.0059, 2.1063 -0.2677 1.0059, 2.1063 -0.2677 0.1752, 2.0276 -0.2677 0.1752, 2.1063 -0.5906 0.0, 2.0276 -0.5906 0.0, 2.1063 0.2756 0.0, 2.0276 0.2756 0.0, 2.1063 0.2756 0.1791, 2.0276 0.2756 0.1791, 2.1063 0.1798 1.0722, 2.1063 0.2756 0.376, 2.0276 0.1798 1.0722, 2.0276 0.2756 0.376, 2.1063 0.1916 1.1273, 2.0276 0.1916 1.1273, 2.0276 0.1925 1.1374, 2.1063 0.1925 1.1374, 2.0276 0.1907 1.1473, 2.1063 0.1907 1.1473, 2.0276 0.1865 1.1565, 2.1063 0.1865 1.1565, 2.0276 0.1801 1.1643, 2.1063 0.1801 1.1643, 2.0276 0.1719 1.1702, 2.1063 0.1719 1.1702, 2.0276 0.1625 1.1738, 2.1063 0.1625 1.1738, 2.0276 0.1525 1.1749, 2.1063 0.1525 1.1749, 2.0276 0.1425 1.1735, 2.1063 0.1425 1.1735, 2.0276 0.1332 1.1695, 2.1063 0.1332 1.1695, 2.0276 0.1252 1.1633, 2.1063 0.1252 1.1633, 2.0276 0.1191 1.1553, 2.1063 0.1191 1.1553, 2.1063 0.0669 1.065, 2.0276 0.0669 1.065
            ]
        }
        coordIndex [
            0,1,2,-1,2,1,3,-1,2,3,4,-1,4,3,5,-1,4,5,6,-1,6,5,7,-1,6,7,8,-1,8,7,9,-1,8,9,10,-1,10,9,11,-1,10,11,12,-1,12,11,13,-1,12,13,14,-1,14,13,15,-1,16,14,17,-1,17,14,15,-1,16,17,18,-1,18,17,19,-1,18,19,20,-1,20,19,21,-1,20,21,22,-1,22,21,23,-1,22,23,24,-1,24,23,25,-1,24,25,26,-1,26,25,27,-1,26,27,28,-1,28,27,29,-1,30,28,31,-1,31,28,29,-1,30,31,32,-1,32,31,33,-1,32,33,34,-1,34,33,35,-1,34,35,36,-1,36,35,37,-1,36,37,38,-1,38,37,39,-1,38,39,40,-1,40,39,41,-1,40,41,42,-1,42,41,43,-1,44,42,45,-1,45,42,43,-1,44,45,46,-1,44,46,47,-1,47,46,48,-1,47,48,49,-1,49,48,50,-1,49,50,51,-1,51,50,52,-1,51,52,53,-1,53,52,54,-1,53,54,55,-1,55,54,56,-1,55,56,57,-1,57,56,58,-1,57,58,59,-1,59,58,60,-1,59,60,61,-1,61,60,62,-1,61,62,63,-1,63,62,64,-1,63,64,65,-1,65,64,66,-1,65,66,67,-1,67,66,68,-1,67,68,69,-1,70,69,71,-1,71,69,68,-1,72,73,74,-1,74,73,75,-1,76,74,77,-1,77,74,75,-1,78,79,80,-1,80,79,81,-1,82,78,83,-1,83,78,80,-1,82,83,84,-1,82,84,85,-1,85,84,86,-1,85,86,87,-1,87,86,88,-1,87,88,89,-1,89,88,90,-1,89,90,91,-1,91,90,92,-1,91,92,93,-1,93,92,94,-1,93,94,95,-1,95,94,96,-1,95,96,97,-1,97,96,98,-1,97,98,99,-1,99,98,100,-1,99,100,101,-1,101,100,102,-1,101,102,103,-1,103,102,104,-1,103,104,105,-1,106,105,107,-1,107,105,104,-1,0,106,1,-1,1,106,107,-1,
        ]
    }
}
Shape{
    appearance Appearance {
        material  Material 	{
            diffuseColor 0.6784313725490196 0.6784313725490196 0.6784313725490196
            specularColor 0.047058823529411764 0.047058823529411764 0.047058823529411764
            ambientIntensity 0.9686
            transparency 0.0
            shininess 0.5
        }
    }
    geometry IndexedFaceSet {
        ccw TRUE
        solid FALSE
        coord DEF co Coordinate {
            point [
                1.8209 0.2756 1.6909, 1.7224 0.2756 1.6909, 1.8209 0.1575 1.5728, 1.7224 0.1575 1.5728, 1.7224 0.1575 0.2185, 1.8209 0.1575 0.2185, 1.8209 -0.1575 0.2185, 1.7224 -0.1575 0.2185, 1.8209 -0.1575 1.2185, 1.7224 -0.1575 1.2185, 1.8209 -0.2362 1.2972, 1.7224 -0.2362 1.2972, 1.7224 -0.3937 0.0807, 1.7224 0.3937 0.0807, 1.8209 -0.3937 0.0807, 1.8209 0.3937 0.0807, 1.8209 -0.2756 0.1791, 1.8209 -0.2756 1.2972, 1.9193 -0.2756 0.1791, 1.9193 -0.2756 1.2972, 1.8209 0.2756 0.1791, 1.8307 0.2756 0.1791, 1.8307 0.2756 0.376, 1.9094 0.2756 0.1791, 1.9193 0.2756 0.1791, 1.9094 0.2756 0.376, 1.9193 0.2756 1.6909, 1.8209 0.3937 0.1791, 1.9193 0.3937 0.1791, 1.8209 -0.3937 0.1791, 1.9193 -0.3937 0.1791, 1.9193 0.3937 0.0807, 1.9193 -0.3937 0.0807, 1.9193 0.1575 1.5728, 1.9193 0.1575 0.2185, 1.9193 -0.1575 0.2185, 1.9193 -0.1575 1.2185, 1.9193 -0.2362 1.2972
            ]
        }
        coordIndex [
            0,1,2,-1,2,1,3,-1,3,4,2,-1,2,4,5,-1,5,4,6,-1,6,4,7,-1,6,7,8,-1,8,7,9,-1,8,9,10,-1,10,9,11,-1,12,13,14,-1,14,13,15,-1,16,17,18,-1,18,17,19,-1,20,21,22,-1,23,24,25,-1,25,24,26,-1,25,26,22,-1,22,26,0,-1,22,0,20,-1,21,20,27,-1,21,27,23,-1,23,27,28,-1,23,28,24,-1,29,16,30,-1,30,16,18,-1,14,15,20,-1,20,15,27,-1,0,2,20,-1,20,2,5,-1,20,5,14,-1,14,5,6,-1,29,14,16,-1,16,14,6,-1,16,6,17,-1,17,6,8,-1,17,8,10,-1,28,31,24,-1,24,31,32,-1,24,32,18,-1,18,32,30,-1,33,26,34,-1,34,26,24,-1,34,24,35,-1,35,24,18,-1,35,18,36,-1,36,18,19,-1,36,19,37,-1,
        ]
    }
}
Shape{
    appearance Appearance {
        material  Material 	{
            diffuseColor 0.8313725490196079 0.8313725490196079 0.8196078431372549
            specularColor 0.6666666666666666 0.6666666666666666 0.6549019607843137
            ambientIntensity 0.83
            transparency 0.0
            shininess 0.5
        }
    }
    geometry IndexedFaceSet {
        ccw TRUE
        solid FALSE
        coord DEF co Coordinate {
            point [
                1.9094 0.126 1.065, 1.8307 0.126 1.065, 1.9094 0.1311 1.0643, 1.8307 0.1311 1.0643, 1.9094 0.1358 1.0623, 1.8307 0.1358 1.0623, 1.9094 0.1399 1.0592, 1.8307 0.1399 1.0592, 1.9094 0.143 1.0551, 1.8307 0.143 1.0551, 1.9094 0.145 1.0504, 1.8307 0.145 1.0504, 1.9094 0.1457 1.0453, 1.8307 0.1457 1.0453, 1.9094 0.1457 0.435, 1.8307 0.1457 0.435, 1.9094 0.1403 0.3943, 1.8307 0.1403 0.3943, 1.9094 0.1246 0.3563, 1.8307 0.1246 0.3563, 1.9094 0.0995 0.3237, 1.8307 0.0995 0.3237, 1.9094 0.0669 0.2987, 1.8307 0.0669 0.2987, 1.9094 0.0289 0.2829, 1.8307 0.0289 0.2829, 1.9094 -0.0118 0.2776, 1.8307 -0.0118 0.2776, 1.9094 -0.0906 0.2776, 1.8307 -0.0906 0.2776, 1.9094 -0.1109 0.2802, 1.8307 -0.1109 0.2802, 1.9094 -0.1299 0.2881, 1.8307 -0.1299 0.2881, 1.9094 -0.1462 0.3006, 1.8307 -0.1462 0.3006, 1.9094 -0.1587 0.3169, 1.8307 -0.1587 0.3169, 1.9094 -0.1666 0.3359, 1.8307 -0.1666 0.3359, 1.9094 -0.1693 0.3563, 1.8307 -0.1693 0.3563, 1.9094 -0.1693 1.0059, 1.8307 -0.1693 1.0059, 1.8307 -0.171 1.0186, 1.9094 -0.171 1.0186, 1.8307 -0.1759 1.0305, 1.9094 -0.1759 1.0305, 1.8307 -0.1837 1.0407, 1.9094 -0.1837 1.0407, 1.8307 -0.1939 1.0485, 1.9094 -0.1939 1.0485, 1.8307 -0.2058 1.0534, 1.9094 -0.2058 1.0534, 1.8307 -0.2185 1.0551, 1.9094 -0.2185 1.0551, 1.8307 -0.2312 1.0534, 1.9094 -0.2312 1.0534, 1.8307 -0.2431 1.0485, 1.9094 -0.2431 1.0485, 1.8307 -0.2533 1.0407, 1.9094 -0.2533 1.0407, 1.8307 -0.2611 1.0305, 1.9094 -0.2611 1.0305, 1.8307 -0.266 1.0186, 1.9094 -0.266 1.0186, 1.8307 -0.2677 1.0059, 1.9094 -0.2677 1.0059, 1.9094 -0.2677 0.1181, 1.8307 -0.2677 0.1181, 1.8307 -0.0315 0.0, 1.8307 0.5906 0.0, 1.9094 -0.0315 0.0, 1.9094 0.5906 0.0, 1.9094 0.2756 0.1791, 1.9094 0.2756 0.1752, 1.8307 0.2756 0.1791, 1.8307 0.2756 0.1752, 1.9094 0.1798 1.0722, 1.9094 0.2756 0.376, 1.8307 0.1798 1.0722, 1.8307 0.2756 0.376, 1.9094 0.1916 1.1273, 1.8307 0.1916 1.1273, 1.8307 0.1925 1.1374, 1.9094 0.1925 1.1374, 1.8307 0.1907 1.1473, 1.9094 0.1907 1.1473, 1.8307 0.1865 1.1565, 1.9094 0.1865 1.1565, 1.8307 0.1801 1.1643, 1.9094 0.1801 1.1643, 1.8307 0.1719 1.1702, 1.9094 0.1719 1.1702, 1.8307 0.1625 1.1738, 1.9094 0.1625 1.1738, 1.8307 0.1525 1.1749, 1.9094 0.1525 1.1749, 1.8307 0.1425 1.1735, 1.9094 0.1425 1.1735, 1.8307 0.1332 1.1695, 1.9094 0.1332 1.1695, 1.8307 0.1252 1.1633, 1.9094 0.1252 1.1633, 1.8307 0.1191 1.1553, 1.9094 0.1191 1.1553, 1.9094 0.0669 1.065, 1.8307 0.0669 1.065
            ]
        }
        coordIndex [
            0,1,2,-1,2,1,3,-1,2,3,4,-1,4,3,5,-1,4,5,6,-1,6,5,7,-1,6,7,8,-1,8,7,9,-1,8,9,10,-1,10,9,11,-1,10,11,12,-1,12,11,13,-1,14,12,15,-1,15,12,13,-1,14,15,16,-1,16,15,17,-1,16,17,18,-1,18,17,19,-1,18,19,20,-1,20,19,21,-1,20,21,22,-1,22,21,23,-1,22,23,24,-1,24,23,25,-1,24,25,26,-1,26,25,27,-1,28,26,29,-1,29,26,27,-1,28,29,30,-1,30,29,31,-1,30,31,32,-1,32,31,33,-1,32,33,34,-1,34,33,35,-1,34,35,36,-1,36,35,37,-1,36,37,38,-1,38,37,39,-1,38,39,40,-1,40,39,41,-1,42,40,43,-1,43,40,41,-1,42,43,44,-1,42,44,45,-1,45,44,46,-1,45,46,47,-1,47,46,48,-1,47,48,49,-1,49,48,50,-1,49,50,51,-1,51,50,52,-1,51,52,53,-1,53,52,54,-1,53,54,55,-1,55,54,56,-1,55,56,57,-1,57,56,58,-1,57,58,59,-1,59,58,60,-1,59,60,61,-1,61,60,62,-1,61,62,63,-1,63,62,64,-1,63,64,65,-1,65,64,66,-1,65,66,67,-1,68,67,69,-1,69,67,66,-1,70,71,72,-1,72,71,73,-1,74,75,76,-1,76,75,77,-1,78,79,80,-1,80,79,81,-1,82,78,83,-1,83,78,80,-1,82,83,84,-1,82,84,85,-1,85,84,86,-1,85,86,87,-1,87,86,88,-1,87,88,89,-1,89,88,90,-1,89,90,91,-1,91,90,92,-1,91,92,93,-1,93,92,94,-1,93,94,95,-1,95,94,96,-1,95,96,97,-1,97,96,98,-1,97,98,99,-1,99,98,100,-1,99,100,101,-1,101,100,102,-1,101,102,103,-1,103,102,104,-1,103,104,105,-1,106,105,107,-1,107,105,104,-1,0,106,1,-1,1,106,107,-1,
        ]
    }
}
Shape{
    appearance Appearance {
        material  Material 	{
            diffuseColor 0.6784313725490196 0.6784313725490196 0.6784313725490196
            specularColor 0.047058823529411764 0.047058823529411764 0.047058823529411764
            ambientIntensity 0.9686
            transparency 0.0
            shininess 0.5
        }
    }
    geometry IndexedFaceSet {
        ccw TRUE
        solid FALSE
        coord DEF co Coordinate {
            point [
                1.624 0.2756 1.6909, 1.5256 0.2756 1.6909, 1.624 0.1575 1.5728, 1.5256 0.1575 1.5728, 1.5256 0.1575 0.2185, 1.624 0.1575 0.2185, 1.624 -0.1575 0.2185, 1.5256 -0.1575 0.2185, 1.624 -0.1575 1.2185, 1.5256 -0.1575 1.2185, 1.624 -0.2362 1.2972, 1.5256 -0.2362 1.2972, 1.5256 -0.3937 0.0807, 1.5256 0.3937 0.0807, 1.624 -0.3937 0.0807, 1.624 0.3937 0.0807, 1.624 -0.2756 0.1791, 1.624 -0.2756 1.2972, 1.7224 -0.2756 0.1791, 1.7224 -0.2756 1.2972, 1.624 0.2756 0.1791, 1.6339 0.2756 0.1791, 1.6339 0.2756 0.376, 1.7126 0.2756 0.1791, 1.7224 0.2756 0.1791, 1.7126 0.2756 0.376, 1.7224 0.2756 1.6909, 1.624 0.3937 0.1791, 1.7224 0.3937 0.1791, 1.624 -0.3937 0.1791, 1.7224 -0.3937 0.1791, 1.7224 0.3937 0.0807, 1.7224 0.1575 0.2185, 1.7224 0.1575 1.5728, 1.7224 -0.1575 0.2185, 1.7224 -0.1575 1.2185, 1.7224 -0.2362 1.2972, 1.7224 -0.3937 0.0807
            ]
        }
        coordIndex [
            0,1,2,-1,2,1,3,-1,3,4,2,-1,2,4,5,-1,5,4,6,-1,6,4,7,-1,6,7,8,-1,8,7,9,-1,8,9,10,-1,10,9,11,-1,12,13,14,-1,14,13,15,-1,16,17,18,-1,18,17,19,-1,20,21,22,-1,23,24,25,-1,25,24,26,-1,25,26,22,-1,22,26,0,-1,22,0,20,-1,21,20,27,-1,21,27,23,-1,23,27,28,-1,23,28,24,-1,29,16,30,-1,30,16,18,-1,29,14,16,-1,16,14,15,-1,16,15,20,-1,20,15,27,-1,0,2,20,-1,20,2,5,-1,20,5,16,-1,16,5,6,-1,16,6,17,-1,17,6,8,-1,17,8,10,-1,24,28,31,-1,32,33,26,-1,34,18,35,-1,35,18,19,-1,35,19,36,-1,26,24,32,-1,32,24,31,-1,32,31,34,-1,34,31,37,-1,34,37,18,-1,18,37,30,-1,
        ]
    }
}
Shape{
    appearance Appearance {
        material  Material 	{
            diffuseColor 0.8313725490196079 0.8313725490196079 0.8196078431372549
            specularColor 0.6666666666666666 0.6666666666666666 0.6549019607843137
            ambientIntensity 0.83
            transparency 0.0
            shininess 0.5
        }
    }
    geometry IndexedFaceSet {
        ccw TRUE
        solid FALSE
        coord DEF co Coordinate {
            point [
                1.7126 0.126 1.065, 1.6339 0.126 1.065, 1.7126 0.1311 1.0643, 1.6339 0.1311 1.0643, 1.7126 0.1358 1.0623, 1.6339 0.1358 1.0623, 1.7126 0.1399 1.0592, 1.6339 0.1399 1.0592, 1.7126 0.143 1.0551, 1.6339 0.143 1.0551, 1.7126 0.145 1.0504, 1.6339 0.145 1.0504, 1.7126 0.1457 1.0453, 1.6339 0.1457 1.0453, 1.7126 0.1457 0.435, 1.6339 0.1457 0.435, 1.7126 0.1403 0.3943, 1.6339 0.1403 0.3943, 1.7126 0.1246 0.3563, 1.6339 0.1246 0.3563, 1.7126 0.0995 0.3237, 1.6339 0.0995 0.3237, 1.7126 0.0669 0.2987, 1.6339 0.0669 0.2987, 1.7126 0.0289 0.2829, 1.6339 0.0289 0.2829, 1.7126 -0.0118 0.2776, 1.6339 -0.0118 0.2776, 1.7126 -0.0906 0.2776, 1.6339 -0.0906 0.2776, 1.7126 -0.1109 0.2802, 1.6339 -0.1109 0.2802, 1.7126 -0.1299 0.2881, 1.6339 -0.1299 0.2881, 1.7126 -0.1462 0.3006, 1.6339 -0.1462 0.3006, 1.7126 -0.1587 0.3169, 1.6339 -0.1587 0.3169, 1.7126 -0.1666 0.3359, 1.6339 -0.1666 0.3359, 1.7126 -0.1693 0.3563, 1.6339 -0.1693 0.3563, 1.7126 -0.1693 1.0059, 1.6339 -0.1693 1.0059, 1.6339 -0.171 1.0186, 1.7126 -0.171 1.0186, 1.6339 -0.1759 1.0305, 1.7126 -0.1759 1.0305, 1.6339 -0.1837 1.0407, 1.7126 -0.1837 1.0407, 1.6339 -0.1939 1.0485, 1.7126 -0.1939 1.0485, 1.6339 -0.2058 1.0534, 1.7126 -0.2058 1.0534, 1.6339 -0.2185 1.0551, 1.7126 -0.2185 1.0551, 1.6339 -0.2312 1.0534, 1.7126 -0.2312 1.0534, 1.6339 -0.2431 1.0485, 1.7126 -0.2431 1.0485, 1.6339 -0.2533 1.0407, 1.7126 -0.2533 1.0407, 1.6339 -0.2611 1.0305, 1.7126 -0.2611 1.0305, 1.6339 -0.266 1.0186, 1.7126 -0.266 1.0186, 1.6339 -0.2677 1.0059, 1.7126 -0.2677 1.0059, 1.7126 -0.2677 0.1752, 1.6339 -0.2677 0.1752, 1.7126 -0.5906 0.0, 1.6339 -0.5906 0.0, 1.7126 0.2756 0.0, 1.6339 0.2756 0.0, 1.7126 0.2756 0.1791, 1.6339 0.2756 0.1791, 1.7126 0.1798 1.0722, 1.7126 0.2756 0.376, 1.6339 0.1798 1.0722, 1.6339 0.2756 0.376, 1.7126 0.1916 1.1273, 1.6339 0.1916 1.1273, 1.6339 0.1925 1.1374, 1.7126 0.1925 1.1374, 1.6339 0.1907 1.1473, 1.7126 0.1907 1.1473, 1.6339 0.1865 1.1565, 1.7126 0.1865 1.1565, 1.6339 0.1801 1.1643, 1.7126 0.1801 1.1643, 1.6339 0.1719 1.1702, 1.7126 0.1719 1.1702, 1.6339 0.1625 1.1738, 1.7126 0.1625 1.1738, 1.6339 0.1525 1.1749, 1.7126 0.1525 1.1749, 1.6339 0.1425 1.1735, 1.7126 0.1425 1.1735, 1.6339 0.1332 1.1695, 1.7126 0.1332 1.1695, 1.6339 0.1252 1.1633, 1.7126 0.1252 1.1633, 1.6339 0.1191 1.1553, 1.7126 0.1191 1.1553, 1.7126 0.0669 1.065, 1.6339 0.0669 1.065
            ]
        }
        coordIndex [
            0,1,2,-1,2,1,3,-1,2,3,4,-1,4,3,5,-1,4,5,6,-1,6,5,7,-1,6,7,8,-1,8,7,9,-1,8,9,10,-1,10,9,11,-1,10,11,12,-1,12,11,13,-1,14,12,15,-1,15,12,13,-1,14,15,16,-1,16,15,17,-1,16,17,18,-1,18,17,19,-1,18,19,20,-1,20,19,21,-1,20,21,22,-1,22,21,23,-1,22,23,24,-1,24,23,25,-1,24,25,26,-1,26,25,27,-1,28,26,29,-1,29,26,27,-1,28,29,30,-1,30,29,31,-1,30,31,32,-1,32,31,33,-1,32,33,34,-1,34,33,35,-1,34,35,36,-1,36,35,37,-1,36,37,38,-1,38,37,39,-1,38,39,40,-1,40,39,41,-1,42,40,43,-1,43,40,41,-1,42,43,44,-1,42,44,45,-1,45,44,46,-1,45,46,47,-1,47,46,48,-1,47,48,49,-1,49,48,50,-1,49,50,51,-1,51,50,52,-1,51,52,53,-1,53,52,54,-1,53,54,55,-1,55,54,56,-1,55,56,57,-1,57,56,58,-1,57,58,59,-1,59,58,60,-1,59,60,61,-1,61,60,62,-1,61,62,63,-1,63,62,64,-1,63,64,65,-1,65,64,66,-1,65,66,67,-1,68,67,69,-1,69,67,66,-1,70,71,72,-1,72,71,73,-1,74,72,75,-1,75,72,73,-1,76,77,78,-1,78,77,79,-1,80,76,81,-1,81,76,78,-1,80,81,82,-1,80,82,83,-1,83,82,84,-1,83,84,85,-1,85,84,86,-1,85,86,87,-1,87,86,88,-1,87,88,89,-1,89,88,90,-1,89,90,91,-1,91,90,92,-1,91,92,93,-1,93,92,94,-1,93,94,95,-1,95,94,96,-1,95,96,97,-1,97,96,98,-1,97,98,99,-1,99,98,100,-1,99,100,101,-1,101,100,102,-1,101,102,103,-1,104,103,105,-1,105,103,102,-1,0,104,1,-1,1,104,105,-1,
        ]
    }
}
Shape{
    appearance Appearance {
        material  Material 	{
            diffuseColor 0.6784313725490196 0.6784313725490196 0.6784313725490196
            specularColor 0.047058823529411764 0.047058823529411764 0.047058823529411764
            ambientIntensity 0.9686
            transparency 0.0
            shininess 0.5
        }
    }
    geometry IndexedFaceSet {
        ccw TRUE
        solid FALSE
        coord DEF co Coordinate {
            point [
                -2.3622 -0.2362 1.2972, -2.3622 -0.1575 1.2185, -2.3622 -0.1575 1.2972, -3.1496 0.189 0.1594, -3.1496 0.1378 0.1594, -3.1496 0.189 1.2972, -3.1496 0.1378 1.2972, -3.0709 0.2677 0.0807, -3.0709 0.1378 0.0807, -3.0797 0.2672 0.0812, -3.0884 0.2656 0.0828, -3.0912 0.265 0.0834, -3.0912 0.1378 0.0834, -3.105 0.2599 0.0885, -3.1102 0.1378 0.0913, -3.11 0.2568 0.0916, -3.1265 0.1378 0.1038, -3.1391 0.1378 0.1201, -3.1387 0.2281 0.1203, -3.1324 0.2381 0.1104, -3.1262 0.2443 0.1041, -3.12 0.2505 0.0979, -3.1469 0.1378 0.1391, -3.1476 0.2065 0.1419, -3.1467 0.2093 0.1392, -3.1418 0.2231 0.1253, -2.313 -0.3937 0.0807, -2.5197 -0.3937 0.0807, -2.313 0.3937 0.0807, -2.5197 0.3937 0.0807, -2.815 -0.1378 1.2972, -3.1496 -0.1378 1.2972, -3.1496 -0.189 1.2972, -3.1476 0.2065 1.2972, -3.0709 0.2677 1.2972, -2.6575 0.2677 1.2972, -2.815 0.1378 1.2972, -2.6575 -0.2677 1.2972, -3.0709 -0.2677 1.2972, -3.1391 -0.2283 1.2972, -3.1265 -0.2447 1.2972, -3.1102 -0.2572 1.2972, -3.1469 -0.2094 1.2972, -3.0912 -0.265 1.2972, -3.1418 0.2231 1.2972, -3.0884 0.2657 1.2972, -3.1324 0.2381 1.2972, -3.105 0.2599 1.2972, -3.12 0.2505 1.2972, -2.815 0.1378 0.0807, -2.6575 0.2677 0.0807, -2.815 -0.1378 0.0807, -2.6575 -0.2677 0.0807, -3.0709 -0.1378 0.0807, -3.0709 -0.2677 0.0807, -3.1496 -0.189 0.1594, -3.1496 -0.1378 0.1594, -2.6575 0.2677 1.2776, -2.6575 0.2677 0.1004, -2.5197 0.2677 0.1004, -2.5197 0.2677 1.2776, -2.6575 -0.2677 0.1004, -2.6575 -0.2677 1.2776, -2.5197 -0.2677 1.2776, -2.5197 -0.2677 0.1004, -2.5197 -0.3937 1.2972, -2.5197 0.3937 1.2972, -2.5197 0.3937 1.0679, -3.0797 -0.2672 0.0812, -3.0884 -0.2657 0.0827, -3.0912 -0.265 0.0834, -3.105 -0.2599 0.0885, -3.11 -0.2568 0.0916, -3.1391 -0.2283 0.1201, -3.1319 -0.2377 0.1108, -3.1265 -0.2447 0.1038, -3.12 -0.2505 0.0979, -3.1473 -0.2064 0.142, -3.1469 -0.2094 0.1391, -3.1413 -0.2229 0.1255, -3.1476 -0.1378 0.1419, -3.1418 -0.1378 0.1253, -3.1324 -0.1378 0.1104, -3.12 -0.1378 0.0979, -3.105 -0.1378 0.0885, -3.0884 -0.1378 0.0827, -2.313 0.1575 1.5728, -2.3622 0.1575 1.5728, -2.3622 0.1575 1.2185, -2.5 0.1575 1.2185, -2.5 0.1575 0.2185, -2.313 0.1575 0.2185, -2.5 -0.1575 0.2185, -2.5 -0.1575 1.2972, -2.5 0.2362 1.2972, -2.313 -0.1575 1.2185, -2.313 -0.1575 0.2185, -2.3622 0.2362 1.2972, -2.3622 0.3937 1.6909, -2.3622 0.3937 1.2972, -2.3622 0.2756 1.6909, -2.313 0.2756 1.6909, -2.313 -0.2362 1.2972, -2.1161 0.1575 1.5728, -2.1161 0.2756 1.6909, -2.2146 0.1575 1.5728, -2.2146 0.2756 1.6909, -2.2146 0.1575 0.2185, -2.1161 0.1575 0.2185, -2.1161 -0.1575 0.2185, -2.2146 -0.1575 0.2185, -2.1161 -0.1575 1.2185, -2.2146 -0.1575 1.2185, -2.1161 -0.2362 1.2972, -2.2146 -0.2362 1.2972, -2.2146 0.3937 0.0807, -2.1161 0.3937 0.0807, -2.2146 -0.3937 0.0807, -2.1161 -0.3937 0.0807, -2.313 -0.2756 0.1791, -2.313 -0.2756 1.2972, -2.2146 -0.2756 0.1791, -2.2146 -0.2756 1.2972, -2.313 0.2756 0.1791, -2.3031 0.2756 0.1791, -2.3031 0.2756 0.376, -2.2244 0.2756 0.1791, -2.2146 0.2756 0.1791, -2.2244 0.2756 0.376, -2.313 0.3937 0.1791, -2.2146 0.3937 0.1791, -2.313 -0.3937 0.1791, -2.2146 -0.3937 0.1791
            ]
        }
        coordIndex [
            0,1,2,-1,3,4,5,-1,5,4,6,-1,7,8,9,-1,9,8,10,-1,10,8,11,-1,11,8,12,-1,11,12,13,-1,13,12,14,-1,13,14,15,-1,16,17,18,-1,18,19,16,-1,16,19,20,-1,16,20,14,-1,14,20,21,-1,14,21,15,-1,22,4,3,-1,3,23,22,-1,22,23,24,-1,22,24,17,-1,17,24,25,-1,17,25,18,-1,26,27,28,-1,28,27,29,-1,30,31,32,-1,33,5,34,-1,34,5,6,-1,34,6,35,-1,35,6,36,-1,35,36,37,-1,37,36,30,-1,37,30,38,-1,38,30,32,-1,39,40,41,-1,32,42,38,-1,38,42,39,-1,38,39,43,-1,43,39,41,-1,33,34,44,-1,44,34,45,-1,44,45,46,-1,46,45,47,-1,46,47,48,-1,8,7,49,-1,49,7,50,-1,49,50,51,-1,51,50,52,-1,51,52,53,-1,53,52,54,-1,32,31,55,-1,55,31,56,-1,34,35,7,-1,7,35,57,-1,50,7,58,-1,58,7,57,-1,58,57,59,-1,59,57,60,-1,54,52,38,-1,38,52,61,-1,37,38,62,-1,62,38,61,-1,62,61,63,-1,63,61,64,-1,65,66,60,-1,60,66,67,-1,60,67,59,-1,59,67,29,-1,59,29,64,-1,64,29,27,-1,64,27,63,-1,63,27,65,-1,63,65,60,-1,37,62,35,-1,35,62,57,-1,62,63,57,-1,57,63,60,-1,64,61,59,-1,59,61,58,-1,61,52,58,-1,58,52,50,-1,54,38,68,-1,68,38,69,-1,69,38,70,-1,70,38,43,-1,70,43,71,-1,71,43,41,-1,71,41,72,-1,40,39,73,-1,73,74,40,-1,40,74,75,-1,40,75,41,-1,41,75,76,-1,41,76,72,-1,42,32,55,-1,55,77,42,-1,42,77,78,-1,42,78,39,-1,39,78,79,-1,39,79,73,-1,3,5,33,-1,44,24,33,-1,33,24,23,-1,33,23,3,-1,46,18,44,-1,44,18,25,-1,44,25,24,-1,15,21,48,-1,48,21,20,-1,48,20,46,-1,46,20,19,-1,46,19,18,-1,15,48,13,-1,13,48,47,-1,13,47,11,-1,11,47,45,-1,11,45,10,-1,10,45,9,-1,9,45,34,-1,9,34,7,-1,56,80,55,-1,55,80,77,-1,77,80,78,-1,78,80,81,-1,78,81,79,-1,79,81,73,-1,73,81,82,-1,73,82,74,-1,74,82,75,-1,75,82,83,-1,75,83,76,-1,76,83,72,-1,72,83,84,-1,72,84,71,-1,71,84,70,-1,70,84,85,-1,70,85,69,-1,69,85,68,-1,68,85,53,-1,68,53,54,-1,30,36,51,-1,51,36,49,-1,49,36,8,-1,8,36,6,-1,8,6,4,-1,17,16,14,-1,4,22,8,-1,8,22,17,-1,8,17,12,-1,12,17,14,-1,30,51,31,-1,31,51,53,-1,31,53,56,-1,85,81,53,-1,53,81,80,-1,53,80,56,-1,85,84,81,-1,81,84,83,-1,81,83,82,-1,86,87,88,-1,89,90,88,-1,88,90,91,-1,88,91,86,-1,92,90,93,-1,93,90,89,-1,93,89,94,-1,93,2,1,-1,95,96,1,-1,1,96,92,-1,1,92,93,-1,91,90,96,-1,96,90,92,-1,88,97,89,-1,89,97,94,-1,98,99,100,-1,100,99,97,-1,100,97,87,-1,87,97,88,-1,101,100,86,-1,86,100,87,-1,95,1,102,-1,102,1,0,-1,103,104,105,-1,105,104,106,-1,107,108,105,-1,105,108,103,-1,109,108,110,-1,110,108,107,-1,111,109,112,-1,112,109,110,-1,113,111,114,-1,114,111,112,-1,115,116,117,-1,117,116,118,-1,119,120,121,-1,121,120,122,-1,123,124,125,-1,126,127,128,-1,128,127,106,-1,128,106,125,-1,125,106,101,-1,125,101,123,-1,124,123,129,-1,124,129,126,-1,126,129,130,-1,126,130,127,-1,131,119,132,-1,132,119,121,-1,28,129,123,-1,28,123,26,-1,26,123,119,-1,26,119,131,-1,101,86,123,-1,123,86,91,-1,123,91,119,-1,119,91,96,-1,119,96,120,-1,120,96,95,-1,120,95,102,-1,130,115,127,-1,127,115,117,-1,127,117,121,-1,121,117,132,-1,105,106,107,-1,107,106,127,-1,107,127,110,-1,110,127,121,-1,110,121,112,-1,112,121,122,-1,112,122,114,-1,
        ]
    }
}
Shape{
    appearance Appearance {
        material  Material 	{
            diffuseColor 0.8313725490196079 0.8313725490196079 0.8196078431372549
            specularColor 0.6666666666666666 0.6666666666666666 0.6549019607843137
            ambientIntensity 0.83
            transparency 0.0
            shininess 0.5
        }
    }
    geometry IndexedFaceSet {
        ccw TRUE
        solid FALSE
        coord DEF co Coordinate {
            point [
                -2.2244 0.126 1.065, -2.3031 0.126 1.065, -2.2244 0.1304 1.0645, -2.3031 0.1304 1.0645, -2.2244 0.1345 1.063, -2.3031 0.1345 1.063, -2.2244 0.1383 1.0607, -2.3031 0.1383 1.0607, -2.2244 0.1414 1.0575, -2.3031 0.1414 1.0575, -2.2244 0.1437 1.0538, -2.3031 0.1437 1.0538, -2.2244 0.1452 1.0497, -2.3031 0.1452 1.0497, -2.2244 0.1457 1.0453, -2.3031 0.1457 1.0453, -2.2244 0.1457 0.435, -2.3031 0.1457 0.435, -2.2244 0.1403 0.3943, -2.3031 0.1403 0.3943, -2.2244 0.1246 0.3563, -2.3031 0.1246 0.3563, -2.2244 0.0995 0.3237, -2.3031 0.0995 0.3237, -2.2244 0.0669 0.2987, -2.3031 0.0669 0.2987, -2.2244 0.0289 0.2829, -2.3031 0.0289 0.2829, -2.2244 -0.0118 0.2776, -2.3031 -0.0118 0.2776, -2.2244 -0.0906 0.2776, -2.3031 -0.0906 0.2776, -2.2244 -0.1109 0.2802, -2.3031 -0.1109 0.2802, -2.2244 -0.1299 0.2881, -2.3031 -0.1299 0.2881, -2.2244 -0.1462 0.3006, -2.3031 -0.1462 0.3006, -2.2244 -0.1587 0.3169, -2.3031 -0.1587 0.3169, -2.2244 -0.1666 0.3359, -2.3031 -0.1666 0.3359, -2.2244 -0.1693 0.3563, -2.3031 -0.1693 0.3563, -2.2244 -0.1693 1.0059, -2.3031 -0.1693 1.0059, -2.3031 -0.171 1.0186, -2.2244 -0.171 1.0186, -2.3031 -0.1759 1.0305, -2.2244 -0.1759 1.0305, -2.3031 -0.1837 1.0407, -2.2244 -0.1837 1.0407, -2.3031 -0.1939 1.0485, -2.2244 -0.1939 1.0485, -2.3031 -0.2058 1.0534, -2.2244 -0.2058 1.0534, -2.3031 -0.2185 1.0551, -2.2244 -0.2185 1.0551, -2.3031 -0.2312 1.0534, -2.2244 -0.2312 1.0534, -2.3031 -0.2431 1.0485, -2.2244 -0.2431 1.0485, -2.3031 -0.2533 1.0407, -2.2244 -0.2533 1.0407, -2.3031 -0.2611 1.0305, -2.2244 -0.2611 1.0305, -2.3031 -0.266 1.0186, -2.2244 -0.266 1.0186, -2.3031 -0.2677 1.0059, -2.2244 -0.2677 1.0059
            ]
        }
        coordIndex [
            0,1,2,-1,2,1,3,-1,2,3,4,-1,4,3,5,-1,4,5,6,-1,6,5,7,-1,6,7,8,-1,8,7,9,-1,8,9,10,-1,10,9,11,-1,10,11,12,-1,12,11,13,-1,12,13,14,-1,14,13,15,-1,16,14,17,-1,17,14,15,-1,16,17,18,-1,18,17,19,-1,18,19,20,-1,20,19,21,-1,20,21,22,-1,22,21,23,-1,22,23,24,-1,24,23,25,-1,24,25,26,-1,26,25,27,-1,26,27,28,-1,28,27,29,-1,30,28,31,-1,31,28,29,-1,30,31,32,-1,32,31,33,-1,32,33,34,-1,34,33,35,-1,34,35,36,-1,36,35,37,-1,36,37,38,-1,38,37,39,-1,38,39,40,-1,40,39,41,-1,40,41,42,-1,42,41,43,-1,44,42,45,-1,45,42,43,-1,44,45,46,-1,44,46,47,-1,47,46,48,-1,47,48,49,-1,49,48,50,-1,49,50,51,-1,51,50,52,-1,51,52,53,-1,53,52,54,-1,53,54,55,-1,55,54,56,-1,55,56,57,-1,57,56,58,-1,57,58,59,-1,59,58,60,-1,59,60,61,-1,61,60,62,-1,61,62,63,-1,63,62,64,-1,63,64,65,-1,65,64,66,-1,65,66,67,-1,67,66,68,-1,67,68,69,-1,
        ]
    }
}
Shape{
    appearance Appearance {
        material  Material 	{
            diffuseColor 0.6784313725490196 0.6784313725490196 0.6784313725490196
            specularColor 0.047058823529411764 0.047058823529411764 0.047058823529411764
            ambientIntensity 0.9686
            transparency 0.0
            shininess 0.5
        }
    }
    geometry IndexedFaceSet {
        ccw TRUE
        solid FALSE
        coord DEF co Coordinate {
            point [
                -2.2244 -0.2677 0.1752, -2.2244 -0.2677 1.0059, -2.3031 -0.2677 0.1752, -2.3031 -0.2677 1.0059
            ]
        }
        coordIndex [
            0,1,2,-1,2,1,3,-1,
        ]
    }
}
Shape{
    appearance Appearance {
        material  Material 	{
            diffuseColor 0.8313725490196079 0.8313725490196079 0.8196078431372549
            specularColor 0.6666666666666666 0.6666666666666666 0.6549019607843137
            ambientIntensity 0.83
            transparency 0.0
            shininess 0.5
        }
    }
    geometry IndexedFaceSet {
        ccw TRUE
        solid FALSE
        coord DEF co Coordinate {
            point [
                -2.2244 -0.5906 0.0, -2.3031 -0.5906 0.0, -2.2244 0.2756 0.0, -2.3031 0.2756 0.0, -2.2244 0.2756 0.1791, -2.3031 0.2756 0.1791, -2.2244 0.1798 1.0722, -2.2244 0.2756 0.376, -2.3031 0.1798 1.0722, -2.3031 0.2756 0.376, -2.2244 0.1916 1.1273, -2.3031 0.1916 1.1273, -2.3031 0.1925 1.1374, -2.2244 0.1925 1.1374, -2.3031 0.1907 1.1473, -2.2244 0.1907 1.1473, -2.3031 0.1865 1.1565, -2.2244 0.1865 1.1565, -2.3031 0.1801 1.1643, -2.2244 0.1801 1.1643, -2.3031 0.1719 1.1702, -2.2244 0.1719 1.1702, -2.3031 0.1625 1.1738, -2.2244 0.1625 1.1738, -2.3031 0.1525 1.1749, -2.2244 0.1525 1.1749, -2.3031 0.1425 1.1735, -2.2244 0.1425 1.1735, -2.3031 0.1332 1.1695, -2.2244 0.1332 1.1695, -2.3031 0.1252 1.1633, -2.2244 0.1252 1.1633, -2.3031 0.1191 1.1553, -2.2244 0.1191 1.1553, -2.2244 0.0669 1.065, -2.3031 0.0669 1.065, -2.2244 0.126 1.065, -2.3031 0.126 1.065
            ]
        }
        coordIndex [
            0,1,2,-1,2,1,3,-1,4,2,5,-1,5,2,3,-1,6,7,8,-1,8,7,9,-1,10,6,11,-1,11,6,8,-1,10,11,12,-1,10,12,13,-1,13,12,14,-1,13,14,15,-1,15,14,16,-1,15,16,17,-1,17,16,18,-1,17,18,19,-1,19,18,20,-1,19,20,21,-1,21,20,22,-1,21,22,23,-1,23,22,24,-1,23,24,25,-1,25,24,26,-1,25,26,27,-1,27,26,28,-1,27,28,29,-1,29,28,30,-1,29,30,31,-1,31,30,32,-1,31,32,33,-1,34,33,35,-1,35,33,32,-1,36,34,37,-1,37,34,35,-1,
        ]
    }
}
Shape{
    appearance Appearance {
        material  Material 	{
            diffuseColor 0.6784313725490196 0.6784313725490196 0.6784313725490196
            specularColor 0.047058823529411764 0.047058823529411764 0.047058823529411764
            ambientIntensity 0.9686
            transparency 0.0
            shininess 0.5
        }
    }
    geometry IndexedFaceSet {
        ccw TRUE
        solid FALSE
        coord DEF co Coordinate {
            point [
                -1.9193 0.1575 1.5728, -1.9193 0.2756 1.6909, -2.0177 0.1575 1.5728, -2.0177 0.2756 1.6909, -2.0177 0.1575 0.2185, -1.9193 0.1575 0.2185, -1.9193 -0.1575 0.2185, -2.0177 -0.1575 0.2185, -1.9193 -0.1575 1.2185, -2.0177 -0.1575 1.2185, -1.9193 -0.2362 1.2972, -2.0177 -0.2362 1.2972, -2.0177 0.3937 0.0807, -1.9193 0.3937 0.0807, -2.0177 -0.3937 0.0807, -1.9193 -0.3937 0.0807, -2.1161 -0.2756 0.1791, -2.1161 -0.2756 1.2972, -2.0177 -0.2756 0.1791, -2.0177 -0.2756 1.2972, -2.1161 0.2756 0.1791, -2.1063 0.2756 0.1791, -2.1063 0.2756 0.376, -2.0276 0.2756 0.1791, -2.0177 0.2756 0.1791, -2.0276 0.2756 0.376, -2.1161 0.2756 1.6909, -2.1161 0.3937 0.1791, -2.0177 0.3937 0.1791, -2.1161 -0.3937 0.1791, -2.0177 -0.3937 0.1791, -2.1161 -0.3937 0.0807, -2.1161 0.3937 0.0807, -2.1161 0.1575 1.5728, -2.1161 0.1575 0.2185, -2.1161 -0.1575 0.2185, -2.1161 -0.1575 1.2185, -2.1161 -0.2362 1.2972
            ]
        }
        coordIndex [
            0,1,2,-1,2,1,3,-1,4,5,2,-1,2,5,0,-1,6,5,7,-1,7,5,4,-1,8,6,9,-1,9,6,7,-1,10,8,11,-1,11,8,9,-1,12,13,14,-1,14,13,15,-1,16,17,18,-1,18,17,19,-1,20,21,22,-1,23,24,25,-1,25,24,3,-1,25,3,22,-1,22,3,26,-1,22,26,20,-1,21,20,27,-1,21,27,23,-1,23,27,28,-1,23,28,24,-1,29,16,30,-1,30,16,18,-1,29,31,16,-1,16,31,32,-1,16,32,20,-1,20,32,27,-1,26,33,20,-1,20,33,34,-1,20,34,16,-1,16,34,35,-1,16,35,17,-1,17,35,36,-1,17,36,37,-1,28,12,24,-1,24,12,14,-1,24,14,18,-1,18,14,30,-1,2,3,4,-1,4,3,24,-1,4,24,7,-1,7,24,18,-1,7,18,9,-1,9,18,19,-1,9,19,11,-1,
        ]
    }
}
Shape{
    appearance Appearance {
        material  Material 	{
            diffuseColor 0.8313725490196079 0.8313725490196079 0.8196078431372549
            specularColor 0.6666666666666666 0.6666666666666666 0.6549019607843137
            ambientIntensity 0.83
            transparency 0.0
            shininess 0.5
        }
    }
    geometry IndexedFaceSet {
        ccw TRUE
        solid FALSE
        coord DEF co Coordinate {
            point [
                -2.0276 0.126 1.065, -2.1063 0.126 1.065, -2.0276 0.1304 1.0645, -2.1063 0.1304 1.0645, -2.0276 0.1345 1.063, -2.1063 0.1345 1.063, -2.0276 0.1383 1.0607, -2.1063 0.1383 1.0607, -2.0276 0.1414 1.0575, -2.1063 0.1414 1.0575, -2.0276 0.1437 1.0538, -2.1063 0.1437 1.0538, -2.0276 0.1452 1.0497, -2.1063 0.1452 1.0497, -2.0276 0.1457 1.0453, -2.1063 0.1457 1.0453, -2.0276 0.1457 0.435, -2.1063 0.1457 0.435, -2.0276 0.1403 0.3943, -2.1063 0.1403 0.3943, -2.0276 0.1246 0.3563, -2.1063 0.1246 0.3563, -2.0276 0.0995 0.3237, -2.1063 0.0995 0.3237, -2.0276 0.0669 0.2987, -2.1063 0.0669 0.2987, -2.0276 0.0289 0.2829, -2.1063 0.0289 0.2829, -2.0276 -0.0118 0.2776, -2.1063 -0.0118 0.2776, -2.0276 -0.0906 0.2776, -2.1063 -0.0906 0.2776, -2.0276 -0.1109 0.2802, -2.1063 -0.1109 0.2802, -2.0276 -0.1299 0.2881, -2.1063 -0.1299 0.2881, -2.0276 -0.1462 0.3006, -2.1063 -0.1462 0.3006, -2.0276 -0.1587 0.3169, -2.1063 -0.1587 0.3169, -2.0276 -0.1666 0.3359, -2.1063 -0.1666 0.3359, -2.0276 -0.1693 0.3563, -2.1063 -0.1693 0.3563, -2.0276 -0.1693 1.0059, -2.1063 -0.1693 1.0059, -2.1063 -0.171 1.0186, -2.0276 -0.171 1.0186, -2.1063 -0.1759 1.0305, -2.0276 -0.1759 1.0305, -2.1063 -0.1837 1.0407, -2.0276 -0.1837 1.0407, -2.1063 -0.1939 1.0485, -2.0276 -0.1939 1.0485, -2.1063 -0.2058 1.0534, -2.0276 -0.2058 1.0534, -2.1063 -0.2185 1.0551, -2.0276 -0.2185 1.0551, -2.1063 -0.2312 1.0534, -2.0276 -0.2312 1.0534, -2.1063 -0.2431 1.0485, -2.0276 -0.2431 1.0485, -2.1063 -0.2533 1.0407, -2.0276 -0.2533 1.0407, -2.1063 -0.2611 1.0305, -2.0276 -0.2611 1.0305, -2.1063 -0.266 1.0186, -2.0276 -0.266 1.0186, -2.1063 -0.2677 1.0059, -2.0276 -0.2677 1.0059
            ]
        }
        coordIndex [
            0,1,2,-1,2,1,3,-1,2,3,4,-1,4,3,5,-1,4,5,6,-1,6,5,7,-1,6,7,8,-1,8,7,9,-1,8,9,10,-1,10,9,11,-1,10,11,12,-1,12,11,13,-1,12,13,14,-1,14,13,15,-1,16,14,17,-1,17,14,15,-1,16,17,18,-1,18,17,19,-1,18,19,20,-1,20,19,21,-1,20,21,22,-1,22,21,23,-1,22,23,24,-1,24,23,25,-1,24,25,26,-1,26,25,27,-1,26,27,28,-1,28,27,29,-1,30,28,31,-1,31,28,29,-1,30,31,32,-1,32,31,33,-1,32,33,34,-1,34,33,35,-1,34,35,36,-1,36,35,37,-1,36,37,38,-1,38,37,39,-1,38,39,40,-1,40,39,41,-1,40,41,42,-1,42,41,43,-1,44,42,45,-1,45,42,43,-1,44,45,46,-1,44,46,47,-1,47,46,48,-1,47,48,49,-1,49,48,50,-1,49,50,51,-1,51,50,52,-1,51,52,53,-1,53,52,54,-1,53,54,55,-1,55,54,56,-1,55,56,57,-1,57,56,58,-1,57,58,59,-1,59,58,60,-1,59,60,61,-1,61,60,62,-1,61,62,63,-1,63,62,64,-1,63,64,65,-1,65,64,66,-1,65,66,67,-1,67,66,68,-1,67,68,69,-1,
        ]
    }
}
Shape{
    appearance Appearance {
        material  Material 	{
            diffuseColor 0.6784313725490196 0.6784313725490196 0.6784313725490196
            specularColor 0.047058823529411764 0.047058823529411764 0.047058823529411764
            ambientIntensity 0.9686
            transparency 0.0
            shininess 0.5
        }
    }
    geometry IndexedFaceSet {
        ccw TRUE
        solid FALSE
        coord DEF co Coordinate {
            point [
                -2.0276 -0.2677 0.1181, -2.0276 -0.2677 1.0059, -2.1063 -0.2677 0.1181, -2.1063 -0.2677 1.0059
            ]
        }
        coordIndex [
            0,1,2,-1,2,1,3,-1,
        ]
    }
}
Shape{
    appearance Appearance {
        material  Material 	{
            diffuseColor 0.8313725490196079 0.8313725490196079 0.8196078431372549
            specularColor 0.6666666666666666 0.6666666666666666 0.6549019607843137
            ambientIntensity 0.83
            transparency 0.0
            shininess 0.5
        }
    }
    geometry IndexedFaceSet {
        ccw TRUE
        solid FALSE
        coord DEF co Coordinate {
            point [
                -2.1063 -0.0315 0.0, -2.1063 0.5906 0.0, -2.0276 -0.0315 0.0, -2.0276 0.5906 0.0, -2.0276 0.2756 0.1791, -2.0276 0.2756 0.1752, -2.1063 0.2756 0.1791, -2.1063 0.2756 0.1752, -2.0276 0.1798 1.0722, -2.0276 0.2756 0.376, -2.1063 0.1798 1.0722, -2.1063 0.2756 0.376, -2.0276 0.1916 1.1273, -2.1063 0.1916 1.1273, -2.1063 0.1925 1.1374, -2.0276 0.1925 1.1374, -2.1063 0.1907 1.1473, -2.0276 0.1907 1.1473, -2.1063 0.1865 1.1565, -2.0276 0.1865 1.1565, -2.1063 0.1801 1.1643, -2.0276 0.1801 1.1643, -2.1063 0.1719 1.1702, -2.0276 0.1719 1.1702, -2.1063 0.1625 1.1738, -2.0276 0.1625 1.1738, -2.1063 0.1525 1.1749, -2.0276 0.1525 1.1749, -2.1063 0.1425 1.1735, -2.0276 0.1425 1.1735, -2.1063 0.1332 1.1695, -2.0276 0.1332 1.1695, -2.1063 0.1252 1.1633, -2.0276 0.1252 1.1633, -2.1063 0.1191 1.1553, -2.0276 0.1191 1.1553, -2.0276 0.0669 1.065, -2.1063 0.0669 1.065, -2.0276 0.126 1.065, -2.1063 0.126 1.065
            ]
        }
        coordIndex [
            0,1,2,-1,2,1,3,-1,4,5,6,-1,6,5,7,-1,8,9,10,-1,10,9,11,-1,12,8,13,-1,13,8,10,-1,12,13,14,-1,12,14,15,-1,15,14,16,-1,15,16,17,-1,17,16,18,-1,17,18,19,-1,19,18,20,-1,19,20,21,-1,21,20,22,-1,21,22,23,-1,23,22,24,-1,23,24,25,-1,25,24,26,-1,25,26,27,-1,27,26,28,-1,27,28,29,-1,29,28,30,-1,29,30,31,-1,31,30,32,-1,31,32,33,-1,33,32,34,-1,33,34,35,-1,36,35,37,-1,37,35,34,-1,38,36,39,-1,39,36,37,-1,
        ]
    }
}
Shape{
    appearance Appearance {
        material  Material 	{
            diffuseColor 0.6784313725490196 0.6784313725490196 0.6784313725490196
            specularColor 0.047058823529411764 0.047058823529411764 0.047058823529411764
            ambientIntensity 0.9686
            transparency 0.0
            shininess 0.5
        }
    }
    geometry IndexedFaceSet {
        ccw TRUE
        solid FALSE
        coord DEF co Coordinate {
            point [
                -1.7224 0.1575 1.5728, -1.7224 0.2756 1.6909, -1.8209 0.1575 1.5728, -1.8209 0.2756 1.6909, -1.8209 0.1575 0.2185, -1.7224 0.1575 0.2185, -1.7224 -0.1575 0.2185, -1.8209 -0.1575 0.2185, -1.7224 -0.1575 1.2185, -1.8209 -0.1575 1.2185, -1.7224 -0.2362 1.2972, -1.8209 -0.2362 1.2972, -1.8209 0.3937 0.0807, -1.7224 0.3937 0.0807, -1.8209 -0.3937 0.0807, -1.7224 -0.3937 0.0807, -1.9193 -0.2756 0.1791, -1.9193 -0.2756 1.2972, -1.8209 -0.2756 0.1791, -1.8209 -0.2756 1.2972, -1.9193 0.2756 0.1791, -1.9094 0.2756 0.1791, -1.9094 0.2756 0.376, -1.8307 0.2756 0.1791, -1.8209 0.2756 0.1791, -1.8307 0.2756 0.376, -1.9193 0.2756 1.6909, -1.9193 0.3937 0.1791, -1.8209 0.3937 0.1791, -1.9193 -0.3937 0.1791, -1.8209 -0.3937 0.1791, -1.9193 0.3937 0.0807, -1.9193 -0.3937 0.0807, -1.9193 0.1575 1.5728, -1.9193 0.1575 0.2185, -1.9193 -0.1575 0.2185, -1.9193 -0.1575 1.2185, -1.9193 -0.2362 1.2972
            ]
        }
        coordIndex [
            0,1,2,-1,2,1,3,-1,4,5,2,-1,2,5,0,-1,6,5,7,-1,7,5,4,-1,8,6,9,-1,9,6,7,-1,10,8,11,-1,11,8,9,-1,12,13,14,-1,14,13,15,-1,16,17,18,-1,18,17,19,-1,20,21,22,-1,23,24,25,-1,25,24,3,-1,25,3,22,-1,22,3,26,-1,22,26,20,-1,21,20,27,-1,21,27,23,-1,23,27,28,-1,23,28,24,-1,29,16,30,-1,30,16,18,-1,31,27,20,-1,31,20,32,-1,32,20,16,-1,32,16,29,-1,26,33,20,-1,20,33,34,-1,20,34,16,-1,16,34,35,-1,35,36,16,-1,16,36,37,-1,16,37,17,-1,28,12,24,-1,24,12,14,-1,24,14,18,-1,18,14,30,-1,2,3,4,-1,4,3,24,-1,4,24,7,-1,7,24,18,-1,7,18,9,-1,9,18,19,-1,9,19,11,-1,
        ]
    }
}
Shape{
    appearance Appearance {
        material  Material 	{
            diffuseColor 0.8313725490196079 0.8313725490196079 0.8196078431372549
            specularColor 0.6666666666666666 0.6666666666666666 0.6549019607843137
            ambientIntensity 0.83
            transparency 0.0
            shininess 0.5
        }
    }
    geometry IndexedFaceSet {
        ccw TRUE
        solid FALSE
        coord DEF co Coordinate {
            point [
                -1.8307 0.126 1.065, -1.9094 0.126 1.065, -1.8307 0.1304 1.0645, -1.9094 0.1304 1.0645, -1.8307 0.1345 1.063, -1.9094 0.1345 1.063, -1.8307 0.1383 1.0607, -1.9094 0.1383 1.0607, -1.8307 0.1414 1.0575, -1.9094 0.1414 1.0575, -1.8307 0.1437 1.0538, -1.9094 0.1437 1.0538, -1.8307 0.1452 1.0497, -1.9094 0.1452 1.0497, -1.8307 0.1457 1.0453, -1.9094 0.1457 1.0453, -1.8307 0.1457 0.435, -1.9094 0.1457 0.435, -1.8307 0.1403 0.3943, -1.9094 0.1403 0.3943, -1.8307 0.1246 0.3563, -1.9094 0.1246 0.3563, -1.8307 0.0995 0.3237, -1.9094 0.0995 0.3237, -1.8307 0.0669 0.2987, -1.9094 0.0669 0.2987, -1.8307 0.0289 0.2829, -1.9094 0.0289 0.2829, -1.8307 -0.0118 0.2776, -1.9094 -0.0118 0.2776, -1.8307 -0.0906 0.2776, -1.9094 -0.0906 0.2776, -1.8307 -0.1109 0.2802, -1.9094 -0.1109 0.2802, -1.8307 -0.1299 0.2881, -1.9094 -0.1299 0.2881, -1.8307 -0.1462 0.3006, -1.9094 -0.1462 0.3006, -1.8307 -0.1587 0.3169, -1.9094 -0.1587 0.3169, -1.8307 -0.1666 0.3359, -1.9094 -0.1666 0.3359, -1.8307 -0.1693 0.3563, -1.9094 -0.1693 0.3563, -1.8307 -0.1693 1.0059, -1.9094 -0.1693 1.0059, -1.9094 -0.171 1.0186, -1.8307 -0.171 1.0186, -1.9094 -0.1759 1.0305, -1.8307 -0.1759 1.0305, -1.9094 -0.1837 1.0407, -1.8307 -0.1837 1.0407, -1.9094 -0.1939 1.0485, -1.8307 -0.1939 1.0485, -1.9094 -0.2058 1.0534, -1.8307 -0.2058 1.0534, -1.9094 -0.2185 1.0551, -1.8307 -0.2185 1.0551, -1.9094 -0.2312 1.0534, -1.8307 -0.2312 1.0534, -1.9094 -0.2431 1.0485, -1.8307 -0.2431 1.0485, -1.9094 -0.2533 1.0407, -1.8307 -0.2533 1.0407, -1.9094 -0.2611 1.0305, -1.8307 -0.2611 1.0305, -1.9094 -0.266 1.0186, -1.8307 -0.266 1.0186, -1.9094 -0.2677 1.0059, -1.8307 -0.2677 1.0059
            ]
        }
        coordIndex [
            0,1,2,-1,2,1,3,-1,2,3,4,-1,4,3,5,-1,4,5,6,-1,6,5,7,-1,6,7,8,-1,8,7,9,-1,8,9,10,-1,10,9,11,-1,10,11,12,-1,12,11,13,-1,12,13,14,-1,14,13,15,-1,16,14,17,-1,17,14,15,-1,16,17,18,-1,18,17,19,-1,18,19,20,-1,20,19,21,-1,20,21,22,-1,22,21,23,-1,22,23,24,-1,24,23,25,-1,24,25,26,-1,26,25,27,-1,26,27,28,-1,28,27,29,-1,30,28,31,-1,31,28,29,-1,30,31,32,-1,32,31,33,-1,32,33,34,-1,34,33,35,-1,34,35,36,-1,36,35,37,-1,36,37,38,-1,38,37,39,-1,38,39,40,-1,40,39,41,-1,40,41,42,-1,42,41,43,-1,44,42,45,-1,45,42,43,-1,44,45,46,-1,44,46,47,-1,47,46,48,-1,47,48,49,-1,49,48,50,-1,49,50,51,-1,51,50,52,-1,51,52,53,-1,53,52,54,-1,53,54,55,-1,55,54,56,-1,55,56,57,-1,57,56,58,-1,57,58,59,-1,59,58,60,-1,59,60,61,-1,61,60,62,-1,61,62,63,-1,63,62,64,-1,63,64,65,-1,65,64,66,-1,65,66,67,-1,67,66,68,-1,67,68,69,-1,
        ]
    }
}
Shape{
    appearance Appearance {
        material  Material 	{
            diffuseColor 0.6784313725490196 0.6784313725490196 0.6784313725490196
            specularColor 0.047058823529411764 0.047058823529411764 0.047058823529411764
            ambientIntensity 0.9686
            transparency 0.0
            shininess 0.5
        }
    }
    geometry IndexedFaceSet {
        ccw TRUE
        solid FALSE
        coord DEF co Coordinate {
            point [
                -1.8307 -0.2677 0.1752, -1.8307 -0.2677 1.0059, -1.9094 -0.2677 0.1752, -1.9094 -0.2677 1.0059
            ]
        }
        coordIndex [
            0,1,2,-1,2,1,3,-1,
        ]
    }
}
Shape{
    appearance Appearance {
        material  Material 	{
            diffuseColor 0.8313725490196079 0.8313725490196079 0.8196078431372549
            specularColor 0.6666666666666666 0.6666666666666666 0.6549019607843137
            ambientIntensity 0.83
            transparency 0.0
            shininess 0.5
        }
    }
    geometry IndexedFaceSet {
        ccw TRUE
        solid FALSE
        coord DEF co Coordinate {
            point [
                -1.8307 -0.5906 0.0, -1.9094 -0.5906 0.0, -1.8307 0.2756 0.0, -1.9094 0.2756 0.0, -1.8307 0.2756 0.1791, -1.9094 0.2756 0.1791, -1.8307 0.1798 1.0722, -1.8307 0.2756 0.376, -1.9094 0.1798 1.0722, -1.9094 0.2756 0.376, -1.8307 0.1916 1.1273, -1.9094 0.1916 1.1273, -1.9094 0.1925 1.1374, -1.8307 0.1925 1.1374, -1.9094 0.1907 1.1473, -1.8307 0.1907 1.1473, -1.9094 0.1865 1.1565, -1.8307 0.1865 1.1565, -1.9094 0.1801 1.1643, -1.8307 0.1801 1.1643, -1.9094 0.1719 1.1702, -1.8307 0.1719 1.1702, -1.9094 0.1625 1.1738, -1.8307 0.1625 1.1738, -1.9094 0.1525 1.1749, -1.8307 0.1525 1.1749, -1.9094 0.1425 1.1735, -1.8307 0.1425 1.1735, -1.9094 0.1332 1.1695, -1.8307 0.1332 1.1695, -1.9094 0.1252 1.1633, -1.8307 0.1252 1.1633, -1.9094 0.1191 1.1553, -1.8307 0.1191 1.1553, -1.8307 0.0669 1.065, -1.9094 0.0669 1.065, -1.8307 0.126 1.065, -1.9094 0.126 1.065
            ]
        }
        coordIndex [
            0,1,2,-1,2,1,3,-1,4,2,5,-1,5,2,3,-1,6,7,8,-1,8,7,9,-1,10,6,11,-1,11,6,8,-1,10,11,12,-1,10,12,13,-1,13,12,14,-1,13,14,15,-1,15,14,16,-1,15,16,17,-1,17,16,18,-1,17,18,19,-1,19,18,20,-1,19,20,21,-1,21,20,22,-1,21,22,23,-1,23,22,24,-1,23,24,25,-1,25,24,26,-1,25,26,27,-1,27,26,28,-1,27,28,29,-1,29,28,30,-1,29,30,31,-1,31,30,32,-1,31,32,33,-1,34,33,35,-1,35,33,32,-1,36,34,37,-1,37,34,35,-1,
        ]
    }
}
Shape{
    appearance Appearance {
        material  Material 	{
            diffuseColor 0.6784313725490196 0.6784313725490196 0.6784313725490196
            specularColor 0.047058823529411764 0.047058823529411764 0.047058823529411764
            ambientIntensity 0.9686
            transparency 0.0
            shininess 0.5
        }
    }
    geometry IndexedFaceSet {
        ccw TRUE
        solid FALSE
        coord DEF co Coordinate {
            point [
                -1.5256 0.1575 1.5728, -1.5256 0.2756 1.6909, -1.624 0.1575 1.5728, -1.624 0.2756 1.6909, -1.624 0.1575 0.2185, -1.5256 0.1575 0.2185, -1.5256 -0.1575 0.2185, -1.624 -0.1575 0.2185, -1.5256 -0.1575 1.2185, -1.624 -0.1575 1.2185, -1.5256 -0.2362 1.2972, -1.624 -0.2362 1.2972, -1.624 0.3937 0.0807, -1.5256 0.3937 0.0807, -1.624 -0.3937 0.0807, -1.5256 -0.3937 0.0807, -1.7224 -0.2756 0.1791, -1.7224 -0.2756 1.2972, -1.624 -0.2756 0.1791, -1.624 -0.2756 1.2972, -1.7224 0.2756 0.1791, -1.7126 0.2756 0.1791, -1.7126 0.2756 0.376, -1.6339 0.2756 0.1791, -1.624 0.2756 0.1791, -1.6339 0.2756 0.376, -1.7224 0.2756 1.6909, -1.7224 0.3937 0.1791, -1.624 0.3937 0.1791, -1.7224 -0.3937 0.1791, -1.624 -0.3937 0.1791, -1.7224 0.3937 0.0807, -1.7224 -0.3937 0.0807, -1.7224 0.1575 1.5728, -1.7224 0.1575 0.2185, -1.7224 -0.1575 0.2185, -1.7224 -0.1575 1.2185, -1.7224 -0.2362 1.2972
            ]
        }
        coordIndex [
            0,1,2,-1,2,1,3,-1,4,5,2,-1,2,5,0,-1,6,5,7,-1,7,5,4,-1,8,6,9,-1,9,6,7,-1,10,8,11,-1,11,8,9,-1,12,13,14,-1,14,13,15,-1,16,17,18,-1,18,17,19,-1,20,21,22,-1,23,24,25,-1,25,24,3,-1,25,3,22,-1,22,3,26,-1,22,26,20,-1,21,20,27,-1,21,27,23,-1,23,27,28,-1,23,28,24,-1,29,16,30,-1,30,16,18,-1,31,27,20,-1,31,20,32,-1,32,20,16,-1,32,16,29,-1,26,33,20,-1,20,33,34,-1,20,34,16,-1,16,34,35,-1,35,36,16,-1,16,36,37,-1,16,37,17,-1,28,12,24,-1,24,12,14,-1,24,14,18,-1,18,14,30,-1,11,9,7,-1,2,3,4,-1,4,3,24,-1,4,24,7,-1,7,24,18,-1,7,18,11,-1,11,18,19,-1,
        ]
    }
}
Shape{
    appearance Appearance {
        material  Material 	{
            diffuseColor 0.8313725490196079 0.8313725490196079 0.8196078431372549
            specularColor 0.6666666666666666 0.6666666666666666 0.6549019607843137
            ambientIntensity 0.83
            transparency 0.0
            shininess 0.5
        }
    }
    geometry IndexedFaceSet {
        ccw TRUE
        solid FALSE
        coord DEF co Coordinate {
            point [
                -1.6339 0.126 1.065, -1.7126 0.126 1.065, -1.6339 0.1304 1.0645, -1.7126 0.1304 1.0645, -1.6339 0.1345 1.063, -1.7126 0.1345 1.063, -1.6339 0.1383 1.0607, -1.7126 0.1383 1.0607, -1.6339 0.1414 1.0575, -1.7126 0.1414 1.0575, -1.6339 0.1437 1.0538, -1.7126 0.1437 1.0538, -1.6339 0.1452 1.0497, -1.7126 0.1452 1.0497, -1.6339 0.1457 1.0453, -1.7126 0.1457 1.0453, -1.6339 0.1457 0.435, -1.7126 0.1457 0.435, -1.6339 0.1403 0.3943, -1.7126 0.1403 0.3943, -1.6339 0.1246 0.3563, -1.7126 0.1246 0.3563, -1.6339 0.0995 0.3237, -1.7126 0.0995 0.3237, -1.6339 0.0669 0.2987, -1.7126 0.0669 0.2987, -1.6339 0.0289 0.2829, -1.7126 0.0289 0.2829, -1.6339 -0.0118 0.2776, -1.7126 -0.0118 0.2776, -1.6339 -0.0906 0.2776, -1.7126 -0.0906 0.2776, -1.6339 -0.1109 0.2802, -1.7126 -0.1109 0.2802, -1.6339 -0.1299 0.2881, -1.7126 -0.1299 0.2881, -1.6339 -0.1462 0.3006, -1.7126 -0.1462 0.3006, -1.6339 -0.1587 0.3169, -1.7126 -0.1587 0.3169, -1.6339 -0.1666 0.3359, -1.7126 -0.1666 0.3359, -1.6339 -0.1693 0.3563, -1.7126 -0.1693 0.3563, -1.6339 -0.1693 1.0059, -1.7126 -0.1693 1.0059, -1.7126 -0.171 1.0186, -1.6339 -0.171 1.0186, -1.7126 -0.1759 1.0305, -1.6339 -0.1759 1.0305, -1.7126 -0.1837 1.0407, -1.6339 -0.1837 1.0407, -1.7126 -0.1939 1.0485, -1.6339 -0.1939 1.0485, -1.7126 -0.2058 1.0534, -1.6339 -0.2058 1.0534, -1.7126 -0.2185 1.0551, -1.6339 -0.2185 1.0551, -1.7126 -0.2312 1.0534, -1.6339 -0.2312 1.0534, -1.7126 -0.2431 1.0485, -1.6339 -0.2431 1.0485, -1.7126 -0.2533 1.0407, -1.6339 -0.2533 1.0407, -1.7126 -0.2611 1.0305, -1.6339 -0.2611 1.0305, -1.7126 -0.266 1.0186, -1.6339 -0.266 1.0186, -1.7126 -0.2677 1.0059, -1.6339 -0.2677 1.0059
            ]
        }
        coordIndex [
            0,1,2,-1,2,1,3,-1,2,3,4,-1,4,3,5,-1,4,5,6,-1,6,5,7,-1,6,7,8,-1,8,7,9,-1,8,9,10,-1,10,9,11,-1,10,11,12,-1,12,11,13,-1,12,13,14,-1,14,13,15,-1,16,14,17,-1,17,14,15,-1,16,17,18,-1,18,17,19,-1,18,19,20,-1,20,19,21,-1,20,21,22,-1,22,21,23,-1,22,23,24,-1,24,23,25,-1,24,25,26,-1,26,25,27,-1,26,27,28,-1,28,27,29,-1,30,28,31,-1,31,28,29,-1,30,31,32,-1,32,31,33,-1,32,33,34,-1,34,33,35,-1,34,35,36,-1,36,35,37,-1,36,37,38,-1,38,37,39,-1,38,39,40,-1,40,39,41,-1,40,41,42,-1,42,41,43,-1,44,42,45,-1,45,42,43,-1,44,45,46,-1,44,46,47,-1,47,46,48,-1,47,48,49,-1,49,48,50,-1,49,50,51,-1,51,50,52,-1,51,52,53,-1,53,52,54,-1,53,54,55,-1,55,54,56,-1,55,56,57,-1,57,56,58,-1,57,58,59,-1,59,58,60,-1,59,60,61,-1,61,60,62,-1,61,62,63,-1,63,62,64,-1,63,64,65,-1,65,64,66,-1,65,66,67,-1,67,66,68,-1,67,68,69,-1,
        ]
    }
}
Shape{
    appearance Appearance {
        material  Material 	{
            diffuseColor 0.6784313725490196 0.6784313725490196 0.6784313725490196
            specularColor 0.047058823529411764 0.047058823529411764 0.047058823529411764
            ambientIntensity 0.9686
            transparency 0.0
            shininess 0.5
        }
    }
    geometry IndexedFaceSet {
        ccw TRUE
        solid FALSE
        coord DEF co Coordinate {
            point [
                -1.6339 -0.2677 0.1181, -1.6339 -0.2677 1.0059, -1.7126 -0.2677 0.1181, -1.7126 -0.2677 1.0059
            ]
        }
        coordIndex [
            0,1,2,-1,2,1,3,-1,
        ]
    }
}
Shape{
    appearance Appearance {
        material  Material 	{
            diffuseColor 0.8313725490196079 0.8313725490196079 0.8196078431372549
            specularColor 0.6666666666666666 0.6666666666666666 0.6549019607843137
            ambientIntensity 0.83
            transparency 0.0
            shininess 0.5
        }
    }
    geometry IndexedFaceSet {
        ccw TRUE
        solid FALSE
        coord DEF co Coordinate {
            point [
                -1.7126 -0.0315 0.0, -1.7126 0.5906 0.0, -1.6339 -0.0315 0.0, -1.6339 0.5906 0.0, -1.6339 0.2756 0.1791, -1.6339 0.2756 0.1752, -1.7126 0.2756 0.1791, -1.7126 0.2756 0.1752, -1.6339 0.1798 1.0722, -1.6339 0.2756 0.376, -1.7126 0.1798 1.0722, -1.7126 0.2756 0.376, -1.6339 0.1916 1.1273, -1.7126 0.1916 1.1273, -1.7126 0.1925 1.1374, -1.6339 0.1925 1.1374, -1.7126 0.1907 1.1473, -1.6339 0.1907 1.1473, -1.7126 0.1865 1.1565, -1.6339 0.1865 1.1565, -1.7126 0.1801 1.1643, -1.6339 0.1801 1.1643, -1.7126 0.1719 1.1702, -1.6339 0.1719 1.1702, -1.7126 0.1625 1.1738, -1.6339 0.1625 1.1738, -1.7126 0.1525 1.1749, -1.6339 0.1525 1.1749, -1.7126 0.1425 1.1735, -1.6339 0.1425 1.1735, -1.7126 0.1332 1.1695, -1.6339 0.1332 1.1695, -1.7126 0.1252 1.1633, -1.6339 0.1252 1.1633, -1.7126 0.1191 1.1553, -1.6339 0.1191 1.1553, -1.6339 0.0669 1.065, -1.7126 0.0669 1.065, -1.6339 0.126 1.065, -1.7126 0.126 1.065
            ]
        }
        coordIndex [
            0,1,2,-1,2,1,3,-1,4,5,6,-1,6,5,7,-1,8,9,10,-1,10,9,11,-1,12,8,13,-1,13,8,10,-1,12,13,14,-1,12,14,15,-1,15,14,16,-1,15,16,17,-1,17,16,18,-1,17,18,19,-1,19,18,20,-1,19,20,21,-1,21,20,22,-1,21,22,23,-1,23,22,24,-1,23,24,25,-1,25,24,26,-1,25,26,27,-1,27,26,28,-1,27,28,29,-1,29,28,30,-1,29,30,31,-1,31,30,32,-1,31,32,33,-1,33,32,34,-1,33,34,35,-1,36,35,37,-1,37,35,34,-1,38,36,39,-1,39,36,37,-1,
        ]
    }
}
Shape{
    appearance Appearance {
        material  Material 	{
            diffuseColor 0.6784313725490196 0.6784313725490196 0.6784313725490196
            specularColor 0.047058823529411764 0.047058823529411764 0.047058823529411764
            ambientIntensity 0.9686
            transparency 0.0
            shininess 0.5
        }
    }
    geometry IndexedFaceSet {
        ccw TRUE
        solid FALSE
        coord DEF co Coordinate {
            point [
                -1.3287 0.1575 1.5728, -1.3287 0.2756 1.6909, -1.4272 0.1575 1.5728, -1.4272 0.2756 1.6909, -1.4272 0.1575 0.2185, -1.3287 0.1575 0.2185, -1.3287 -0.1575 0.2185, -1.4272 -0.1575 0.2185, -1.3287 -0.1575 1.2185, -1.4272 -0.1575 1.2185, -1.3287 -0.2362 1.2972, -1.4272 -0.2362 1.2972, -1.4272 0.3937 0.0807, -1.3287 0.3937 0.0807, -1.4272 -0.3937 0.0807, -1.3287 -0.3937 0.0807, -1.5256 -0.2756 0.1791, -1.5256 -0.2756 1.2972, -1.4272 -0.2756 0.1791, -1.4272 -0.2756 1.2972, -1.5256 0.2756 0.1791, -1.5157 0.2756 0.1791, -1.5157 0.2756 0.376, -1.437 0.2756 0.1791, -1.4272 0.2756 0.1791, -1.437 0.2756 0.376, -1.5256 0.2756 1.6909, -1.5256 0.3937 0.1791, -1.4272 0.3937 0.1791, -1.5256 -0.3937 0.1791, -1.4272 -0.3937 0.1791, -1.5256 0.3937 0.0807, -1.5256 -0.3937 0.0807, -1.5256 0.1575 1.5728, -1.5256 0.1575 0.2185, -1.5256 -0.1575 0.2185, -1.5256 -0.1575 1.2185, -1.5256 -0.2362 1.2972
            ]
        }
        coordIndex [
            0,1,2,-1,2,1,3,-1,4,5,2,-1,2,5,0,-1,6,5,7,-1,7,5,4,-1,8,6,9,-1,9,6,7,-1,10,8,11,-1,11,8,9,-1,12,13,14,-1,14,13,15,-1,16,17,18,-1,18,17,19,-1,20,21,22,-1,23,24,25,-1,25,24,3,-1,25,3,22,-1,22,3,26,-1,22,26,20,-1,21,20,27,-1,21,27,23,-1,23,27,28,-1,23,28,24,-1,29,16,30,-1,30,16,18,-1,31,27,20,-1,31,20,32,-1,32,20,16,-1,32,16,29,-1,26,33,20,-1,20,33,34,-1,20,34,16,-1,16,34,35,-1,35,36,16,-1,16,36,37,-1,16,37,17,-1,24,28,12,-1,12,14,18,-1,18,14,30,-1,11,9,7,-1,4,2,3,-1,3,24,4,-1,4,24,12,-1,4,12,7,-1,7,12,18,-1,7,18,11,-1,11,18,19,-1,
        ]
    }
}
Shape{
    appearance Appearance {
        material  Material 	{
            diffuseColor 0.8313725490196079 0.8313725490196079 0.8196078431372549
            specularColor 0.6666666666666666 0.6666666666666666 0.6549019607843137
            ambientIntensity 0.83
            transparency 0.0
            shininess 0.5
        }
    }
    geometry IndexedFaceSet {
        ccw TRUE
        solid FALSE
        coord DEF co Coordinate {
            point [
                -1.437 0.126 1.065, -1.5157 0.126 1.065, -1.437 0.1304 1.0645, -1.5157 0.1304 1.0645, -1.437 0.1345 1.063, -1.5157 0.1345 1.063, -1.437 0.1383 1.0607, -1.5157 0.1383 1.0607, -1.437 0.1414 1.0575, -1.5157 0.1414 1.0575, -1.437 0.1437 1.0538, -1.5157 0.1437 1.0538, -1.437 0.1452 1.0497, -1.5157 0.1452 1.0497, -1.437 0.1457 1.0453, -1.5157 0.1457 1.0453, -1.437 0.1457 0.435, -1.5157 0.1457 0.435, -1.437 0.1403 0.3943, -1.5157 0.1403 0.3943, -1.437 0.1246 0.3563, -1.5157 0.1246 0.3563, -1.437 0.0995 0.3237, -1.5157 0.0995 0.3237, -1.437 0.0669 0.2987, -1.5157 0.0669 0.2987, -1.437 0.0289 0.2829, -1.5157 0.0289 0.2829, -1.437 -0.0118 0.2776, -1.5157 -0.0118 0.2776, -1.437 -0.0906 0.2776, -1.5157 -0.0906 0.2776, -1.437 -0.1109 0.2802, -1.5157 -0.1109 0.2802, -1.437 -0.1299 0.2881, -1.5157 -0.1299 0.2881, -1.437 -0.1462 0.3006, -1.5157 -0.1462 0.3006, -1.437 -0.1587 0.3169, -1.5157 -0.1587 0.3169, -1.437 -0.1666 0.3359, -1.5157 -0.1666 0.3359, -1.437 -0.1693 0.3563, -1.5157 -0.1693 0.3563, -1.437 -0.1693 1.0059, -1.5157 -0.1693 1.0059, -1.5157 -0.171 1.0186, -1.437 -0.171 1.0186, -1.5157 -0.1759 1.0305, -1.437 -0.1759 1.0305, -1.5157 -0.1837 1.0407, -1.437 -0.1837 1.0407, -1.5157 -0.1939 1.0485, -1.437 -0.1939 1.0485, -1.5157 -0.2058 1.0534, -1.437 -0.2058 1.0534, -1.5157 -0.2185 1.0551, -1.437 -0.2185 1.0551, -1.5157 -0.2312 1.0534, -1.437 -0.2312 1.0534, -1.5157 -0.2431 1.0485, -1.437 -0.2431 1.0485, -1.5157 -0.2533 1.0407, -1.437 -0.2533 1.0407, -1.5157 -0.2611 1.0305, -1.437 -0.2611 1.0305, -1.5157 -0.266 1.0186, -1.437 -0.266 1.0186, -1.5157 -0.2677 1.0059, -1.437 -0.2677 1.0059
            ]
        }
        coordIndex [
            0,1,2,-1,2,1,3,-1,2,3,4,-1,4,3,5,-1,4,5,6,-1,6,5,7,-1,6,7,8,-1,8,7,9,-1,8,9,10,-1,10,9,11,-1,10,11,12,-1,12,11,13,-1,12,13,14,-1,14,13,15,-1,16,14,17,-1,17,14,15,-1,16,17,18,-1,18,17,19,-1,18,19,20,-1,20,19,21,-1,20,21,22,-1,22,21,23,-1,22,23,24,-1,24,23,25,-1,24,25,26,-1,26,25,27,-1,26,27,28,-1,28,27,29,-1,30,28,31,-1,31,28,29,-1,30,31,32,-1,32,31,33,-1,32,33,34,-1,34,33,35,-1,34,35,36,-1,36,35,37,-1,36,37,38,-1,38,37,39,-1,38,39,40,-1,40,39,41,-1,40,41,42,-1,42,41,43,-1,44,42,45,-1,45,42,43,-1,44,45,46,-1,44,46,47,-1,47,46,48,-1,47,48,49,-1,49,48,50,-1,49,50,51,-1,51,50,52,-1,51,52,53,-1,53,52,54,-1,53,54,55,-1,55,54,56,-1,55,56,57,-1,57,56,58,-1,57,58,59,-1,59,58,60,-1,59,60,61,-1,61,60,62,-1,61,62,63,-1,63,62,64,-1,63,64,65,-1,65,64,66,-1,65,66,67,-1,67,66,68,-1,67,68,69,-1,
        ]
    }
}
Shape{
    appearance Appearance {
        material  Material 	{
            diffuseColor 0.6784313725490196 0.6784313725490196 0.6784313725490196
            specularColor 0.047058823529411764 0.047058823529411764 0.047058823529411764
            ambientIntensity 0.9686
            transparency 0.0
            shininess 0.5
        }
    }
    geometry IndexedFaceSet {
        ccw TRUE
        solid FALSE
        coord DEF co Coordinate {
            point [
                -1.437 -0.2677 0.1752, -1.437 -0.2677 1.0059, -1.5157 -0.2677 0.1752, -1.5157 -0.2677 1.0059
            ]
        }
        coordIndex [
            0,1,2,-1,2,1,3,-1,
        ]
    }
}
Shape{
    appearance Appearance {
        material  Material 	{
            diffuseColor 0.8313725490196079 0.8313725490196079 0.8196078431372549
            specularColor 0.6666666666666666 0.6666666666666666 0.6549019607843137
            ambientIntensity 0.83
            transparency 0.0
            shininess 0.5
        }
    }
    geometry IndexedFaceSet {
        ccw TRUE
        solid FALSE
        coord DEF co Coordinate {
            point [
                -1.437 -0.5906 0.0, -1.5157 -0.5906 0.0, -1.437 0.2756 0.0, -1.5157 0.2756 0.0, -1.437 0.2756 0.1791, -1.5157 0.2756 0.1791, -1.437 0.1798 1.0722, -1.437 0.2756 0.376, -1.5157 0.1798 1.0722, -1.5157 0.2756 0.376, -1.437 0.1916 1.1273, -1.5157 0.1916 1.1273, -1.5157 0.1925 1.1374, -1.437 0.1925 1.1374, -1.5157 0.1907 1.1473, -1.437 0.1907 1.1473, -1.5157 0.1865 1.1565, -1.437 0.1865 1.1565, -1.5157 0.1801 1.1643, -1.437 0.1801 1.1643, -1.5157 0.1719 1.1702, -1.437 0.1719 1.1702, -1.5157 0.1625 1.1738, -1.437 0.1625 1.1738, -1.5157 0.1525 1.1749, -1.437 0.1525 1.1749, -1.5157 0.1425 1.1735, -1.437 0.1425 1.1735, -1.5157 0.1332 1.1695, -1.437 0.1332 1.1695, -1.5157 0.1252 1.1633, -1.437 0.1252 1.1633, -1.5157 0.1191 1.1553, -1.437 0.1191 1.1553, -1.437 0.0669 1.065, -1.5157 0.0669 1.065, -1.437 0.126 1.065, -1.5157 0.126 1.065
            ]
        }
        coordIndex [
            0,1,2,-1,2,1,3,-1,4,2,5,-1,5,2,3,-1,6,7,8,-1,8,7,9,-1,10,6,11,-1,11,6,8,-1,10,11,12,-1,10,12,13,-1,13,12,14,-1,13,14,15,-1,15,14,16,-1,15,16,17,-1,17,16,18,-1,17,18,19,-1,19,18,20,-1,19,20,21,-1,21,20,22,-1,21,22,23,-1,23,22,24,-1,23,24,25,-1,25,24,26,-1,25,26,27,-1,27,26,28,-1,27,28,29,-1,29,28,30,-1,29,30,31,-1,31,30,32,-1,31,32,33,-1,34,33,35,-1,35,33,32,-1,36,34,37,-1,37,34,35,-1,
        ]
    }
}
Shape{
    appearance Appearance {
        material  Material 	{
            diffuseColor 0.6784313725490196 0.6784313725490196 0.6784313725490196
            specularColor 0.047058823529411764 0.047058823529411764 0.047058823529411764
            ambientIntensity 0.9686
            transparency 0.0
            shininess 0.5
        }
    }
    geometry IndexedFaceSet {
        ccw TRUE
        solid FALSE
        coord DEF co Coordinate {
            point [
                -1.1319 0.1575 1.5728, -1.1319 0.2756 1.6909, -1.2303 0.1575 1.5728, -1.2303 0.2756 1.6909, -1.2303 0.1575 0.2185, -1.1319 0.1575 0.2185, -1.1319 -0.1575 0.2185, -1.2303 -0.1575 0.2185, -1.1319 -0.1575 1.2185, -1.2303 -0.1575 1.2185, -1.1319 -0.2362 1.2972, -1.2303 -0.2362 1.2972, -1.2303 0.3937 0.0807, -1.1319 0.3937 0.0807, -1.2303 -0.3937 0.0807, -1.1319 -0.3937 0.0807, -1.3287 -0.2756 0.1791, -1.3287 -0.2756 1.2972, -1.2303 -0.2756 0.1791, -1.2303 -0.2756 1.2972, -1.3287 0.2756 0.1791, -1.3189 0.2756 0.1791, -1.3189 0.2756 0.376, -1.2402 0.2756 0.1791, -1.2303 0.2756 0.1791, -1.2402 0.2756 0.376, -1.3287 0.2756 1.6909, -1.3287 0.3937 0.1791, -1.2303 0.3937 0.1791, -1.3287 -0.3937 0.1791, -1.2303 -0.3937 0.1791, -1.3287 0.3937 0.0807, -1.3287 -0.3937 0.0807, -1.3287 0.1575 1.5728, -1.3287 0.1575 0.2185, -1.3287 -0.1575 0.2185, -1.3287 -0.1575 1.2185, -1.3287 -0.2362 1.2972
            ]
        }
        coordIndex [
            0,1,2,-1,2,1,3,-1,4,5,2,-1,2,5,0,-1,6,5,7,-1,7,5,4,-1,8,6,9,-1,9,6,7,-1,10,8,11,-1,11,8,9,-1,12,13,14,-1,14,13,15,-1,16,17,18,-1,18,17,19,-1,20,21,22,-1,23,24,25,-1,25,24,3,-1,25,3,22,-1,22,3,26,-1,22,26,20,-1,21,20,27,-1,21,27,23,-1,23,27,28,-1,23,28,24,-1,29,16,30,-1,30,16,18,-1,31,27,20,-1,31,20,32,-1,32,20,16,-1,32,16,29,-1,26,33,20,-1,20,33,34,-1,20,34,16,-1,16,34,35,-1,16,35,17,-1,17,35,36,-1,17,36,37,-1,24,28,12,-1,12,14,18,-1,18,14,30,-1,11,9,7,-1,4,2,3,-1,3,24,4,-1,4,24,12,-1,4,12,7,-1,7,12,18,-1,7,18,11,-1,11,18,19,-1,
        ]
    }
}
Shape{
    appearance Appearance {
        material  Material 	{
            diffuseColor 0.8313725490196079 0.8313725490196079 0.8196078431372549
            specularColor 0.6666666666666666 0.6666666666666666 0.6549019607843137
            ambientIntensity 0.83
            transparency 0.0
            shininess 0.5
        }
    }
    geometry IndexedFaceSet {
        ccw TRUE
        solid FALSE
        coord DEF co Coordinate {
            point [
                -1.2402 0.126 1.065, -1.3189 0.126 1.065, -1.2402 0.1311 1.0643, -1.3189 0.1311 1.0643, -1.2402 0.1358 1.0623, -1.3189 0.1358 1.0623, -1.2402 0.1399 1.0592, -1.3189 0.1399 1.0592, -1.2402 0.143 1.0551, -1.3189 0.143 1.0551, -1.2402 0.145 1.0504, -1.3189 0.145 1.0504, -1.2402 0.1457 1.0453, -1.3189 0.1457 1.0453, -1.2402 0.1457 0.435, -1.3189 0.1457 0.435, -1.2402 0.1403 0.3943, -1.3189 0.1403 0.3943, -1.2402 0.1246 0.3563, -1.3189 0.1246 0.3563, -1.2402 0.0995 0.3237, -1.3189 0.0995 0.3237, -1.2402 0.0669 0.2987, -1.3189 0.0669 0.2987, -1.2402 0.0289 0.2829, -1.3189 0.0289 0.2829, -1.2402 -0.0118 0.2776, -1.3189 -0.0118 0.2776, -1.2402 -0.0906 0.2776, -1.3189 -0.0906 0.2776, -1.2402 -0.1109 0.2802, -1.3189 -0.1109 0.2802, -1.2402 -0.1299 0.2881, -1.3189 -0.1299 0.2881, -1.2402 -0.1462 0.3006, -1.3189 -0.1462 0.3006, -1.2402 -0.1587 0.3169, -1.3189 -0.1587 0.3169, -1.2402 -0.1666 0.3359, -1.3189 -0.1666 0.3359, -1.2402 -0.1693 0.3563, -1.3189 -0.1693 0.3563, -1.2402 -0.1693 1.0059, -1.3189 -0.1693 1.0059, -1.3189 -0.171 1.0186, -1.2402 -0.171 1.0186, -1.3189 -0.1759 1.0305, -1.2402 -0.1759 1.0305, -1.3189 -0.1837 1.0407, -1.2402 -0.1837 1.0407, -1.3189 -0.1939 1.0485, -1.2402 -0.1939 1.0485, -1.3189 -0.2058 1.0534, -1.2402 -0.2058 1.0534, -1.3189 -0.2185 1.0551, -1.2402 -0.2185 1.0551, -1.3189 -0.2312 1.0534, -1.2402 -0.2312 1.0534, -1.3189 -0.2431 1.0485, -1.2402 -0.2431 1.0485, -1.3189 -0.2533 1.0407, -1.2402 -0.2533 1.0407, -1.3189 -0.2611 1.0305, -1.2402 -0.2611 1.0305, -1.3189 -0.266 1.0186, -1.2402 -0.266 1.0186, -1.3189 -0.2677 1.0059, -1.2402 -0.2677 1.0059
            ]
        }
        coordIndex [
            0,1,2,-1,2,1,3,-1,2,3,4,-1,4,3,5,-1,4,5,6,-1,6,5,7,-1,6,7,8,-1,8,7,9,-1,8,9,10,-1,10,9,11,-1,10,11,12,-1,12,11,13,-1,14,12,15,-1,15,12,13,-1,14,15,16,-1,16,15,17,-1,16,17,18,-1,18,17,19,-1,18,19,20,-1,20,19,21,-1,20,21,22,-1,22,21,23,-1,22,23,24,-1,24,23,25,-1,24,25,26,-1,26,25,27,-1,28,26,29,-1,29,26,27,-1,28,29,30,-1,30,29,31,-1,30,31,32,-1,32,31,33,-1,32,33,34,-1,34,33,35,-1,34,35,36,-1,36,35,37,-1,36,37,38,-1,38,37,39,-1,38,39,40,-1,40,39,41,-1,42,40,43,-1,43,40,41,-1,42,43,44,-1,42,44,45,-1,45,44,46,-1,45,46,47,-1,47,46,48,-1,47,48,49,-1,49,48,50,-1,49,50,51,-1,51,50,52,-1,51,52,53,-1,53,52,54,-1,53,54,55,-1,55,54,56,-1,55,56,57,-1,57,56,58,-1,57,58,59,-1,59,58,60,-1,59,60,61,-1,61,60,62,-1,61,62,63,-1,63,62,64,-1,63,64,65,-1,65,64,66,-1,65,66,67,-1,
        ]
    }
}
Shape{
    appearance Appearance {
        material  Material 	{
            diffuseColor 0.6784313725490196 0.6784313725490196 0.6784313725490196
            specularColor 0.047058823529411764 0.047058823529411764 0.047058823529411764
            ambientIntensity 0.9686
            transparency 0.0
            shininess 0.5
        }
    }
    geometry IndexedFaceSet {
        ccw TRUE
        solid FALSE
        coord DEF co Coordinate {
            point [
                -1.2402 -0.2677 0.1181, -1.2402 -0.2677 1.0059, -1.3189 -0.2677 0.1181, -1.3189 -0.2677 1.0059
            ]
        }
        coordIndex [
            0,1,2,-1,2,1,3,-1,
        ]
    }
}
Shape{
    appearance Appearance {
        material  Material 	{
            diffuseColor 0.8313725490196079 0.8313725490196079 0.8196078431372549
            specularColor 0.6666666666666666 0.6666666666666666 0.6549019607843137
            ambientIntensity 0.83
            transparency 0.0
            shininess 0.5
        }
    }
    geometry IndexedFaceSet {
        ccw TRUE
        solid FALSE
        coord DEF co Coordinate {
            point [
                -1.3189 -0.0315 0.0, -1.3189 0.5906 0.0, -1.2402 -0.0315 0.0, -1.2402 0.5906 0.0, -1.2402 0.2756 0.1791, -1.2402 0.2756 0.1752, -1.3189 0.2756 0.1791, -1.3189 0.2756 0.1752, -1.2402 0.1798 1.0722, -1.2402 0.2756 0.376, -1.3189 0.1798 1.0722, -1.3189 0.2756 0.376, -1.2402 0.1916 1.1273, -1.3189 0.1916 1.1273, -1.3189 0.1925 1.1374, -1.2402 0.1925 1.1374, -1.3189 0.1907 1.1473, -1.2402 0.1907 1.1473, -1.3189 0.1865 1.1565, -1.2402 0.1865 1.1565, -1.3189 0.1801 1.1643, -1.2402 0.1801 1.1643, -1.3189 0.1719 1.1702, -1.2402 0.1719 1.1702, -1.3189 0.1625 1.1738, -1.2402 0.1625 1.1738, -1.3189 0.1525 1.1749, -1.2402 0.1525 1.1749, -1.3189 0.1425 1.1735, -1.2402 0.1425 1.1735, -1.3189 0.1332 1.1695, -1.2402 0.1332 1.1695, -1.3189 0.1252 1.1633, -1.2402 0.1252 1.1633, -1.3189 0.1191 1.1553, -1.2402 0.1191 1.1553, -1.2402 0.0669 1.065, -1.3189 0.0669 1.065, -1.2402 0.126 1.065, -1.3189 0.126 1.065
            ]
        }
        coordIndex [
            0,1,2,-1,2,1,3,-1,4,5,6,-1,6,5,7,-1,8,9,10,-1,10,9,11,-1,12,8,13,-1,13,8,10,-1,12,13,14,-1,12,14,15,-1,15,14,16,-1,15,16,17,-1,17,16,18,-1,17,18,19,-1,19,18,20,-1,19,20,21,-1,21,20,22,-1,21,22,23,-1,23,22,24,-1,23,24,25,-1,25,24,26,-1,25,26,27,-1,27,26,28,-1,27,28,29,-1,29,28,30,-1,29,30,31,-1,31,30,32,-1,31,32,33,-1,33,32,34,-1,33,34,35,-1,36,35,37,-1,37,35,34,-1,38,36,39,-1,39,36,37,-1,
        ]
    }
}
Shape{
    appearance Appearance {
        material  Material 	{
            diffuseColor 0.6784313725490196 0.6784313725490196 0.6784313725490196
            specularColor 0.047058823529411764 0.047058823529411764 0.047058823529411764
            ambientIntensity 0.9686
            transparency 0.0
            shininess 0.5
        }
    }
    geometry IndexedFaceSet {
        ccw TRUE
        solid FALSE
        coord DEF co Coordinate {
            point [
                -0.935 0.1575 1.5728, -0.935 0.2756 1.6909, -1.0335 0.1575 1.5728, -1.0335 0.2756 1.6909, -1.0335 0.1575 0.2185, -0.935 0.1575 0.2185, -0.935 -0.1575 0.2185, -1.0335 -0.1575 0.2185, -0.935 -0.1575 1.2185, -1.0335 -0.1575 1.2185, -0.935 -0.2362 1.2972, -1.0335 -0.2362 1.2972, -1.0335 0.3937 0.0807, -0.935 0.3937 0.0807, -1.0335 -0.3937 0.0807, -0.935 -0.3937 0.0807, -1.1319 -0.2756 0.1791, -1.1319 -0.2756 1.2972, -1.0335 -0.2756 0.1791, -1.0335 -0.2756 1.2972, -1.1319 0.2756 0.1791, -1.122 0.2756 0.1791, -1.122 0.2756 0.376, -1.0433 0.2756 0.1791, -1.0335 0.2756 0.1791, -1.0433 0.2756 0.376, -1.1319 0.2756 1.6909, -1.1319 0.3937 0.1791, -1.0335 0.3937 0.1791, -1.1319 -0.3937 0.1791, -1.0335 -0.3937 0.1791, -1.1319 -0.3937 0.0807, -1.1319 0.3937 0.0807, -1.1319 0.1575 1.5728, -1.1319 0.1575 0.2185, -1.1319 -0.1575 0.2185, -1.1319 -0.1575 1.2185, -1.1319 -0.2362 1.2972
            ]
        }
        coordIndex [
            0,1,2,-1,2,1,3,-1,4,5,2,-1,2,5,0,-1,6,5,7,-1,7,5,4,-1,8,6,9,-1,9,6,7,-1,10,8,11,-1,11,8,9,-1,12,13,14,-1,14,13,15,-1,16,17,18,-1,18,17,19,-1,20,21,22,-1,23,24,25,-1,25,24,3,-1,25,3,22,-1,22,3,26,-1,22,26,20,-1,21,20,27,-1,21,27,23,-1,23,27,28,-1,23,28,24,-1,29,16,30,-1,30,16,18,-1,29,31,16,-1,16,31,32,-1,16,32,20,-1,20,32,27,-1,26,33,20,-1,20,33,34,-1,20,34,16,-1,16,34,35,-1,35,36,16,-1,16,36,37,-1,16,37,17,-1,28,12,24,-1,24,12,14,-1,24,14,18,-1,18,14,30,-1,2,3,4,-1,4,3,24,-1,4,24,7,-1,7,24,18,-1,7,18,9,-1,9,18,19,-1,9,19,11,-1,
        ]
    }
}
Shape{
    appearance Appearance {
        material  Material 	{
            diffuseColor 0.8313725490196079 0.8313725490196079 0.8196078431372549
            specularColor 0.6666666666666666 0.6666666666666666 0.6549019607843137
            ambientIntensity 0.83
            transparency 0.0
            shininess 0.5
        }
    }
    geometry IndexedFaceSet {
        ccw TRUE
        solid FALSE
        coord DEF co Coordinate {
            point [
                -1.0433 0.126 1.065, -1.122 0.126 1.065, -1.0433 0.1311 1.0643, -1.122 0.1311 1.0643, -1.0433 0.1358 1.0623, -1.122 0.1358 1.0623, -1.0433 0.1399 1.0592, -1.122 0.1399 1.0592, -1.0433 0.143 1.0551, -1.122 0.143 1.0551, -1.0433 0.145 1.0504, -1.122 0.145 1.0504, -1.0433 0.1457 1.0453, -1.122 0.1457 1.0453, -1.0433 0.1457 0.435, -1.122 0.1457 0.435, -1.0433 0.1403 0.3943, -1.122 0.1403 0.3943, -1.0433 0.1246 0.3563, -1.122 0.1246 0.3563, -1.0433 0.0995 0.3237, -1.122 0.0995 0.3237, -1.0433 0.0669 0.2987, -1.122 0.0669 0.2987, -1.0433 0.0289 0.2829, -1.122 0.0289 0.2829, -1.0433 -0.0118 0.2776, -1.122 -0.0118 0.2776, -1.0433 -0.0906 0.2776, -1.122 -0.0906 0.2776, -1.0433 -0.1109 0.2802, -1.122 -0.1109 0.2802, -1.0433 -0.1299 0.2881, -1.122 -0.1299 0.2881, -1.0433 -0.1462 0.3006, -1.122 -0.1462 0.3006, -1.0433 -0.1587 0.3169, -1.122 -0.1587 0.3169, -1.0433 -0.1666 0.3359, -1.122 -0.1666 0.3359, -1.0433 -0.1693 0.3563, -1.122 -0.1693 0.3563, -1.0433 -0.1693 1.0059, -1.122 -0.1693 1.0059, -1.122 -0.171 1.0186, -1.0433 -0.171 1.0186, -1.122 -0.1759 1.0305, -1.0433 -0.1759 1.0305, -1.122 -0.1837 1.0407, -1.0433 -0.1837 1.0407, -1.122 -0.1939 1.0485, -1.0433 -0.1939 1.0485, -1.122 -0.2058 1.0534, -1.0433 -0.2058 1.0534, -1.122 -0.2185 1.0551, -1.0433 -0.2185 1.0551, -1.122 -0.2312 1.0534, -1.0433 -0.2312 1.0534, -1.122 -0.2431 1.0485, -1.0433 -0.2431 1.0485, -1.122 -0.2533 1.0407, -1.0433 -0.2533 1.0407, -1.122 -0.2611 1.0305, -1.0433 -0.2611 1.0305, -1.122 -0.266 1.0186, -1.0433 -0.266 1.0186, -1.122 -0.2677 1.0059, -1.0433 -0.2677 1.0059
            ]
        }
        coordIndex [
            0,1,2,-1,2,1,3,-1,2,3,4,-1,4,3,5,-1,4,5,6,-1,6,5,7,-1,6,7,8,-1,8,7,9,-1,8,9,10,-1,10,9,11,-1,10,11,12,-1,12,11,13,-1,14,12,15,-1,15,12,13,-1,14,15,16,-1,16,15,17,-1,16,17,18,-1,18,17,19,-1,18,19,20,-1,20,19,21,-1,20,21,22,-1,22,21,23,-1,22,23,24,-1,24,23,25,-1,24,25,26,-1,26,25,27,-1,28,26,29,-1,29,26,27,-1,28,29,30,-1,30,29,31,-1,30,31,32,-1,32,31,33,-1,32,33,34,-1,34,33,35,-1,34,35,36,-1,36,35,37,-1,36,37,38,-1,38,37,39,-1,38,39,40,-1,40,39,41,-1,42,40,43,-1,43,40,41,-1,42,43,44,-1,42,44,45,-1,45,44,46,-1,45,46,47,-1,47,46,48,-1,47,48,49,-1,49,48,50,-1,49,50,51,-1,51,50,52,-1,51,52,53,-1,53,52,54,-1,53,54,55,-1,55,54,56,-1,55,56,57,-1,57,56,58,-1,57,58,59,-1,59,58,60,-1,59,60,61,-1,61,60,62,-1,61,62,63,-1,63,62,64,-1,63,64,65,-1,65,64,66,-1,65,66,67,-1,
        ]
    }
}
Shape{
    appearance Appearance {
        material  Material 	{
            diffuseColor 0.6784313725490196 0.6784313725490196 0.6784313725490196
            specularColor 0.047058823529411764 0.047058823529411764 0.047058823529411764
            ambientIntensity 0.9686
            transparency 0.0
            shininess 0.5
        }
    }
    geometry IndexedFaceSet {
        ccw TRUE
        solid FALSE
        coord DEF co Coordinate {
            point [
                -1.0433 -0.2677 0.1752, -1.0433 -0.2677 1.0059, -1.122 -0.2677 0.1752, -1.122 -0.2677 1.0059
            ]
        }
        coordIndex [
            0,1,2,-1,2,1,3,-1,
        ]
    }
}
Shape{
    appearance Appearance {
        material  Material 	{
            diffuseColor 0.8313725490196079 0.8313725490196079 0.8196078431372549
            specularColor 0.6666666666666666 0.6666666666666666 0.6549019607843137
            ambientIntensity 0.83
            transparency 0.0
            shininess 0.5
        }
    }
    geometry IndexedFaceSet {
        ccw TRUE
        solid FALSE
        coord DEF co Coordinate {
            point [
                -1.0433 -0.5906 0.0, -1.122 -0.5906 0.0, -1.0433 0.2756 0.0, -1.122 0.2756 0.0, -1.0433 0.2756 0.1791, -1.122 0.2756 0.1791, -1.0433 0.1798 1.0722, -1.0433 0.2756 0.376, -1.122 0.1798 1.0722, -1.122 0.2756 0.376, -1.0433 0.1916 1.1273, -1.122 0.1916 1.1273, -1.122 0.1925 1.1374, -1.0433 0.1925 1.1374, -1.122 0.1907 1.1473, -1.0433 0.1907 1.1473, -1.122 0.1865 1.1565, -1.0433 0.1865 1.1565, -1.122 0.1801 1.1643, -1.0433 0.1801 1.1643, -1.122 0.1719 1.1702, -1.0433 0.1719 1.1702, -1.122 0.1625 1.1738, -1.0433 0.1625 1.1738, -1.122 0.1525 1.1749, -1.0433 0.1525 1.1749, -1.122 0.1425 1.1735, -1.0433 0.1425 1.1735, -1.122 0.1332 1.1695, -1.0433 0.1332 1.1695, -1.122 0.1252 1.1633, -1.0433 0.1252 1.1633, -1.122 0.1191 1.1553, -1.0433 0.1191 1.1553, -1.0433 0.0669 1.065, -1.122 0.0669 1.065, -1.0433 0.126 1.065, -1.122 0.126 1.065
            ]
        }
        coordIndex [
            0,1,2,-1,2,1,3,-1,4,2,5,-1,5,2,3,-1,6,7,8,-1,8,7,9,-1,10,6,11,-1,11,6,8,-1,10,11,12,-1,10,12,13,-1,13,12,14,-1,13,14,15,-1,15,14,16,-1,15,16,17,-1,17,16,18,-1,17,18,19,-1,19,18,20,-1,19,20,21,-1,21,20,22,-1,21,22,23,-1,23,22,24,-1,23,24,25,-1,25,24,26,-1,25,26,27,-1,27,26,28,-1,27,28,29,-1,29,28,30,-1,29,30,31,-1,31,30,32,-1,31,32,33,-1,34,33,35,-1,35,33,32,-1,36,34,37,-1,37,34,35,-1,
        ]
    }
}
Shape{
    appearance Appearance {
        material  Material 	{
            diffuseColor 0.6784313725490196 0.6784313725490196 0.6784313725490196
            specularColor 0.047058823529411764 0.047058823529411764 0.047058823529411764
            ambientIntensity 0.9686
            transparency 0.0
            shininess 0.5
        }
    }
    geometry IndexedFaceSet {
        ccw TRUE
        solid FALSE
        coord DEF co Coordinate {
            point [
                -0.7382 0.1575 1.5728, -0.7382 0.2756 1.6909, -0.8366 0.1575 1.5728, -0.8366 0.2756 1.6909, -0.8366 0.1575 0.2185, -0.7382 0.1575 0.2185, -0.7382 -0.1575 0.2185, -0.8366 -0.1575 0.2185, -0.7382 -0.1575 1.2185, -0.8366 -0.1575 1.2185, -0.7382 -0.2362 1.2972, -0.8366 -0.2362 1.2972, -0.8366 0.3937 0.0807, -0.7382 0.3937 0.0807, -0.8366 -0.3937 0.0807, -0.7382 -0.3937 0.0807, -0.935 -0.2756 0.1791, -0.935 -0.2756 1.2972, -0.8366 -0.2756 0.1791, -0.8366 -0.2756 1.2972, -0.935 0.2756 0.1791, -0.9252 0.2756 0.1791, -0.9252 0.2756 0.376, -0.8465 0.2756 0.1791, -0.8366 0.2756 0.1791, -0.8465 0.2756 0.376, -0.935 0.2756 1.6909, -0.935 0.3937 0.1791, -0.8366 0.3937 0.1791, -0.935 -0.3937 0.1791, -0.8366 -0.3937 0.1791, -0.935 -0.3937 0.0807, -0.935 0.3937 0.0807, -0.935 0.1575 1.5728, -0.935 0.1575 0.2185, -0.935 -0.1575 0.2185, -0.935 -0.1575 1.2185, -0.935 -0.2362 1.2972
            ]
        }
        coordIndex [
            0,1,2,-1,2,1,3,-1,4,5,2,-1,2,5,0,-1,6,5,7,-1,7,5,4,-1,8,6,9,-1,9,6,7,-1,10,8,11,-1,11,8,9,-1,12,13,14,-1,14,13,15,-1,16,17,18,-1,18,17,19,-1,20,21,22,-1,23,24,25,-1,25,24,3,-1,25,3,22,-1,22,3,26,-1,22,26,20,-1,21,20,27,-1,21,27,23,-1,23,27,28,-1,23,28,24,-1,29,16,30,-1,30,16,18,-1,29,31,16,-1,16,31,32,-1,16,32,20,-1,20,32,27,-1,26,33,20,-1,20,33,34,-1,20,34,16,-1,16,34,35,-1,16,35,17,-1,17,35,36,-1,17,36,37,-1,24,28,12,-1,4,2,3,-1,7,18,9,-1,9,18,19,-1,9,19,11,-1,3,24,4,-1,4,24,12,-1,4,12,7,-1,7,12,14,-1,7,14,18,-1,18,14,30,-1,
        ]
    }
}
Shape{
    appearance Appearance {
        material  Material 	{
            diffuseColor 0.8313725490196079 0.8313725490196079 0.8196078431372549
            specularColor 0.6666666666666666 0.6666666666666666 0.6549019607843137
            ambientIntensity 0.83
            transparency 0.0
            shininess 0.5
        }
    }
    geometry IndexedFaceSet {
        ccw TRUE
        solid FALSE
        coord DEF co Coordinate {
            point [
                -0.8465 0.126 1.065, -0.9252 0.126 1.065, -0.8465 0.1311 1.0643, -0.9252 0.1311 1.0643, -0.8465 0.1358 1.0623, -0.9252 0.1358 1.0623, -0.8465 0.1399 1.0592, -0.9252 0.1399 1.0592, -0.8465 0.143 1.0551, -0.9252 0.143 1.0551, -0.8465 0.145 1.0504, -0.9252 0.145 1.0504, -0.8465 0.1457 1.0453, -0.9252 0.1457 1.0453, -0.8465 0.1457 0.435, -0.9252 0.1457 0.435, -0.8465 0.1403 0.3943, -0.9252 0.1403 0.3943, -0.8465 0.1246 0.3563, -0.9252 0.1246 0.3563, -0.8465 0.0995 0.3237, -0.9252 0.0995 0.3237, -0.8465 0.0669 0.2987, -0.9252 0.0669 0.2987, -0.8465 0.0289 0.2829, -0.9252 0.0289 0.2829, -0.8465 -0.0118 0.2776, -0.9252 -0.0118 0.2776, -0.8465 -0.0906 0.2776, -0.9252 -0.0906 0.2776, -0.8465 -0.1109 0.2802, -0.9252 -0.1109 0.2802, -0.8465 -0.1299 0.2881, -0.9252 -0.1299 0.2881, -0.8465 -0.1462 0.3006, -0.9252 -0.1462 0.3006, -0.8465 -0.1587 0.3169, -0.9252 -0.1587 0.3169, -0.8465 -0.1666 0.3359, -0.9252 -0.1666 0.3359, -0.8465 -0.1693 0.3563, -0.9252 -0.1693 0.3563, -0.8465 -0.1693 1.0059, -0.9252 -0.1693 1.0059, -0.9252 -0.171 1.0186, -0.8465 -0.171 1.0186, -0.9252 -0.1759 1.0305, -0.8465 -0.1759 1.0305, -0.9252 -0.1837 1.0407, -0.8465 -0.1837 1.0407, -0.9252 -0.1939 1.0485, -0.8465 -0.1939 1.0485, -0.9252 -0.2058 1.0534, -0.8465 -0.2058 1.0534, -0.9252 -0.2185 1.0551, -0.8465 -0.2185 1.0551, -0.9252 -0.2312 1.0534, -0.8465 -0.2312 1.0534, -0.9252 -0.2431 1.0485, -0.8465 -0.2431 1.0485, -0.9252 -0.2533 1.0407, -0.8465 -0.2533 1.0407, -0.9252 -0.2611 1.0305, -0.8465 -0.2611 1.0305, -0.9252 -0.266 1.0186, -0.8465 -0.266 1.0186, -0.9252 -0.2677 1.0059, -0.8465 -0.2677 1.0059
            ]
        }
        coordIndex [
            0,1,2,-1,2,1,3,-1,2,3,4,-1,4,3,5,-1,4,5,6,-1,6,5,7,-1,6,7,8,-1,8,7,9,-1,8,9,10,-1,10,9,11,-1,10,11,12,-1,12,11,13,-1,14,12,15,-1,15,12,13,-1,14,15,16,-1,16,15,17,-1,16,17,18,-1,18,17,19,-1,18,19,20,-1,20,19,21,-1,20,21,22,-1,22,21,23,-1,22,23,24,-1,24,23,25,-1,24,25,26,-1,26,25,27,-1,28,26,29,-1,29,26,27,-1,28,29,30,-1,30,29,31,-1,30,31,32,-1,32,31,33,-1,32,33,34,-1,34,33,35,-1,34,35,36,-1,36,35,37,-1,36,37,38,-1,38,37,39,-1,38,39,40,-1,40,39,41,-1,42,40,43,-1,43,40,41,-1,42,43,44,-1,42,44,45,-1,45,44,46,-1,45,46,47,-1,47,46,48,-1,47,48,49,-1,49,48,50,-1,49,50,51,-1,51,50,52,-1,51,52,53,-1,53,52,54,-1,53,54,55,-1,55,54,56,-1,55,56,57,-1,57,56,58,-1,57,58,59,-1,59,58,60,-1,59,60,61,-1,61,60,62,-1,61,62,63,-1,63,62,64,-1,63,64,65,-1,65,64,66,-1,65,66,67,-1,
        ]
    }
}
Shape{
    appearance Appearance {
        material  Material 	{
            diffuseColor 0.6784313725490196 0.6784313725490196 0.6784313725490196
            specularColor 0.047058823529411764 0.047058823529411764 0.047058823529411764
            ambientIntensity 0.9686
            transparency 0.0
            shininess 0.5
        }
    }
    geometry IndexedFaceSet {
        ccw TRUE
        solid FALSE
        coord DEF co Coordinate {
            point [
                -0.8465 -0.2677 0.1181, -0.8465 -0.2677 1.0059, -0.9252 -0.2677 0.1181, -0.9252 -0.2677 1.0059
            ]
        }
        coordIndex [
            0,1,2,-1,2,1,3,-1,
        ]
    }
}
Shape{
    appearance Appearance {
        material  Material 	{
            diffuseColor 0.8313725490196079 0.8313725490196079 0.8196078431372549
            specularColor 0.6666666666666666 0.6666666666666666 0.6549019607843137
            ambientIntensity 0.83
            transparency 0.0
            shininess 0.5
        }
    }
    geometry IndexedFaceSet {
        ccw TRUE
        solid FALSE
        coord DEF co Coordinate {
            point [
                -0.9252 -0.0315 0.0, -0.9252 0.5906 0.0, -0.8465 -0.0315 0.0, -0.8465 0.5906 0.0, -0.8465 0.2756 0.1791, -0.8465 0.2756 0.1752, -0.9252 0.2756 0.1791, -0.9252 0.2756 0.1752, -0.8465 0.1798 1.0722, -0.8465 0.2756 0.376, -0.9252 0.1798 1.0722, -0.9252 0.2756 0.376, -0.8465 0.1916 1.1273, -0.9252 0.1916 1.1273, -0.9252 0.1925 1.1374, -0.8465 0.1925 1.1374, -0.9252 0.1907 1.1473, -0.8465 0.1907 1.1473, -0.9252 0.1865 1.1565, -0.8465 0.1865 1.1565, -0.9252 0.1801 1.1643, -0.8465 0.1801 1.1643, -0.9252 0.1719 1.1702, -0.8465 0.1719 1.1702, -0.9252 0.1625 1.1738, -0.8465 0.1625 1.1738, -0.9252 0.1525 1.1749, -0.8465 0.1525 1.1749, -0.9252 0.1425 1.1735, -0.8465 0.1425 1.1735, -0.9252 0.1332 1.1695, -0.8465 0.1332 1.1695, -0.9252 0.1252 1.1633, -0.8465 0.1252 1.1633, -0.9252 0.1191 1.1553, -0.8465 0.1191 1.1553, -0.8465 0.0669 1.065, -0.9252 0.0669 1.065, -0.8465 0.126 1.065, -0.9252 0.126 1.065
            ]
        }
        coordIndex [
            0,1,2,-1,2,1,3,-1,4,5,6,-1,6,5,7,-1,8,9,10,-1,10,9,11,-1,12,8,13,-1,13,8,10,-1,12,13,14,-1,12,14,15,-1,15,14,16,-1,15,16,17,-1,17,16,18,-1,17,18,19,-1,19,18,20,-1,19,20,21,-1,21,20,22,-1,21,22,23,-1,23,22,24,-1,23,24,25,-1,25,24,26,-1,25,26,27,-1,27,26,28,-1,27,28,29,-1,29,28,30,-1,29,30,31,-1,31,30,32,-1,31,32,33,-1,33,32,34,-1,33,34,35,-1,36,35,37,-1,37,35,34,-1,38,36,39,-1,39,36,37,-1,
        ]
    }
}
Shape{
    appearance Appearance {
        material  Material 	{
            diffuseColor 0.6784313725490196 0.6784313725490196 0.6784313725490196
            specularColor 0.047058823529411764 0.047058823529411764 0.047058823529411764
            ambientIntensity 0.9686
            transparency 0.0
            shininess 0.5
        }
    }
    geometry IndexedFaceSet {
        ccw TRUE
        solid FALSE
        coord DEF co Coordinate {
            point [
                -0.5413 0.2756 1.6909, -0.6398 0.2756 1.6909, -0.5413 0.1575 1.5728, -0.6398 0.1575 1.5728, -0.6398 0.1575 0.2185, -0.5413 0.1575 0.2185, -0.5413 -0.1575 0.2185, -0.6398 -0.1575 0.2185, -0.5413 -0.1575 1.2185, -0.6398 -0.1575 1.2185, -0.5413 -0.2362 1.2972, -0.6398 -0.2362 1.2972, -0.6398 -0.3937 0.0807, -0.6398 0.3937 0.0807, -0.5413 -0.3937 0.0807, -0.5413 0.3937 0.0807, -0.3445 0.1575 1.5728, -0.3445 0.2756 1.6909, -0.4429 0.1575 1.5728, -0.4429 0.2756 1.6909, -0.4429 0.1575 0.2185, -0.3445 0.1575 0.2185, -0.3445 -0.1575 0.2185, -0.4429 -0.1575 0.2185, -0.3445 -0.1575 1.2185, -0.4429 -0.1575 1.2185, -0.3445 -0.2362 1.2972, -0.4429 -0.2362 1.2972, -0.4429 0.3937 0.0807, -0.3445 0.3937 0.0807, -0.4429 -0.3937 0.0807, -0.3445 -0.3937 0.0807, -0.5413 -0.2756 0.1791, -0.5413 -0.2756 1.2972, -0.4429 -0.2756 0.1791, -0.4429 -0.2756 1.2972, -0.5413 0.2756 0.1791, -0.5315 0.2756 0.1791, -0.5315 0.2756 0.376, -0.4528 0.2756 0.1791, -0.4429 0.2756 0.1791, -0.4528 0.2756 0.376, -0.5413 0.3937 0.1791, -0.4429 0.3937 0.1791, -0.5413 -0.3937 0.1791, -0.4429 -0.3937 0.1791
            ]
        }
        coordIndex [
            0,1,2,-1,2,1,3,-1,3,4,2,-1,2,4,5,-1,5,4,6,-1,6,4,7,-1,6,7,8,-1,8,7,9,-1,8,9,10,-1,10,9,11,-1,12,13,14,-1,14,13,15,-1,16,17,18,-1,18,17,19,-1,20,21,18,-1,18,21,16,-1,22,21,23,-1,23,21,20,-1,24,22,25,-1,25,22,23,-1,26,24,27,-1,27,24,25,-1,28,29,30,-1,30,29,31,-1,32,33,34,-1,34,33,35,-1,36,37,38,-1,39,40,41,-1,41,40,19,-1,41,19,38,-1,38,19,0,-1,38,0,36,-1,37,36,42,-1,37,42,39,-1,39,42,43,-1,39,43,40,-1,44,32,45,-1,45,32,34,-1,44,14,32,-1,32,14,15,-1,32,15,36,-1,36,15,42,-1,0,2,36,-1,36,2,5,-1,36,5,32,-1,32,5,6,-1,32,6,33,-1,33,6,8,-1,33,8,10,-1,40,43,28,-1,20,18,19,-1,23,34,25,-1,25,34,35,-1,25,35,27,-1,19,40,20,-1,20,40,28,-1,20,28,23,-1,23,28,30,-1,23,30,34,-1,34,30,45,-1,
        ]
    }
}
Shape{
    appearance Appearance {
        material  Material 	{
            diffuseColor 0.8313725490196079 0.8313725490196079 0.8196078431372549
            specularColor 0.6666666666666666 0.6666666666666666 0.6549019607843137
            ambientIntensity 0.83
            transparency 0.0
            shininess 0.5
        }
    }
    geometry IndexedFaceSet {
        ccw TRUE
        solid FALSE
        coord DEF co Coordinate {
            point [
                -0.4528 0.126 1.065, -0.5315 0.126 1.065, -0.4528 0.1304 1.0645, -0.5315 0.1304 1.0645, -0.4528 0.1345 1.063, -0.5315 0.1345 1.063, -0.4528 0.1383 1.0607, -0.5315 0.1383 1.0607, -0.4528 0.1414 1.0575, -0.5315 0.1414 1.0575, -0.4528 0.1437 1.0538, -0.5315 0.1437 1.0538, -0.4528 0.1452 1.0497, -0.5315 0.1452 1.0497, -0.4528 0.1457 1.0453, -0.5315 0.1457 1.0453, -0.4528 0.1457 0.435, -0.5315 0.1457 0.435, -0.4528 0.1403 0.3943, -0.5315 0.1403 0.3943, -0.4528 0.1246 0.3563, -0.5315 0.1246 0.3563, -0.4528 0.0995 0.3237, -0.5315 0.0995 0.3237, -0.4528 0.0669 0.2987, -0.5315 0.0669 0.2987, -0.4528 0.0289 0.2829, -0.5315 0.0289 0.2829, -0.4528 -0.0118 0.2776, -0.5315 -0.0118 0.2776, -0.4528 -0.0906 0.2776, -0.5315 -0.0906 0.2776, -0.4528 -0.1109 0.2802, -0.5315 -0.1109 0.2802, -0.4528 -0.1299 0.2881, -0.5315 -0.1299 0.2881, -0.4528 -0.1462 0.3006, -0.5315 -0.1462 0.3006, -0.4528 -0.1587 0.3169, -0.5315 -0.1587 0.3169, -0.4528 -0.1666 0.3359, -0.5315 -0.1666 0.3359, -0.4528 -0.1693 0.3563, -0.5315 -0.1693 0.3563, -0.4528 -0.1693 1.0059, -0.5315 -0.1693 1.0059, -0.5315 -0.171 1.0186, -0.4528 -0.171 1.0186, -0.5315 -0.1759 1.0305, -0.4528 -0.1759 1.0305, -0.5315 -0.1837 1.0407, -0.4528 -0.1837 1.0407, -0.5315 -0.1939 1.0485, -0.4528 -0.1939 1.0485, -0.5315 -0.2058 1.0534, -0.4528 -0.2058 1.0534, -0.5315 -0.2185 1.0551, -0.4528 -0.2185 1.0551, -0.5315 -0.2312 1.0534, -0.4528 -0.2312 1.0534, -0.5315 -0.2431 1.0485, -0.4528 -0.2431 1.0485, -0.5315 -0.2533 1.0407, -0.4528 -0.2533 1.0407, -0.5315 -0.2611 1.0305, -0.4528 -0.2611 1.0305, -0.5315 -0.266 1.0186, -0.4528 -0.266 1.0186, -0.5315 -0.2677 1.0059, -0.4528 -0.2677 1.0059
            ]
        }
        coordIndex [
            0,1,2,-1,2,1,3,-1,2,3,4,-1,4,3,5,-1,4,5,6,-1,6,5,7,-1,6,7,8,-1,8,7,9,-1,8,9,10,-1,10,9,11,-1,10,11,12,-1,12,11,13,-1,12,13,14,-1,14,13,15,-1,16,14,17,-1,17,14,15,-1,16,17,18,-1,18,17,19,-1,18,19,20,-1,20,19,21,-1,20,21,22,-1,22,21,23,-1,22,23,24,-1,24,23,25,-1,24,25,26,-1,26,25,27,-1,26,27,28,-1,28,27,29,-1,30,28,31,-1,31,28,29,-1,30,31,32,-1,32,31,33,-1,32,33,34,-1,34,33,35,-1,34,35,36,-1,36,35,37,-1,36,37,38,-1,38,37,39,-1,38,39,40,-1,40,39,41,-1,40,41,42,-1,42,41,43,-1,44,42,45,-1,45,42,43,-1,44,45,46,-1,44,46,47,-1,47,46,48,-1,47,48,49,-1,49,48,50,-1,49,50,51,-1,51,50,52,-1,51,52,53,-1,53,52,54,-1,53,54,55,-1,55,54,56,-1,55,56,57,-1,57,56,58,-1,57,58,59,-1,59,58,60,-1,59,60,61,-1,61,60,62,-1,61,62,63,-1,63,62,64,-1,63,64,65,-1,65,64,66,-1,65,66,67,-1,67,66,68,-1,67,68,69,-1,
        ]
    }
}
Shape{
    appearance Appearance {
        material  Material 	{
            diffuseColor 0.6784313725490196 0.6784313725490196 0.6784313725490196
            specularColor 0.047058823529411764 0.047058823529411764 0.047058823529411764
            ambientIntensity 0.9686
            transparency 0.0
            shininess 0.5
        }
    }
    geometry IndexedFaceSet {
        ccw TRUE
        solid FALSE
        coord DEF co Coordinate {
            point [
                -0.4528 -0.2677 0.1181, -0.4528 -0.2677 1.0059, -0.5315 -0.2677 0.1181, -0.5315 -0.2677 1.0059
            ]
        }
        coordIndex [
            0,1,2,-1,2,1,3,-1,
        ]
    }
}
Shape{
    appearance Appearance {
        material  Material 	{
            diffuseColor 0.8313725490196079 0.8313725490196079 0.8196078431372549
            specularColor 0.6666666666666666 0.6666666666666666 0.6549019607843137
            ambientIntensity 0.83
            transparency 0.0
            shininess 0.5
        }
    }
    geometry IndexedFaceSet {
        ccw TRUE
        solid FALSE
        coord DEF co Coordinate {
            point [
                -0.5315 -0.0315 0.0, -0.5315 0.5906 0.0, -0.4528 -0.0315 0.0, -0.4528 0.5906 0.0, -0.4528 0.2756 0.1791, -0.4528 0.2756 0.1752, -0.5315 0.2756 0.1791, -0.5315 0.2756 0.1752, -0.4528 0.1798 1.0722, -0.4528 0.2756 0.376, -0.5315 0.1798 1.0722, -0.5315 0.2756 0.376, -0.4528 0.1916 1.1273, -0.5315 0.1916 1.1273, -0.5315 0.1925 1.1374, -0.4528 0.1925 1.1374, -0.5315 0.1907 1.1473, -0.4528 0.1907 1.1473, -0.5315 0.1865 1.1565, -0.4528 0.1865 1.1565, -0.5315 0.1801 1.1643, -0.4528 0.1801 1.1643, -0.5315 0.1719 1.1702, -0.4528 0.1719 1.1702, -0.5315 0.1625 1.1738, -0.4528 0.1625 1.1738, -0.5315 0.1525 1.1749, -0.4528 0.1525 1.1749, -0.5315 0.1425 1.1735, -0.4528 0.1425 1.1735, -0.5315 0.1332 1.1695, -0.4528 0.1332 1.1695, -0.5315 0.1252 1.1633, -0.4528 0.1252 1.1633, -0.5315 0.1191 1.1553, -0.4528 0.1191 1.1553, -0.4528 0.0669 1.065, -0.5315 0.0669 1.065, -0.4528 0.126 1.065, -0.5315 0.126 1.065
            ]
        }
        coordIndex [
            0,1,2,-1,2,1,3,-1,4,5,6,-1,6,5,7,-1,8,9,10,-1,10,9,11,-1,12,8,13,-1,13,8,10,-1,12,13,14,-1,12,14,15,-1,15,14,16,-1,15,16,17,-1,17,16,18,-1,17,18,19,-1,19,18,20,-1,19,20,21,-1,21,20,22,-1,21,22,23,-1,23,22,24,-1,23,24,25,-1,25,24,26,-1,25,26,27,-1,27,26,28,-1,27,28,29,-1,29,28,30,-1,29,30,31,-1,31,30,32,-1,31,32,33,-1,33,32,34,-1,33,34,35,-1,36,35,37,-1,37,35,34,-1,38,36,39,-1,39,36,37,-1,
        ]
    }
}
Shape{
    appearance Appearance {
        material  Material 	{
            diffuseColor 0.6784313725490196 0.6784313725490196 0.6784313725490196
            specularColor 0.047058823529411764 0.047058823529411764 0.047058823529411764
            ambientIntensity 0.9686
            transparency 0.0
            shininess 0.5
        }
    }
    geometry IndexedFaceSet {
        ccw TRUE
        solid FALSE
        coord DEF co Coordinate {
            point [
                -0.7382 -0.2756 0.1791, -0.7382 -0.2756 1.2972, -0.6398 -0.2756 0.1791, -0.6398 -0.2756 1.2972, -0.7382 0.2756 0.1791, -0.7283 0.2756 0.1791, -0.7283 0.2756 0.376, -0.6496 0.2756 0.1791, -0.6398 0.2756 0.1791, -0.6496 0.2756 0.376, -0.6398 0.2756 1.6909, -0.7382 0.2756 1.6909, -0.7382 0.3937 0.1791, -0.6398 0.3937 0.1791, -0.7382 -0.3937 0.1791, -0.6398 -0.3937 0.1791, -0.7382 -0.3937 0.0807, -0.7382 0.3937 0.0807, -0.7382 0.1575 1.5728, -0.7382 0.1575 0.2185, -0.7382 -0.1575 0.2185, -0.7382 -0.1575 1.2185, -0.7382 -0.2362 1.2972, -0.6398 0.3937 0.0807, -0.6398 0.1575 0.2185, -0.6398 0.1575 1.5728, -0.6398 -0.1575 0.2185, -0.6398 -0.1575 1.2185, -0.6398 -0.2362 1.2972, -0.6398 -0.3937 0.0807
            ]
        }
        coordIndex [
            0,1,2,-1,2,1,3,-1,4,5,6,-1,7,8,9,-1,9,8,10,-1,9,10,6,-1,6,10,11,-1,6,11,4,-1,5,4,12,-1,5,12,7,-1,7,12,13,-1,7,13,8,-1,14,0,15,-1,15,0,2,-1,14,16,0,-1,0,16,17,-1,11,18,4,-1,4,18,19,-1,12,4,17,-1,17,4,19,-1,17,19,0,-1,0,19,20,-1,0,20,1,-1,1,20,21,-1,1,21,22,-1,8,13,23,-1,24,25,10,-1,26,2,27,-1,27,2,3,-1,27,3,28,-1,10,8,24,-1,24,8,23,-1,24,23,26,-1,26,23,29,-1,26,29,2,-1,2,29,15,-1,
        ]
    }
}
Shape{
    appearance Appearance {
        material  Material 	{
            diffuseColor 0.8313725490196079 0.8313725490196079 0.8196078431372549
            specularColor 0.6666666666666666 0.6666666666666666 0.6549019607843137
            ambientIntensity 0.83
            transparency 0.0
            shininess 0.5
        }
    }
    geometry IndexedFaceSet {
        ccw TRUE
        solid FALSE
        coord DEF co Coordinate {
            point [
                -0.6496 0.126 1.065, -0.7283 0.126 1.065, -0.6496 0.1304 1.0645, -0.7283 0.1304 1.0645, -0.6496 0.1345 1.063, -0.7283 0.1345 1.063, -0.6496 0.1383 1.0607, -0.7283 0.1383 1.0607, -0.6496 0.1414 1.0575, -0.7283 0.1414 1.0575, -0.6496 0.1437 1.0538, -0.7283 0.1437 1.0538, -0.6496 0.1452 1.0497, -0.7283 0.1452 1.0497, -0.6496 0.1457 1.0453, -0.7283 0.1457 1.0453, -0.6496 0.1457 0.435, -0.7283 0.1457 0.435, -0.6496 0.1403 0.3943, -0.7283 0.1403 0.3943, -0.6496 0.1246 0.3563, -0.7283 0.1246 0.3563, -0.6496 0.0995 0.3237, -0.7283 0.0995 0.3237, -0.6496 0.0669 0.2987, -0.7283 0.0669 0.2987, -0.6496 0.0289 0.2829, -0.7283 0.0289 0.2829, -0.6496 -0.0118 0.2776, -0.7283 -0.0118 0.2776, -0.6496 -0.0906 0.2776, -0.7283 -0.0906 0.2776, -0.6496 -0.1109 0.2802, -0.7283 -0.1109 0.2802, -0.6496 -0.1299 0.2881, -0.7283 -0.1299 0.2881, -0.6496 -0.1462 0.3006, -0.7283 -0.1462 0.3006, -0.6496 -0.1587 0.3169, -0.7283 -0.1587 0.3169, -0.6496 -0.1666 0.3359, -0.7283 -0.1666 0.3359, -0.6496 -0.1693 0.3563, -0.7283 -0.1693 0.3563, -0.6496 -0.1693 1.0059, -0.7283 -0.1693 1.0059, -0.7283 -0.171 1.0186, -0.6496 -0.171 1.0186, -0.7283 -0.1759 1.0305, -0.6496 -0.1759 1.0305, -0.7283 -0.1837 1.0407, -0.6496 -0.1837 1.0407, -0.7283 -0.1939 1.0485, -0.6496 -0.1939 1.0485, -0.7283 -0.2058 1.0534, -0.6496 -0.2058 1.0534, -0.7283 -0.2185 1.0551, -0.6496 -0.2185 1.0551, -0.7283 -0.2312 1.0534, -0.6496 -0.2312 1.0534, -0.7283 -0.2431 1.0485, -0.6496 -0.2431 1.0485, -0.7283 -0.2533 1.0407, -0.6496 -0.2533 1.0407, -0.7283 -0.2611 1.0305, -0.6496 -0.2611 1.0305, -0.7283 -0.266 1.0186, -0.6496 -0.266 1.0186, -0.7283 -0.2677 1.0059, -0.6496 -0.2677 1.0059
            ]
        }
        coordIndex [
            0,1,2,-1,2,1,3,-1,2,3,4,-1,4,3,5,-1,4,5,6,-1,6,5,7,-1,6,7,8,-1,8,7,9,-1,8,9,10,-1,10,9,11,-1,10,11,12,-1,12,11,13,-1,12,13,14,-1,14,13,15,-1,16,14,17,-1,17,14,15,-1,16,17,18,-1,18,17,19,-1,18,19,20,-1,20,19,21,-1,20,21,22,-1,22,21,23,-1,22,23,24,-1,24,23,25,-1,24,25,26,-1,26,25,27,-1,26,27,28,-1,28,27,29,-1,30,28,31,-1,31,28,29,-1,30,31,32,-1,32,31,33,-1,32,33,34,-1,34,33,35,-1,34,35,36,-1,36,35,37,-1,36,37,38,-1,38,37,39,-1,38,39,40,-1,40,39,41,-1,40,41,42,-1,42,41,43,-1,44,42,45,-1,45,42,43,-1,44,45,46,-1,44,46,47,-1,47,46,48,-1,47,48,49,-1,49,48,50,-1,49,50,51,-1,51,50,52,-1,51,52,53,-1,53,52,54,-1,53,54,55,-1,55,54,56,-1,55,56,57,-1,57,56,58,-1,57,58,59,-1,59,58,60,-1,59,60,61,-1,61,60,62,-1,61,62,63,-1,63,62,64,-1,63,64,65,-1,65,64,66,-1,65,66,67,-1,67,66,68,-1,67,68,69,-1,
        ]
    }
}
Shape{
    appearance Appearance {
        material  Material 	{
            diffuseColor 0.6784313725490196 0.6784313725490196 0.6784313725490196
            specularColor 0.047058823529411764 0.047058823529411764 0.047058823529411764
            ambientIntensity 0.9686
            transparency 0.0
            shininess 0.5
        }
    }
    geometry IndexedFaceSet {
        ccw TRUE
        solid FALSE
        coord DEF co Coordinate {
            point [
                -0.6496 -0.2677 0.1752, -0.6496 -0.2677 1.0059, -0.7283 -0.2677 0.1752, -0.7283 -0.2677 1.0059
            ]
        }
        coordIndex [
            0,1,2,-1,2,1,3,-1,
        ]
    }
}
Shape{
    appearance Appearance {
        material  Material 	{
            diffuseColor 0.8313725490196079 0.8313725490196079 0.8196078431372549
            specularColor 0.6666666666666666 0.6666666666666666 0.6549019607843137
            ambientIntensity 0.83
            transparency 0.0
            shininess 0.5
        }
    }
    geometry IndexedFaceSet {
        ccw TRUE
        solid FALSE
        coord DEF co Coordinate {
            point [
                -0.6496 -0.5906 0.0, -0.7283 -0.5906 0.0, -0.6496 0.2756 0.0, -0.7283 0.2756 0.0, -0.6496 0.2756 0.1791, -0.7283 0.2756 0.1791, -0.6496 0.1798 1.0722, -0.6496 0.2756 0.376, -0.7283 0.1798 1.0722, -0.7283 0.2756 0.376, -0.6496 0.1916 1.1273, -0.7283 0.1916 1.1273, -0.7283 0.1925 1.1374, -0.6496 0.1925 1.1374, -0.7283 0.1907 1.1473, -0.6496 0.1907 1.1473, -0.7283 0.1865 1.1565, -0.6496 0.1865 1.1565, -0.7283 0.1801 1.1643, -0.6496 0.1801 1.1643, -0.7283 0.1719 1.1702, -0.6496 0.1719 1.1702, -0.7283 0.1625 1.1738, -0.6496 0.1625 1.1738, -0.7283 0.1525 1.1749, -0.6496 0.1525 1.1749, -0.7283 0.1425 1.1735, -0.6496 0.1425 1.1735, -0.7283 0.1332 1.1695, -0.6496 0.1332 1.1695, -0.7283 0.1252 1.1633, -0.6496 0.1252 1.1633, -0.7283 0.1191 1.1553, -0.6496 0.1191 1.1553, -0.6496 0.0669 1.065, -0.7283 0.0669 1.065, -0.6496 0.126 1.065, -0.7283 0.126 1.065
            ]
        }
        coordIndex [
            0,1,2,-1,2,1,3,-1,4,2,5,-1,5,2,3,-1,6,7,8,-1,8,7,9,-1,10,6,11,-1,11,6,8,-1,10,11,12,-1,10,12,13,-1,13,12,14,-1,13,14,15,-1,15,14,16,-1,15,16,17,-1,17,16,18,-1,17,18,19,-1,19,18,20,-1,19,20,21,-1,21,20,22,-1,21,22,23,-1,23,22,24,-1,23,24,25,-1,25,24,26,-1,25,26,27,-1,27,26,28,-1,27,28,29,-1,29,28,30,-1,29,30,31,-1,31,30,32,-1,31,32,33,-1,34,33,35,-1,35,33,32,-1,36,34,37,-1,37,34,35,-1,
        ]
    }
}
Shape{
    appearance Appearance {
        material  Material 	{
            diffuseColor 0.6784313725490196 0.6784313725490196 0.6784313725490196
            specularColor 0.047058823529411764 0.047058823529411764 0.047058823529411764
            ambientIntensity 0.9686
            transparency 0.0
            shininess 0.5
        }
    }
    geometry IndexedFaceSet {
        ccw TRUE
        solid FALSE
        coord DEF co Coordinate {
            point [
                -0.1476 0.1575 1.5728, -0.1476 0.2756 1.6909, -0.2461 0.1575 1.5728, -0.2461 0.2756 1.6909, -0.2461 0.1575 0.2185, -0.1476 0.1575 0.2185, -0.1476 -0.1575 0.2185, -0.2461 -0.1575 0.2185, -0.1476 -0.1575 1.2185, -0.2461 -0.1575 1.2185, -0.1476 -0.2362 1.2972, -0.2461 -0.2362 1.2972, -0.2461 0.3937 0.0807, -0.1476 0.3937 0.0807, -0.2461 -0.3937 0.0807, -0.1476 -0.3937 0.0807, -0.3445 -0.2756 0.1791, -0.3445 -0.2756 1.2972, -0.2461 -0.2756 0.1791, -0.2461 -0.2756 1.2972, -0.3445 0.2756 0.1791, -0.3346 0.2756 0.1791, -0.3346 0.2756 0.376, -0.2559 0.2756 0.1791, -0.2461 0.2756 0.1791, -0.2559 0.2756 0.376, -0.3445 0.2756 1.6909, -0.3445 0.3937 0.1791, -0.2461 0.3937 0.1791, -0.3445 -0.3937 0.1791, -0.2461 -0.3937 0.1791, -0.3445 -0.3937 0.0807, -0.3445 0.3937 0.0807, -0.3445 0.1575 1.5728, -0.3445 0.1575 0.2185, -0.3445 -0.1575 0.2185, -0.3445 -0.1575 1.2185, -0.3445 -0.2362 1.2972
            ]
        }
        coordIndex [
            0,1,2,-1,2,1,3,-1,4,5,2,-1,2,5,0,-1,6,5,7,-1,7,5,4,-1,8,6,9,-1,9,6,7,-1,10,8,11,-1,11,8,9,-1,12,13,14,-1,14,13,15,-1,16,17,18,-1,18,17,19,-1,20,21,22,-1,23,24,25,-1,25,24,3,-1,25,3,22,-1,22,3,26,-1,22,26,20,-1,20,27,21,-1,21,27,28,-1,21,28,23,-1,23,28,24,-1,29,16,30,-1,30,16,18,-1,29,31,16,-1,16,31,32,-1,26,33,20,-1,20,33,34,-1,27,20,32,-1,32,20,34,-1,32,34,16,-1,16,34,35,-1,16,35,17,-1,17,35,36,-1,17,36,37,-1,24,28,12,-1,4,2,3,-1,7,18,9,-1,9,18,19,-1,9,19,11,-1,3,24,4,-1,4,24,12,-1,4,12,7,-1,7,12,14,-1,7,14,18,-1,18,14,30,-1,
        ]
    }
}
Shape{
    appearance Appearance {
        material  Material 	{
            diffuseColor 0.8313725490196079 0.8313725490196079 0.8196078431372549
            specularColor 0.6666666666666666 0.6666666666666666 0.6549019607843137
            ambientIntensity 0.83
            transparency 0.0
            shininess 0.5
        }
    }
    geometry IndexedFaceSet {
        ccw TRUE
        solid FALSE
        coord DEF co Coordinate {
            point [
                -0.2559 0.126 1.065, -0.3346 0.126 1.065, -0.2559 0.1304 1.0645, -0.3346 0.1304 1.0645, -0.2559 0.1345 1.063, -0.3346 0.1345 1.063, -0.2559 0.1383 1.0607, -0.3346 0.1383 1.0607, -0.2559 0.1414 1.0575, -0.3346 0.1414 1.0575, -0.2559 0.1437 1.0538, -0.3346 0.1437 1.0538, -0.2559 0.1452 1.0497, -0.3346 0.1452 1.0497, -0.2559 0.1457 1.0453, -0.3346 0.1457 1.0453, -0.2559 0.1457 0.435, -0.3346 0.1457 0.435, -0.2559 0.1403 0.3943, -0.3346 0.1403 0.3943, -0.2559 0.1246 0.3563, -0.3346 0.1246 0.3563, -0.2559 0.0995 0.3237, -0.3346 0.0995 0.3237, -0.2559 0.0669 0.2987, -0.3346 0.0669 0.2987, -0.2559 0.0289 0.2829, -0.3346 0.0289 0.2829, -0.2559 -0.0118 0.2776, -0.3346 -0.0118 0.2776, -0.2559 -0.0906 0.2776, -0.3346 -0.0906 0.2776, -0.2559 -0.1109 0.2802, -0.3346 -0.1109 0.2802, -0.2559 -0.1299 0.2881, -0.3346 -0.1299 0.2881, -0.2559 -0.1462 0.3006, -0.3346 -0.1462 0.3006, -0.2559 -0.1587 0.3169, -0.3346 -0.1587 0.3169, -0.2559 -0.1666 0.3359, -0.3346 -0.1666 0.3359, -0.2559 -0.1693 0.3563, -0.3346 -0.1693 0.3563, -0.2559 -0.1693 1.0059, -0.3346 -0.1693 1.0059, -0.3346 -0.171 1.0186, -0.2559 -0.171 1.0186, -0.3346 -0.1759 1.0305, -0.2559 -0.1759 1.0305, -0.3346 -0.1837 1.0407, -0.2559 -0.1837 1.0407, -0.3346 -0.1939 1.0485, -0.2559 -0.1939 1.0485, -0.3346 -0.2058 1.0534, -0.2559 -0.2058 1.0534, -0.3346 -0.2185 1.0551, -0.2559 -0.2185 1.0551, -0.3346 -0.2312 1.0534, -0.2559 -0.2312 1.0534, -0.3346 -0.2431 1.0485, -0.2559 -0.2431 1.0485, -0.3346 -0.2533 1.0407, -0.2559 -0.2533 1.0407, -0.3346 -0.2611 1.0305, -0.2559 -0.2611 1.0305, -0.3346 -0.266 1.0186, -0.2559 -0.266 1.0186, -0.3346 -0.2677 1.0059, -0.2559 -0.2677 1.0059
            ]
        }
        coordIndex [
            0,1,2,-1,2,1,3,-1,2,3,4,-1,4,3,5,-1,4,5,6,-1,6,5,7,-1,6,7,8,-1,8,7,9,-1,8,9,10,-1,10,9,11,-1,10,11,12,-1,12,11,13,-1,12,13,14,-1,14,13,15,-1,16,14,17,-1,17,14,15,-1,16,17,18,-1,18,17,19,-1,18,19,20,-1,20,19,21,-1,20,21,22,-1,22,21,23,-1,22,23,24,-1,24,23,25,-1,24,25,26,-1,26,25,27,-1,26,27,28,-1,28,27,29,-1,30,28,31,-1,31,28,29,-1,30,31,32,-1,32,31,33,-1,32,33,34,-1,34,33,35,-1,34,35,36,-1,36,35,37,-1,36,37,38,-1,38,37,39,-1,38,39,40,-1,40,39,41,-1,40,41,42,-1,42,41,43,-1,44,42,45,-1,45,42,43,-1,44,45,46,-1,44,46,47,-1,47,46,48,-1,47,48,49,-1,49,48,50,-1,49,50,51,-1,51,50,52,-1,51,52,53,-1,53,52,54,-1,53,54,55,-1,55,54,56,-1,55,56,57,-1,57,56,58,-1,57,58,59,-1,59,58,60,-1,59,60,61,-1,61,60,62,-1,61,62,63,-1,63,62,64,-1,63,64,65,-1,65,64,66,-1,65,66,67,-1,67,66,68,-1,67,68,69,-1,
        ]
    }
}
Shape{
    appearance Appearance {
        material  Material 	{
            diffuseColor 0.6784313725490196 0.6784313725490196 0.6784313725490196
            specularColor 0.047058823529411764 0.047058823529411764 0.047058823529411764
            ambientIntensity 0.9686
            transparency 0.0
            shininess 0.5
        }
    }
    geometry IndexedFaceSet {
        ccw TRUE
        solid FALSE
        coord DEF co Coordinate {
            point [
                -0.2559 -0.2677 0.1752, -0.2559 -0.2677 1.0059, -0.3346 -0.2677 0.1752, -0.3346 -0.2677 1.0059
            ]
        }
        coordIndex [
            0,1,2,-1,2,1,3,-1,
        ]
    }
}
Shape{
    appearance Appearance {
        material  Material 	{
            diffuseColor 0.8313725490196079 0.8313725490196079 0.8196078431372549
            specularColor 0.6666666666666666 0.6666666666666666 0.6549019607843137
            ambientIntensity 0.83
            transparency 0.0
            shininess 0.5
        }
    }
    geometry IndexedFaceSet {
        ccw TRUE
        solid FALSE
        coord DEF co Coordinate {
            point [
                -0.2559 -0.5906 0.0, -0.3346 -0.5906 0.0, -0.2559 0.2756 0.0, -0.3346 0.2756 0.0, -0.2559 0.2756 0.1791, -0.3346 0.2756 0.1791, -0.2559 0.1798 1.0722, -0.2559 0.2756 0.376, -0.3346 0.1798 1.0722, -0.3346 0.2756 0.376, -0.2559 0.1916 1.1273, -0.3346 0.1916 1.1273, -0.3346 0.1925 1.1374, -0.2559 0.1925 1.1374, -0.3346 0.1907 1.1473, -0.2559 0.1907 1.1473, -0.3346 0.1865 1.1565, -0.2559 0.1865 1.1565, -0.3346 0.1801 1.1643, -0.2559 0.1801 1.1643, -0.3346 0.1719 1.1702, -0.2559 0.1719 1.1702, -0.3346 0.1625 1.1738, -0.2559 0.1625 1.1738, -0.3346 0.1525 1.1749, -0.2559 0.1525 1.1749, -0.3346 0.1425 1.1735, -0.2559 0.1425 1.1735, -0.3346 0.1332 1.1695, -0.2559 0.1332 1.1695, -0.3346 0.1252 1.1633, -0.2559 0.1252 1.1633, -0.3346 0.1191 1.1553, -0.2559 0.1191 1.1553, -0.2559 0.0669 1.065, -0.3346 0.0669 1.065, -0.2559 0.126 1.065, -0.3346 0.126 1.065
            ]
        }
        coordIndex [
            0,1,2,-1,2,1,3,-1,4,2,5,-1,5,2,3,-1,6,7,8,-1,8,7,9,-1,10,6,11,-1,11,6,8,-1,10,11,12,-1,10,12,13,-1,13,12,14,-1,13,14,15,-1,15,14,16,-1,15,16,17,-1,17,16,18,-1,17,18,19,-1,19,18,20,-1,19,20,21,-1,21,20,22,-1,21,22,23,-1,23,22,24,-1,23,24,25,-1,25,24,26,-1,25,26,27,-1,27,26,28,-1,27,28,29,-1,29,28,30,-1,29,30,31,-1,31,30,32,-1,31,32,33,-1,34,33,35,-1,35,33,32,-1,36,34,37,-1,37,34,35,-1,
        ]
    }
}
Shape{
    appearance Appearance {
        material  Material 	{
            diffuseColor 0.6784313725490196 0.6784313725490196 0.6784313725490196
            specularColor 0.047058823529411764 0.047058823529411764 0.047058823529411764
            ambientIntensity 0.9686
            transparency 0.0
            shininess 0.5
        }
    }
    geometry IndexedFaceSet {
        ccw TRUE
        solid FALSE
        coord DEF co Coordinate {
            point [
                0.0492 0.1575 1.5728, 0.0492 0.2756 1.6909, -0.0492 0.1575 1.5728, -0.0492 0.2756 1.6909, -0.0492 0.1575 0.2185, 0.0492 0.1575 0.2185, 0.0492 -0.1575 0.2185, -0.0492 -0.1575 0.2185, 0.0492 -0.1575 1.2185, -0.0492 -0.1575 1.2185, 0.0492 -0.2362 1.2972, -0.0492 -0.2362 1.2972, 0.0492 0.3937 0.0807, 0.0492 -0.3937 0.0807, -0.0023 0.3937 0.0807, -0.0492 -0.3937 0.0807, -0.0492 0.3937 0.0807, -0.1476 -0.2756 0.1791, -0.1476 -0.2756 1.2972, -0.0492 -0.2756 0.1791, -0.0492 -0.2756 1.2972, -0.1476 0.2756 0.1791, -0.1378 0.2756 0.1791, -0.1378 0.2756 0.376, -0.0591 0.2756 0.1791, -0.0492 0.2756 0.1791, -0.0591 0.2756 0.376, -0.1476 0.2756 1.6909, -0.1476 0.3937 0.1791, -0.0492 0.3937 0.1791, -0.1476 -0.3937 0.1791, -0.0492 -0.3937 0.1791, -0.1476 0.3937 0.0807, -0.1476 -0.3937 0.0807, -0.1476 0.1575 1.5728, -0.1476 0.1575 0.2185, -0.1476 -0.1575 0.2185, -0.1476 -0.1575 1.2185, -0.1476 -0.2362 1.2972
            ]
        }
        coordIndex [
            0,1,2,-1,2,1,3,-1,4,5,2,-1,2,5,0,-1,6,5,7,-1,7,5,4,-1,8,6,9,-1,9,6,7,-1,10,8,11,-1,11,8,9,-1,12,13,14,-1,14,13,15,-1,14,15,16,-1,17,18,19,-1,19,18,20,-1,21,22,23,-1,24,25,26,-1,26,25,3,-1,26,3,23,-1,23,3,27,-1,23,27,21,-1,21,28,22,-1,22,28,29,-1,22,29,24,-1,24,29,25,-1,30,17,31,-1,31,17,19,-1,32,28,21,-1,32,21,33,-1,33,21,17,-1,33,17,30,-1,27,34,21,-1,21,34,35,-1,21,35,17,-1,17,35,36,-1,17,36,18,-1,18,36,37,-1,18,37,38,-1,25,29,16,-1,4,2,3,-1,7,19,9,-1,9,19,20,-1,9,20,11,-1,3,25,4,-1,4,25,16,-1,4,16,7,-1,7,16,15,-1,7,15,19,-1,19,15,31,-1,
        ]
    }
}
Shape{
    appearance Appearance {
        material  Material 	{
            diffuseColor 0.8313725490196079 0.8313725490196079 0.8196078431372549
            specularColor 0.6666666666666666 0.6666666666666666 0.6549019607843137
            ambientIntensity 0.83
            transparency 0.0
            shininess 0.5
        }
    }
    geometry IndexedFaceSet {
        ccw TRUE
        solid FALSE
        coord DEF co Coordinate {
            point [
                -0.0591 0.126 1.065, -0.1378 0.126 1.065, -0.0591 0.1304 1.0645, -0.1378 0.1304 1.0645, -0.0591 0.1345 1.063, -0.1378 0.1345 1.063, -0.0591 0.1383 1.0607, -0.1378 0.1383 1.0607, -0.0591 0.1414 1.0575, -0.1378 0.1414 1.0575, -0.0591 0.1437 1.0538, -0.1378 0.1437 1.0538, -0.0591 0.1452 1.0497, -0.1378 0.1452 1.0497, -0.0591 0.1457 1.0453, -0.1378 0.1457 1.0453, -0.0591 0.1457 0.435, -0.1378 0.1457 0.435, -0.0591 0.1403 0.3943, -0.1378 0.1403 0.3943, -0.0591 0.1246 0.3563, -0.1378 0.1246 0.3563, -0.0591 0.0995 0.3237, -0.1378 0.0995 0.3237, -0.0591 0.0669 0.2987, -0.1378 0.0669 0.2987, -0.0591 0.0289 0.2829, -0.1378 0.0289 0.2829, -0.0591 -0.0118 0.2776, -0.1378 -0.0118 0.2776, -0.0591 -0.0906 0.2776, -0.1378 -0.0906 0.2776, -0.0591 -0.1109 0.2802, -0.1378 -0.1109 0.2802, -0.0591 -0.1299 0.2881, -0.1378 -0.1299 0.2881, -0.0591 -0.1462 0.3006, -0.1378 -0.1462 0.3006, -0.0591 -0.1587 0.3169, -0.1378 -0.1587 0.3169, -0.0591 -0.1666 0.3359, -0.1378 -0.1666 0.3359, -0.0591 -0.1693 0.3563, -0.1378 -0.1693 0.3563, -0.0591 -0.1693 1.0059, -0.1378 -0.1693 1.0059, -0.1378 -0.171 1.0186, -0.0591 -0.171 1.0186, -0.1378 -0.1759 1.0305, -0.0591 -0.1759 1.0305, -0.1378 -0.1837 1.0407, -0.0591 -0.1837 1.0407, -0.1378 -0.1939 1.0485, -0.0591 -0.1939 1.0485, -0.1378 -0.2058 1.0534, -0.0591 -0.2058 1.0534, -0.1378 -0.2185 1.0551, -0.0591 -0.2185 1.0551, -0.1378 -0.2312 1.0534, -0.0591 -0.2312 1.0534, -0.1378 -0.2431 1.0485, -0.0591 -0.2431 1.0485, -0.1378 -0.2533 1.0407, -0.0591 -0.2533 1.0407, -0.1378 -0.2611 1.0305, -0.0591 -0.2611 1.0305, -0.1378 -0.266 1.0186, -0.0591 -0.266 1.0186, -0.1378 -0.2677 1.0059, -0.0591 -0.2677 1.0059
            ]
        }
        coordIndex [
            0,1,2,-1,2,1,3,-1,2,3,4,-1,4,3,5,-1,4,5,6,-1,6,5,7,-1,6,7,8,-1,8,7,9,-1,8,9,10,-1,10,9,11,-1,10,11,12,-1,12,11,13,-1,12,13,14,-1,14,13,15,-1,16,14,17,-1,17,14,15,-1,16,17,18,-1,18,17,19,-1,18,19,20,-1,20,19,21,-1,20,21,22,-1,22,21,23,-1,22,23,24,-1,24,23,25,-1,24,25,26,-1,26,25,27,-1,26,27,28,-1,28,27,29,-1,30,28,31,-1,31,28,29,-1,30,31,32,-1,32,31,33,-1,32,33,34,-1,34,33,35,-1,34,35,36,-1,36,35,37,-1,36,37,38,-1,38,37,39,-1,38,39,40,-1,40,39,41,-1,40,41,42,-1,42,41,43,-1,44,42,45,-1,45,42,43,-1,44,45,46,-1,44,46,47,-1,47,46,48,-1,47,48,49,-1,49,48,50,-1,49,50,51,-1,51,50,52,-1,51,52,53,-1,53,52,54,-1,53,54,55,-1,55,54,56,-1,55,56,57,-1,57,56,58,-1,57,58,59,-1,59,58,60,-1,59,60,61,-1,61,60,62,-1,61,62,63,-1,63,62,64,-1,63,64,65,-1,65,64,66,-1,65,66,67,-1,67,66,68,-1,67,68,69,-1,
        ]
    }
}
Shape{
    appearance Appearance {
        material  Material 	{
            diffuseColor 0.6784313725490196 0.6784313725490196 0.6784313725490196
            specularColor 0.047058823529411764 0.047058823529411764 0.047058823529411764
            ambientIntensity 0.9686
            transparency 0.0
            shininess 0.5
        }
    }
    geometry IndexedFaceSet {
        ccw TRUE
        solid FALSE
        coord DEF co Coordinate {
            point [
                -0.0591 -0.2677 0.1181, -0.0591 -0.2677 1.0059, -0.1378 -0.2677 0.1181, -0.1378 -0.2677 1.0059
            ]
        }
        coordIndex [
            0,1,2,-1,2,1,3,-1,
        ]
    }
}
Shape{
    appearance Appearance {
        material  Material 	{
            diffuseColor 0.8313725490196079 0.8313725490196079 0.8196078431372549
            specularColor 0.6666666666666666 0.6666666666666666 0.6549019607843137
            ambientIntensity 0.83
            transparency 0.0
            shininess 0.5
        }
    }
    geometry IndexedFaceSet {
        ccw TRUE
        solid FALSE
        coord DEF co Coordinate {
            point [
                -0.1378 -0.0315 0.0, -0.1378 0.5906 0.0, -0.0591 -0.0315 0.0, -0.0591 0.5906 0.0, -0.0591 0.2756 0.1791, -0.0591 0.2756 0.1752, -0.1378 0.2756 0.1791, -0.1378 0.2756 0.1752, -0.0591 0.1798 1.0722, -0.0591 0.2756 0.376, -0.1378 0.1798 1.0722, -0.1378 0.2756 0.376, -0.0591 0.1916 1.1273, -0.1378 0.1916 1.1273, -0.1378 0.1925 1.1374, -0.0591 0.1925 1.1374, -0.1378 0.1907 1.1473, -0.0591 0.1907 1.1473, -0.1378 0.1865 1.1565, -0.0591 0.1865 1.1565, -0.1378 0.1801 1.1643, -0.0591 0.1801 1.1643, -0.1378 0.1719 1.1702, -0.0591 0.1719 1.1702, -0.1378 0.1625 1.1738, -0.0591 0.1625 1.1738, -0.1378 0.1525 1.1749, -0.0591 0.1525 1.1749, -0.1378 0.1425 1.1735, -0.0591 0.1425 1.1735, -0.1378 0.1332 1.1695, -0.0591 0.1332 1.1695, -0.1378 0.1252 1.1633, -0.0591 0.1252 1.1633, -0.1378 0.1191 1.1553, -0.0591 0.1191 1.1553, -0.0591 0.0669 1.065, -0.1378 0.0669 1.065, -0.0591 0.126 1.065, -0.1378 0.126 1.065
            ]
        }
        coordIndex [
            0,1,2,-1,2,1,3,-1,4,5,6,-1,6,5,7,-1,8,9,10,-1,10,9,11,-1,12,8,13,-1,13,8,10,-1,12,13,14,-1,12,14,15,-1,15,14,16,-1,15,16,17,-1,17,16,18,-1,17,18,19,-1,19,18,20,-1,19,20,21,-1,21,20,22,-1,21,22,23,-1,23,22,24,-1,23,24,25,-1,25,24,26,-1,25,26,27,-1,27,26,28,-1,27,28,29,-1,29,28,30,-1,29,30,31,-1,31,30,32,-1,31,32,33,-1,33,32,34,-1,33,34,35,-1,36,35,37,-1,37,35,34,-1,38,36,39,-1,39,36,37,-1,
        ]
    }
}
Shape{
    appearance Appearance {
        material  Material 	{
            diffuseColor 0.6784313725490196 0.6784313725490196 0.6784313725490196
            specularColor 0.047058823529411764 0.047058823529411764 0.047058823529411764
            ambientIntensity 0.9686
            transparency 0.0
            shininess 0.5
        }
    }
    geometry IndexedFaceSet {
        ccw TRUE
        solid FALSE
        coord DEF co Coordinate {
            point [
                0.2461 0.1575 1.5728, 0.2461 0.2756 1.6909, 0.1476 0.1575 1.5728, 0.1476 0.2756 1.6909, 0.1476 0.1575 0.2185, 0.2461 0.1575 0.2185, 0.2461 -0.1575 0.2185, 0.1476 -0.1575 0.2185, 0.2461 -0.1575 1.2185, 0.1476 -0.1575 1.2185, 0.2461 -0.2362 1.2972, 0.1476 -0.2362 1.2972, 0.1476 0.3937 0.0807, 0.2461 0.3937 0.0807, 0.1476 -0.3937 0.0807, 0.2461 -0.3937 0.0807, 0.0492 -0.2756 0.1791, 0.0492 -0.2756 1.2972, 0.1476 -0.2756 0.1791, 0.1476 -0.2756 1.2972, 0.0492 0.2756 0.1791, 0.0591 0.2756 0.1791, 0.0591 0.2756 0.376, 0.1378 0.2756 0.1791, 0.1476 0.2756 0.1791, 0.1378 0.2756 0.376, 0.0492 0.2756 1.6909, 0.0492 0.3937 0.1791, 0.1476 0.3937 0.1791, 0.0492 -0.3937 0.1791, 0.1476 -0.3937 0.1791, 0.0492 -0.3937 0.0807, 0.0492 0.3937 0.0807, 0.0492 0.1575 1.5728, 0.0492 0.1575 0.2185, 0.0492 -0.1575 0.2185, 0.0492 -0.1575 1.2185, 0.0492 -0.2362 1.2972
            ]
        }
        coordIndex [
            0,1,2,-1,2,1,3,-1,4,5,2,-1,2,5,0,-1,6,5,7,-1,7,5,4,-1,8,6,9,-1,9,6,7,-1,10,8,11,-1,11,8,9,-1,12,13,14,-1,14,13,15,-1,16,17,18,-1,18,17,19,-1,20,21,22,-1,23,24,25,-1,25,24,3,-1,25,3,22,-1,22,3,26,-1,22,26,20,-1,20,27,21,-1,21,27,28,-1,21,28,23,-1,23,28,24,-1,29,16,30,-1,30,16,18,-1,31,32,20,-1,20,32,27,-1,26,33,20,-1,20,33,34,-1,20,34,31,-1,31,34,35,-1,29,31,16,-1,16,31,35,-1,16,35,17,-1,17,35,36,-1,17,36,37,-1,24,28,12,-1,4,2,3,-1,12,14,18,-1,18,14,30,-1,3,24,4,-1,4,24,12,-1,4,12,7,-1,7,12,18,-1,7,18,9,-1,9,18,19,-1,9,19,11,-1,
        ]
    }
}
Shape{
    appearance Appearance {
        material  Material 	{
            diffuseColor 0.8313725490196079 0.8313725490196079 0.8196078431372549
            specularColor 0.6666666666666666 0.6666666666666666 0.6549019607843137
            ambientIntensity 0.83
            transparency 0.0
            shininess 0.5
        }
    }
    geometry IndexedFaceSet {
        ccw TRUE
        solid FALSE
        coord DEF co Coordinate {
            point [
                0.1378 0.126 1.065, 0.0591 0.126 1.065, 0.1378 0.1304 1.0645, 0.0591 0.1304 1.0645, 0.1378 0.1345 1.063, 0.0591 0.1345 1.063, 0.1378 0.1383 1.0607, 0.0591 0.1383 1.0607, 0.1378 0.1414 1.0575, 0.0591 0.1414 1.0575, 0.1378 0.1437 1.0538, 0.0591 0.1437 1.0538, 0.1378 0.1452 1.0497, 0.0591 0.1452 1.0497, 0.1378 0.1457 1.0453, 0.0591 0.1457 1.0453, 0.1378 0.1457 0.435, 0.0591 0.1457 0.435, 0.1378 0.1403 0.3943, 0.0591 0.1403 0.3943, 0.1378 0.1246 0.3563, 0.0591 0.1246 0.3563, 0.1378 0.0995 0.3237, 0.0591 0.0995 0.3237, 0.1378 0.0669 0.2987, 0.0591 0.0669 0.2987, 0.1378 0.0289 0.2829, 0.0591 0.0289 0.2829, 0.1378 -0.0118 0.2776, 0.0591 -0.0118 0.2776, 0.1378 -0.0906 0.2776, 0.0591 -0.0906 0.2776, 0.1378 -0.1109 0.2802, 0.0591 -0.1109 0.2802, 0.1378 -0.1299 0.2881, 0.0591 -0.1299 0.2881, 0.1378 -0.1462 0.3006, 0.0591 -0.1462 0.3006, 0.1378 -0.1587 0.3169, 0.0591 -0.1587 0.3169, 0.1378 -0.1666 0.3359, 0.0591 -0.1666 0.3359, 0.1378 -0.1693 0.3563, 0.0591 -0.1693 0.3563, 0.1378 -0.1693 1.0059, 0.0591 -0.1693 1.0059, 0.0591 -0.171 1.0186, 0.1378 -0.171 1.0186, 0.0591 -0.1759 1.0305, 0.1378 -0.1759 1.0305, 0.0591 -0.1837 1.0407, 0.1378 -0.1837 1.0407, 0.0591 -0.1939 1.0485, 0.1378 -0.1939 1.0485, 0.0591 -0.2058 1.0534, 0.1378 -0.2058 1.0534, 0.0591 -0.2185 1.0551, 0.1378 -0.2185 1.0551, 0.0591 -0.2312 1.0534, 0.1378 -0.2312 1.0534, 0.0591 -0.2431 1.0485, 0.1378 -0.2431 1.0485, 0.0591 -0.2533 1.0407, 0.1378 -0.2533 1.0407, 0.0591 -0.2611 1.0305, 0.1378 -0.2611 1.0305, 0.0591 -0.266 1.0186, 0.1378 -0.266 1.0186, 0.0591 -0.2677 1.0059, 0.1378 -0.2677 1.0059, 0.1378 -0.2677 0.1752, 0.0591 -0.2677 0.1752, 0.1378 -0.5906 0.0, 0.0591 -0.5906 0.0, 0.1378 0.2756 0.0, 0.0591 0.2756 0.0, 0.1378 0.2756 0.1791, 0.0591 0.2756 0.1791, 0.1378 0.1798 1.0722, 0.1378 0.2756 0.376, 0.0591 0.1798 1.0722, 0.0591 0.2756 0.376, 0.1378 0.1916 1.1273, 0.0591 0.1916 1.1273, 0.0591 0.1925 1.1374, 0.1378 0.1925 1.1374, 0.0591 0.1907 1.1473, 0.1378 0.1907 1.1473, 0.0591 0.1865 1.1565, 0.1378 0.1865 1.1565, 0.0591 0.1801 1.1643, 0.1378 0.1801 1.1643, 0.0591 0.1719 1.1702, 0.1378 0.1719 1.1702, 0.0591 0.1625 1.1738, 0.1378 0.1625 1.1738, 0.0591 0.1525 1.1749, 0.1378 0.1525 1.1749, 0.0591 0.1425 1.1735, 0.1378 0.1425 1.1735, 0.0591 0.1332 1.1695, 0.1378 0.1332 1.1695, 0.0591 0.1252 1.1633, 0.1378 0.1252 1.1633, 0.0591 0.1191 1.1553, 0.1378 0.1191 1.1553, 0.1378 0.0669 1.065, 0.0591 0.0669 1.065
            ]
        }
        coordIndex [
            0,1,2,-1,2,1,3,-1,2,3,4,-1,4,3,5,-1,4,5,6,-1,6,5,7,-1,6,7,8,-1,8,7,9,-1,8,9,10,-1,10,9,11,-1,10,11,12,-1,12,11,13,-1,12,13,14,-1,14,13,15,-1,16,14,17,-1,17,14,15,-1,16,17,18,-1,18,17,19,-1,18,19,20,-1,20,19,21,-1,20,21,22,-1,22,21,23,-1,22,23,24,-1,24,23,25,-1,24,25,26,-1,26,25,27,-1,26,27,28,-1,28,27,29,-1,30,28,31,-1,31,28,29,-1,30,31,32,-1,32,31,33,-1,32,33,34,-1,34,33,35,-1,34,35,36,-1,36,35,37,-1,36,37,38,-1,38,37,39,-1,38,39,40,-1,40,39,41,-1,40,41,42,-1,42,41,43,-1,44,42,45,-1,45,42,43,-1,44,45,46,-1,44,46,47,-1,47,46,48,-1,47,48,49,-1,49,48,50,-1,49,50,51,-1,51,50,52,-1,51,52,53,-1,53,52,54,-1,53,54,55,-1,55,54,56,-1,55,56,57,-1,57,56,58,-1,57,58,59,-1,59,58,60,-1,59,60,61,-1,61,60,62,-1,61,62,63,-1,63,62,64,-1,63,64,65,-1,65,64,66,-1,65,66,67,-1,67,66,68,-1,67,68,69,-1,70,69,71,-1,71,69,68,-1,72,73,74,-1,74,73,75,-1,76,74,77,-1,77,74,75,-1,78,79,80,-1,80,79,81,-1,82,78,83,-1,83,78,80,-1,82,83,84,-1,82,84,85,-1,85,84,86,-1,85,86,87,-1,87,86,88,-1,87,88,89,-1,89,88,90,-1,89,90,91,-1,91,90,92,-1,91,92,93,-1,93,92,94,-1,93,94,95,-1,95,94,96,-1,95,96,97,-1,97,96,98,-1,97,98,99,-1,99,98,100,-1,99,100,101,-1,101,100,102,-1,101,102,103,-1,103,102,104,-1,103,104,105,-1,106,105,107,-1,107,105,104,-1,0,106,1,-1,1,106,107,-1,
        ]
    }
}
Shape{
    appearance Appearance {
        material  Material 	{
            diffuseColor 0.6784313725490196 0.6784313725490196 0.6784313725490196
            specularColor 0.047058823529411764 0.047058823529411764 0.047058823529411764
            ambientIntensity 0.9686
            transparency 0.0
            shininess 0.5
        }
    }
    geometry IndexedFaceSet {
        ccw TRUE
        solid FALSE
        coord DEF co Coordinate {
            point [
                0.4429 0.1575 1.5728, 0.4429 0.2756 1.6909, 0.3445 0.1575 1.5728, 0.3445 0.2756 1.6909, 0.3445 0.1575 0.2185, 0.4429 0.1575 0.2185, 0.4429 -0.1575 0.2185, 0.3445 -0.1575 0.2185, 0.4429 -0.1575 1.2185, 0.3445 -0.1575 1.2185, 0.4429 -0.2362 1.2972, 0.3445 -0.2362 1.2972, 0.3445 0.3937 0.0807, 0.4429 0.3937 0.0807, 0.3445 -0.3937 0.0807, 0.4429 -0.3937 0.0807, 0.2461 -0.2756 0.1791, 0.2461 -0.2756 1.2972, 0.3445 -0.2756 0.1791, 0.3445 -0.2756 1.2972, 0.2461 0.2756 0.1791, 0.2559 0.2756 0.1791, 0.2559 0.2756 0.376, 0.3346 0.2756 0.1791, 0.3445 0.2756 0.1791, 0.3346 0.2756 0.376, 0.2461 0.2756 1.6909, 0.2461 0.3937 0.1791, 0.3445 0.3937 0.1791, 0.2461 -0.3937 0.1791, 0.3445 -0.3937 0.1791, 0.2461 -0.3937 0.0807, 0.2461 0.3937 0.0807, 0.2461 0.1575 1.5728, 0.2461 0.1575 0.2185, 0.2461 -0.1575 0.2185, 0.2461 -0.1575 1.2185, 0.2461 -0.2362 1.2972
            ]
        }
        coordIndex [
            0,1,2,-1,2,1,3,-1,4,5,2,-1,2,5,0,-1,6,5,7,-1,7,5,4,-1,8,6,9,-1,9,6,7,-1,10,8,11,-1,11,8,9,-1,12,13,14,-1,14,13,15,-1,16,17,18,-1,18,17,19,-1,20,21,22,-1,23,24,25,-1,25,24,3,-1,25,3,22,-1,22,3,26,-1,22,26,20,-1,20,27,21,-1,21,27,28,-1,21,28,23,-1,23,28,24,-1,29,16,30,-1,30,16,18,-1,29,31,16,-1,16,31,32,-1,16,32,20,-1,20,32,27,-1,26,33,20,-1,20,33,34,-1,20,34,16,-1,16,34,35,-1,16,35,17,-1,17,35,36,-1,17,36,37,-1,28,12,24,-1,24,12,14,-1,24,14,18,-1,18,14,30,-1,2,3,4,-1,4,3,24,-1,4,24,7,-1,7,24,18,-1,7,18,9,-1,9,18,19,-1,9,19,11,-1,
        ]
    }
}
Shape{
    appearance Appearance {
        material  Material 	{
            diffuseColor 0.8313725490196079 0.8313725490196079 0.8196078431372549
            specularColor 0.6666666666666666 0.6666666666666666 0.6549019607843137
            ambientIntensity 0.83
            transparency 0.0
            shininess 0.5
        }
    }
    geometry IndexedFaceSet {
        ccw TRUE
        solid FALSE
        coord DEF co Coordinate {
            point [
                0.3346 0.126 1.065, 0.2559 0.126 1.065, 0.3346 0.1304 1.0645, 0.2559 0.1304 1.0645, 0.3346 0.1345 1.063, 0.2559 0.1345 1.063, 0.3346 0.1383 1.0607, 0.2559 0.1383 1.0607, 0.3346 0.1414 1.0575, 0.2559 0.1414 1.0575, 0.3346 0.1437 1.0538, 0.2559 0.1437 1.0538, 0.3346 0.1452 1.0497, 0.2559 0.1452 1.0497, 0.3346 0.1457 1.0453, 0.2559 0.1457 1.0453, 0.3346 0.1457 0.435, 0.2559 0.1457 0.435, 0.3346 0.1403 0.3943, 0.2559 0.1403 0.3943, 0.3346 0.1246 0.3563, 0.2559 0.1246 0.3563, 0.3346 0.0995 0.3237, 0.2559 0.0995 0.3237, 0.3346 0.0669 0.2987, 0.2559 0.0669 0.2987, 0.3346 0.0289 0.2829, 0.2559 0.0289 0.2829, 0.3346 -0.0118 0.2776, 0.2559 -0.0118 0.2776, 0.3346 -0.0906 0.2776, 0.2559 -0.0906 0.2776, 0.3346 -0.1109 0.2802, 0.2559 -0.1109 0.2802, 0.3346 -0.1299 0.2881, 0.2559 -0.1299 0.2881, 0.3346 -0.1462 0.3006, 0.2559 -0.1462 0.3006, 0.3346 -0.1587 0.3169, 0.2559 -0.1587 0.3169, 0.3346 -0.1666 0.3359, 0.2559 -0.1666 0.3359, 0.3346 -0.1693 0.3563, 0.2559 -0.1693 0.3563, 0.3346 -0.1693 1.0059, 0.2559 -0.1693 1.0059, 0.2559 -0.171 1.0186, 0.3346 -0.171 1.0186, 0.2559 -0.1759 1.0305, 0.3346 -0.1759 1.0305, 0.2559 -0.1837 1.0407, 0.3346 -0.1837 1.0407, 0.2559 -0.1939 1.0485, 0.3346 -0.1939 1.0485, 0.2559 -0.2058 1.0534, 0.3346 -0.2058 1.0534, 0.2559 -0.2185 1.0551, 0.3346 -0.2185 1.0551, 0.2559 -0.2312 1.0534, 0.3346 -0.2312 1.0534, 0.2559 -0.2431 1.0485, 0.3346 -0.2431 1.0485, 0.2559 -0.2533 1.0407, 0.3346 -0.2533 1.0407, 0.2559 -0.2611 1.0305, 0.3346 -0.2611 1.0305, 0.2559 -0.266 1.0186, 0.3346 -0.266 1.0186, 0.2559 -0.2677 1.0059, 0.3346 -0.2677 1.0059, 0.3346 -0.2677 0.1181, 0.2559 -0.2677 0.1181, 0.2559 -0.0315 0.0, 0.2559 0.5906 0.0, 0.3346 -0.0315 0.0, 0.3346 0.5906 0.0, 0.3346 0.2756 0.1791, 0.3346 0.2756 0.1752, 0.2559 0.2756 0.1791, 0.2559 0.2756 0.1752, 0.3346 0.1798 1.0722, 0.3346 0.2756 0.376, 0.2559 0.1798 1.0722, 0.2559 0.2756 0.376, 0.3346 0.1916 1.1273, 0.2559 0.1916 1.1273, 0.2559 0.1925 1.1374, 0.3346 0.1925 1.1374, 0.2559 0.1907 1.1473, 0.3346 0.1907 1.1473, 0.2559 0.1865 1.1565, 0.3346 0.1865 1.1565, 0.2559 0.1801 1.1643, 0.3346 0.1801 1.1643, 0.2559 0.1719 1.1702, 0.3346 0.1719 1.1702, 0.2559 0.1625 1.1738, 0.3346 0.1625 1.1738, 0.2559 0.1525 1.1749, 0.3346 0.1525 1.1749, 0.2559 0.1425 1.1735, 0.3346 0.1425 1.1735, 0.2559 0.1332 1.1695, 0.3346 0.1332 1.1695, 0.2559 0.1252 1.1633, 0.3346 0.1252 1.1633, 0.2559 0.1191 1.1553, 0.3346 0.1191 1.1553, 0.3346 0.0669 1.065, 0.2559 0.0669 1.065
            ]
        }
        coordIndex [
            0,1,2,-1,2,1,3,-1,2,3,4,-1,4,3,5,-1,4,5,6,-1,6,5,7,-1,6,7,8,-1,8,7,9,-1,8,9,10,-1,10,9,11,-1,10,11,12,-1,12,11,13,-1,12,13,14,-1,14,13,15,-1,16,14,17,-1,17,14,15,-1,16,17,18,-1,18,17,19,-1,18,19,20,-1,20,19,21,-1,20,21,22,-1,22,21,23,-1,22,23,24,-1,24,23,25,-1,24,25,26,-1,26,25,27,-1,26,27,28,-1,28,27,29,-1,30,28,31,-1,31,28,29,-1,30,31,32,-1,32,31,33,-1,32,33,34,-1,34,33,35,-1,34,35,36,-1,36,35,37,-1,36,37,38,-1,38,37,39,-1,38,39,40,-1,40,39,41,-1,40,41,42,-1,42,41,43,-1,44,42,45,-1,45,42,43,-1,44,45,46,-1,44,46,47,-1,47,46,48,-1,47,48,49,-1,49,48,50,-1,49,50,51,-1,51,50,52,-1,51,52,53,-1,53,52,54,-1,53,54,55,-1,55,54,56,-1,55,56,57,-1,57,56,58,-1,57,58,59,-1,59,58,60,-1,59,60,61,-1,61,60,62,-1,61,62,63,-1,63,62,64,-1,63,64,65,-1,65,64,66,-1,65,66,67,-1,67,66,68,-1,67,68,69,-1,70,69,71,-1,71,69,68,-1,72,73,74,-1,74,73,75,-1,76,77,78,-1,78,77,79,-1,80,81,82,-1,82,81,83,-1,84,80,85,-1,85,80,82,-1,84,85,86,-1,84,86,87,-1,87,86,88,-1,87,88,89,-1,89,88,90,-1,89,90,91,-1,91,90,92,-1,91,92,93,-1,93,92,94,-1,93,94,95,-1,95,94,96,-1,95,96,97,-1,97,96,98,-1,97,98,99,-1,99,98,100,-1,99,100,101,-1,101,100,102,-1,101,102,103,-1,103,102,104,-1,103,104,105,-1,105,104,106,-1,105,106,107,-1,108,107,109,-1,109,107,106,-1,0,108,1,-1,1,108,109,-1,
        ]
    }
}
Shape{
    appearance Appearance {
        material  Material 	{
            diffuseColor 0.6784313725490196 0.6784313725490196 0.6784313725490196
            specularColor 0.047058823529411764 0.047058823529411764 0.047058823529411764
            ambientIntensity 0.9686
            transparency 0.0
            shininess 0.5
        }
    }
    geometry IndexedFaceSet {
        ccw TRUE
        solid FALSE
        coord DEF co Coordinate {
            point [
                0.6398 0.1575 1.5728, 0.6398 0.2756 1.6909, 0.5413 0.1575 1.5728, 0.5413 0.2756 1.6909, 0.5413 0.1575 0.2185, 0.6398 0.1575 0.2185, 0.6398 -0.1575 0.2185, 0.5413 -0.1575 0.2185, 0.6398 -0.1575 1.2185, 0.5413 -0.1575 1.2185, 0.6398 -0.2362 1.2972, 0.5413 -0.2362 1.2972, 0.5413 0.3937 0.0807, 0.6398 0.3937 0.0807, 0.5413 -0.3937 0.0807, 0.6398 -0.3937 0.0807, 0.4429 -0.2756 0.1791, 0.4429 -0.2756 1.2972, 0.5413 -0.2756 0.1791, 0.5413 -0.2756 1.2972, 0.4429 0.2756 0.1791, 0.4528 0.2756 0.1791, 0.4528 0.2756 0.376, 0.5315 0.2756 0.1791, 0.5413 0.2756 0.1791, 0.5315 0.2756 0.376, 0.4429 0.2756 1.6909, 0.4429 0.3937 0.1791, 0.5413 0.3937 0.1791, 0.4429 -0.3937 0.1791, 0.5413 -0.3937 0.1791, 0.4429 0.3937 0.0807, 0.4429 -0.3937 0.0807, 0.4429 0.1575 1.5728, 0.4429 0.1575 0.2185, 0.4429 -0.1575 0.2185, 0.4429 -0.1575 1.2185, 0.4429 -0.2362 1.2972
            ]
        }
        coordIndex [
            0,1,2,-1,2,1,3,-1,4,5,2,-1,2,5,0,-1,6,5,7,-1,7,5,4,-1,8,6,9,-1,9,6,7,-1,10,8,11,-1,11,8,9,-1,12,13,14,-1,14,13,15,-1,16,17,18,-1,18,17,19,-1,20,21,22,-1,23,24,25,-1,25,24,3,-1,25,3,22,-1,22,3,26,-1,22,26,20,-1,20,27,21,-1,21,27,28,-1,21,28,23,-1,23,28,24,-1,29,16,30,-1,30,16,18,-1,31,27,20,-1,31,20,32,-1,32,20,16,-1,32,16,29,-1,26,33,20,-1,20,33,34,-1,20,34,16,-1,16,34,35,-1,16,35,17,-1,17,35,36,-1,17,36,37,-1,28,12,24,-1,24,12,14,-1,24,14,18,-1,18,14,30,-1,2,3,4,-1,4,3,24,-1,4,24,7,-1,7,24,18,-1,7,18,9,-1,9,18,19,-1,9,19,11,-1,
        ]
    }
}
Shape{
    appearance Appearance {
        material  Material 	{
            diffuseColor 0.8313725490196079 0.8313725490196079 0.8196078431372549
            specularColor 0.6666666666666666 0.6666666666666666 0.6549019607843137
            ambientIntensity 0.83
            transparency 0.0
            shininess 0.5
        }
    }
    geometry IndexedFaceSet {
        ccw TRUE
        solid FALSE
        coord DEF co Coordinate {
            point [
                0.5315 0.126 1.065, 0.4528 0.126 1.065, 0.5315 0.1304 1.0645, 0.4528 0.1304 1.0645, 0.5315 0.1345 1.063, 0.4528 0.1345 1.063, 0.5315 0.1383 1.0607, 0.4528 0.1383 1.0607, 0.5315 0.1414 1.0575, 0.4528 0.1414 1.0575, 0.5315 0.1437 1.0538, 0.4528 0.1437 1.0538, 0.5315 0.1452 1.0497, 0.4528 0.1452 1.0497, 0.5315 0.1457 1.0453, 0.4528 0.1457 1.0453, 0.5315 0.1457 0.435, 0.4528 0.1457 0.435, 0.5315 0.1403 0.3943, 0.4528 0.1403 0.3943, 0.5315 0.1246 0.3563, 0.4528 0.1246 0.3563, 0.5315 0.0995 0.3237, 0.4528 0.0995 0.3237, 0.5315 0.0669 0.2987, 0.4528 0.0669 0.2987, 0.5315 0.0289 0.2829, 0.4528 0.0289 0.2829, 0.5315 -0.0118 0.2776, 0.4528 -0.0118 0.2776, 0.5315 -0.0906 0.2776, 0.4528 -0.0906 0.2776, 0.5315 -0.1109 0.2802, 0.4528 -0.1109 0.2802, 0.5315 -0.1299 0.2881, 0.4528 -0.1299 0.2881, 0.5315 -0.1462 0.3006, 0.4528 -0.1462 0.3006, 0.5315 -0.1587 0.3169, 0.4528 -0.1587 0.3169, 0.5315 -0.1666 0.3359, 0.4528 -0.1666 0.3359, 0.5315 -0.1693 0.3563, 0.4528 -0.1693 0.3563, 0.5315 -0.1693 1.0059, 0.4528 -0.1693 1.0059, 0.4528 -0.171 1.0186, 0.5315 -0.171 1.0186, 0.4528 -0.1759 1.0305, 0.5315 -0.1759 1.0305, 0.4528 -0.1837 1.0407, 0.5315 -0.1837 1.0407, 0.4528 -0.1939 1.0485, 0.5315 -0.1939 1.0485, 0.4528 -0.2058 1.0534, 0.5315 -0.2058 1.0534, 0.4528 -0.2185 1.0551, 0.5315 -0.2185 1.0551, 0.4528 -0.2312 1.0534, 0.5315 -0.2312 1.0534, 0.4528 -0.2431 1.0485, 0.5315 -0.2431 1.0485, 0.4528 -0.2533 1.0407, 0.5315 -0.2533 1.0407, 0.4528 -0.2611 1.0305, 0.5315 -0.2611 1.0305, 0.4528 -0.266 1.0186, 0.5315 -0.266 1.0186, 0.4528 -0.2677 1.0059, 0.5315 -0.2677 1.0059, 0.5315 -0.2677 0.1752, 0.4528 -0.2677 0.1752, 0.5315 -0.5906 0.0, 0.4528 -0.5906 0.0, 0.5315 0.2756 0.0, 0.4528 0.2756 0.0, 0.5315 0.2756 0.1791, 0.4528 0.2756 0.1791, 0.5315 0.1798 1.0722, 0.5315 0.2756 0.376, 0.4528 0.1798 1.0722, 0.4528 0.2756 0.376, 0.5315 0.1916 1.1273, 0.4528 0.1916 1.1273, 0.4528 0.1925 1.1374, 0.5315 0.1925 1.1374, 0.4528 0.1907 1.1473, 0.5315 0.1907 1.1473, 0.4528 0.1865 1.1565, 0.5315 0.1865 1.1565, 0.4528 0.1801 1.1643, 0.5315 0.1801 1.1643, 0.4528 0.1719 1.1702, 0.5315 0.1719 1.1702, 0.4528 0.1625 1.1738, 0.5315 0.1625 1.1738, 0.4528 0.1525 1.1749, 0.5315 0.1525 1.1749, 0.4528 0.1425 1.1735, 0.5315 0.1425 1.1735, 0.4528 0.1332 1.1695, 0.5315 0.1332 1.1695, 0.4528 0.1252 1.1633, 0.5315 0.1252 1.1633, 0.4528 0.1191 1.1553, 0.5315 0.1191 1.1553, 0.5315 0.0669 1.065, 0.4528 0.0669 1.065
            ]
        }
        coordIndex [
            0,1,2,-1,2,1,3,-1,2,3,4,-1,4,3,5,-1,4,5,6,-1,6,5,7,-1,6,7,8,-1,8,7,9,-1,8,9,10,-1,10,9,11,-1,10,11,12,-1,12,11,13,-1,12,13,14,-1,14,13,15,-1,16,14,17,-1,17,14,15,-1,16,17,18,-1,18,17,19,-1,18,19,20,-1,20,19,21,-1,20,21,22,-1,22,21,23,-1,22,23,24,-1,24,23,25,-1,24,25,26,-1,26,25,27,-1,26,27,28,-1,28,27,29,-1,30,28,31,-1,31,28,29,-1,30,31,32,-1,32,31,33,-1,32,33,34,-1,34,33,35,-1,34,35,36,-1,36,35,37,-1,36,37,38,-1,38,37,39,-1,38,39,40,-1,40,39,41,-1,40,41,42,-1,42,41,43,-1,44,42,45,-1,45,42,43,-1,44,45,46,-1,44,46,47,-1,47,46,48,-1,47,48,49,-1,49,48,50,-1,49,50,51,-1,51,50,52,-1,51,52,53,-1,53,52,54,-1,53,54,55,-1,55,54,56,-1,55,56,57,-1,57,56,58,-1,57,58,59,-1,59,58,60,-1,59,60,61,-1,61,60,62,-1,61,62,63,-1,63,62,64,-1,63,64,65,-1,65,64,66,-1,65,66,67,-1,67,66,68,-1,67,68,69,-1,70,69,71,-1,71,69,68,-1,72,73,74,-1,74,73,75,-1,76,74,77,-1,77,74,75,-1,78,79,80,-1,80,79,81,-1,82,78,83,-1,83,78,80,-1,82,83,84,-1,82,84,85,-1,85,84,86,-1,85,86,87,-1,87,86,88,-1,87,88,89,-1,89,88,90,-1,89,90,91,-1,91,90,92,-1,91,92,93,-1,93,92,94,-1,93,94,95,-1,95,94,96,-1,95,96,97,-1,97,96,98,-1,97,98,99,-1,99,98,100,-1,99,100,101,-1,101,100,102,-1,101,102,103,-1,103,102,104,-1,103,104,105,-1,106,105,107,-1,107,105,104,-1,0,106,1,-1,1,106,107,-1,
        ]
    }
}
Shape{
    appearance Appearance {
        material  Material 	{
            diffuseColor 0.6784313725490196 0.6784313725490196 0.6784313725490196
            specularColor 0.047058823529411764 0.047058823529411764 0.047058823529411764
            ambientIntensity 0.9686
            transparency 0.0
            shininess 0.5
        }
    }
    geometry IndexedFaceSet {
        ccw TRUE
        solid FALSE
        coord DEF co Coordinate {
            point [
                0.8366 0.1575 1.5728, 0.8366 0.2756 1.6909, 0.7382 0.1575 1.5728, 0.7382 0.2756 1.6909, 0.7382 0.1575 0.2185, 0.8366 0.1575 0.2185, 0.8366 -0.1575 0.2185, 0.7382 -0.1575 0.2185, 0.8366 -0.1575 1.2185, 0.7382 -0.1575 1.2185, 0.8366 -0.2362 1.2972, 0.7382 -0.2362 1.2972, 0.7382 0.3937 0.0807, 0.8366 0.3937 0.0807, 0.7382 -0.3937 0.0807, 0.8366 -0.3937 0.0807, 0.6398 -0.2756 0.1791, 0.6398 -0.2756 1.2972, 0.7382 -0.2756 0.1791, 0.7382 -0.2756 1.2972, 0.6398 0.2756 0.1791, 0.6496 0.2756 0.1791, 0.6496 0.2756 0.376, 0.7283 0.2756 0.1791, 0.7382 0.2756 0.1791, 0.7283 0.2756 0.376, 0.6398 0.2756 1.6909, 0.6398 0.3937 0.1791, 0.7382 0.3937 0.1791, 0.6398 -0.3937 0.1791, 0.7382 -0.3937 0.1791, 0.6398 0.3937 0.0807, 0.6398 -0.3937 0.0807, 0.6398 0.1575 1.5728, 0.6398 0.1575 0.2185, 0.6398 -0.1575 0.2185, 0.6398 -0.1575 1.2185, 0.6398 -0.2362 1.2972
            ]
        }
        coordIndex [
            0,1,2,-1,2,1,3,-1,4,5,2,-1,2,5,0,-1,6,5,7,-1,7,5,4,-1,8,6,9,-1,9,6,7,-1,10,8,11,-1,11,8,9,-1,12,13,14,-1,14,13,15,-1,16,17,18,-1,18,17,19,-1,20,21,22,-1,23,24,25,-1,25,24,3,-1,25,3,22,-1,22,3,26,-1,22,26,20,-1,21,20,27,-1,21,27,23,-1,23,27,28,-1,23,28,24,-1,29,16,30,-1,30,16,18,-1,31,27,20,-1,31,20,32,-1,32,20,16,-1,32,16,29,-1,26,33,20,-1,20,33,34,-1,20,34,16,-1,16,34,35,-1,16,35,17,-1,17,35,36,-1,17,36,37,-1,28,12,24,-1,24,12,14,-1,24,14,18,-1,18,14,30,-1,11,9,7,-1,2,3,4,-1,4,3,24,-1,4,24,7,-1,7,24,18,-1,7,18,11,-1,11,18,19,-1,
        ]
    }
}
Shape{
    appearance Appearance {
        material  Material 	{
            diffuseColor 0.8313725490196079 0.8313725490196079 0.8196078431372549
            specularColor 0.6666666666666666 0.6666666666666666 0.6549019607843137
            ambientIntensity 0.83
            transparency 0.0
            shininess 0.5
        }
    }
    geometry IndexedFaceSet {
        ccw TRUE
        solid FALSE
        coord DEF co Coordinate {
            point [
                0.7283 0.126 1.065, 0.6496 0.126 1.065, 0.7283 0.1304 1.0645, 0.6496 0.1304 1.0645, 0.7283 0.1345 1.063, 0.6496 0.1345 1.063, 0.7283 0.1383 1.0607, 0.6496 0.1383 1.0607, 0.7283 0.1414 1.0575, 0.6496 0.1414 1.0575, 0.7283 0.1437 1.0538, 0.6496 0.1437 1.0538, 0.7283 0.1452 1.0497, 0.6496 0.1452 1.0497, 0.7283 0.1457 1.0453, 0.6496 0.1457 1.0453, 0.7283 0.1457 0.435, 0.6496 0.1457 0.435, 0.7283 0.1403 0.3943, 0.6496 0.1403 0.3943, 0.7283 0.1246 0.3563, 0.6496 0.1246 0.3563, 0.7283 0.0995 0.3237, 0.6496 0.0995 0.3237, 0.7283 0.0669 0.2987, 0.6496 0.0669 0.2987, 0.7283 0.0289 0.2829, 0.6496 0.0289 0.2829, 0.7283 -0.0118 0.2776, 0.6496 -0.0118 0.2776, 0.7283 -0.0906 0.2776, 0.6496 -0.0906 0.2776, 0.7283 -0.1109 0.2802, 0.6496 -0.1109 0.2802, 0.7283 -0.1299 0.2881, 0.6496 -0.1299 0.2881, 0.7283 -0.1462 0.3006, 0.6496 -0.1462 0.3006, 0.7283 -0.1587 0.3169, 0.6496 -0.1587 0.3169, 0.7283 -0.1666 0.3359, 0.6496 -0.1666 0.3359, 0.7283 -0.1693 0.3563, 0.6496 -0.1693 0.3563, 0.7283 -0.1693 1.0059, 0.6496 -0.1693 1.0059, 0.6496 -0.171 1.0186, 0.7283 -0.171 1.0186, 0.6496 -0.1759 1.0305, 0.7283 -0.1759 1.0305, 0.6496 -0.1837 1.0407, 0.7283 -0.1837 1.0407, 0.6496 -0.1939 1.0485, 0.7283 -0.1939 1.0485, 0.6496 -0.2058 1.0534, 0.7283 -0.2058 1.0534, 0.6496 -0.2185 1.0551, 0.7283 -0.2185 1.0551, 0.6496 -0.2312 1.0534, 0.7283 -0.2312 1.0534, 0.6496 -0.2431 1.0485, 0.7283 -0.2431 1.0485, 0.6496 -0.2533 1.0407, 0.7283 -0.2533 1.0407, 0.6496 -0.2611 1.0305, 0.7283 -0.2611 1.0305, 0.6496 -0.266 1.0186, 0.7283 -0.266 1.0186, 0.6496 -0.2677 1.0059, 0.7283 -0.2677 1.0059, 0.7283 -0.2677 0.1181, 0.6496 -0.2677 0.1181, 0.6496 -0.0315 0.0, 0.6496 0.5906 0.0, 0.7283 -0.0315 0.0, 0.7283 0.5906 0.0, 0.7283 0.2756 0.1791, 0.7283 0.2756 0.1752, 0.6496 0.2756 0.1791, 0.6496 0.2756 0.1752, 0.7283 0.1798 1.0722, 0.7283 0.2756 0.376, 0.6496 0.1798 1.0722, 0.6496 0.2756 0.376, 0.7283 0.1916 1.1273, 0.6496 0.1916 1.1273, 0.6496 0.1925 1.1374, 0.7283 0.1925 1.1374, 0.6496 0.1907 1.1473, 0.7283 0.1907 1.1473, 0.6496 0.1865 1.1565, 0.7283 0.1865 1.1565, 0.6496 0.1801 1.1643, 0.7283 0.1801 1.1643, 0.6496 0.1719 1.1702, 0.7283 0.1719 1.1702, 0.6496 0.1625 1.1738, 0.7283 0.1625 1.1738, 0.6496 0.1525 1.1749, 0.7283 0.1525 1.1749, 0.6496 0.1425 1.1735, 0.7283 0.1425 1.1735, 0.6496 0.1332 1.1695, 0.7283 0.1332 1.1695, 0.6496 0.1252 1.1633, 0.7283 0.1252 1.1633, 0.6496 0.1191 1.1553, 0.7283 0.1191 1.1553, 0.7283 0.0669 1.065, 0.6496 0.0669 1.065
            ]
        }
        coordIndex [
            0,1,2,-1,2,1,3,-1,2,3,4,-1,4,3,5,-1,4,5,6,-1,6,5,7,-1,6,7,8,-1,8,7,9,-1,8,9,10,-1,10,9,11,-1,10,11,12,-1,12,11,13,-1,12,13,14,-1,14,13,15,-1,16,14,17,-1,17,14,15,-1,16,17,18,-1,18,17,19,-1,18,19,20,-1,20,19,21,-1,20,21,22,-1,22,21,23,-1,22,23,24,-1,24,23,25,-1,24,25,26,-1,26,25,27,-1,26,27,28,-1,28,27,29,-1,30,28,31,-1,31,28,29,-1,30,31,32,-1,32,31,33,-1,32,33,34,-1,34,33,35,-1,34,35,36,-1,36,35,37,-1,36,37,38,-1,38,37,39,-1,38,39,40,-1,40,39,41,-1,40,41,42,-1,42,41,43,-1,44,42,45,-1,45,42,43,-1,44,45,46,-1,44,46,47,-1,47,46,48,-1,47,48,49,-1,49,48,50,-1,49,50,51,-1,51,50,52,-1,51,52,53,-1,53,52,54,-1,53,54,55,-1,55,54,56,-1,55,56,57,-1,57,56,58,-1,57,58,59,-1,59,58,60,-1,59,60,61,-1,61,60,62,-1,61,62,63,-1,63,62,64,-1,63,64,65,-1,65,64,66,-1,65,66,67,-1,67,66,68,-1,67,68,69,-1,70,69,71,-1,71,69,68,-1,72,73,74,-1,74,73,75,-1,76,77,78,-1,78,77,79,-1,80,81,82,-1,82,81,83,-1,84,80,85,-1,85,80,82,-1,84,85,86,-1,84,86,87,-1,87,86,88,-1,87,88,89,-1,89,88,90,-1,89,90,91,-1,91,90,92,-1,91,92,93,-1,93,92,94,-1,93,94,95,-1,95,94,96,-1,95,96,97,-1,97,96,98,-1,97,98,99,-1,99,98,100,-1,99,100,101,-1,101,100,102,-1,101,102,103,-1,103,102,104,-1,103,104,105,-1,105,104,106,-1,105,106,107,-1,108,107,109,-1,109,107,106,-1,0,108,1,-1,1,108,109,-1,
        ]
    }
}
Shape{
    appearance Appearance {
        material  Material 	{
            diffuseColor 0.6784313725490196 0.6784313725490196 0.6784313725490196
            specularColor 0.047058823529411764 0.047058823529411764 0.047058823529411764
            ambientIntensity 0.9686
            transparency 0.0
            shininess 0.5
        }
    }
    geometry IndexedFaceSet {
        ccw TRUE
        solid FALSE
        coord DEF co Coordinate {
            point [
                1.0335 0.1575 1.5728, 1.0335 0.2756 1.6909, 0.935 0.1575 1.5728, 0.935 0.2756 1.6909, 0.935 0.1575 0.2185, 1.0335 0.1575 0.2185, 1.0335 -0.1575 0.2185, 0.935 -0.1575 0.2185, 1.0335 -0.1575 1.2185, 0.935 -0.1575 1.2185, 1.0335 -0.2362 1.2972, 0.935 -0.2362 1.2972, 0.935 0.3937 0.0807, 1.0335 0.3937 0.0807, 0.935 -0.3937 0.0807, 1.0335 -0.3937 0.0807, 0.8366 -0.2756 0.1791, 0.8366 -0.2756 1.2972, 0.935 -0.2756 0.1791, 0.935 -0.2756 1.2972, 0.8366 0.2756 0.1791, 0.8465 0.2756 0.1791, 0.8465 0.2756 0.376, 0.9252 0.2756 0.1791, 0.935 0.2756 0.1791, 0.9252 0.2756 0.376, 0.8366 0.2756 1.6909, 0.8366 0.3937 0.1791, 0.935 0.3937 0.1791, 0.8366 -0.3937 0.1791, 0.935 -0.3937 0.1791, 0.8366 0.3937 0.0807, 0.8366 -0.3937 0.0807, 0.8366 0.1575 1.5728, 0.8366 0.1575 0.2185, 0.8366 -0.1575 0.2185, 0.8366 -0.1575 1.2185, 0.8366 -0.2362 1.2972
            ]
        }
        coordIndex [
            0,1,2,-1,2,1,3,-1,4,5,2,-1,2,5,0,-1,6,5,7,-1,7,5,4,-1,8,6,9,-1,9,6,7,-1,10,8,11,-1,11,8,9,-1,12,13,14,-1,14,13,15,-1,16,17,18,-1,18,17,19,-1,20,21,22,-1,23,24,25,-1,25,24,3,-1,25,3,22,-1,22,3,26,-1,22,26,20,-1,21,20,27,-1,21,27,23,-1,23,27,28,-1,23,28,24,-1,29,16,30,-1,30,16,18,-1,31,27,20,-1,31,20,32,-1,32,20,16,-1,32,16,29,-1,26,33,20,-1,20,33,34,-1,20,34,16,-1,16,34,35,-1,16,35,17,-1,17,35,36,-1,17,36,37,-1,28,12,24,-1,24,12,14,-1,24,14,18,-1,18,14,30,-1,2,3,4,-1,4,3,24,-1,4,24,7,-1,7,24,18,-1,7,18,9,-1,9,18,19,-1,9,19,11,-1,
        ]
    }
}
Shape{
    appearance Appearance {
        material  Material 	{
            diffuseColor 0.8313725490196079 0.8313725490196079 0.8196078431372549
            specularColor 0.6666666666666666 0.6666666666666666 0.6549019607843137
            ambientIntensity 0.83
            transparency 0.0
            shininess 0.5
        }
    }
    geometry IndexedFaceSet {
        ccw TRUE
        solid FALSE
        coord DEF co Coordinate {
            point [
                0.9252 0.126 1.065, 0.8465 0.126 1.065, 0.9252 0.1304 1.0645, 0.8465 0.1304 1.0645, 0.9252 0.1345 1.063, 0.8465 0.1345 1.063, 0.9252 0.1383 1.0607, 0.8465 0.1383 1.0607, 0.9252 0.1414 1.0575, 0.8465 0.1414 1.0575, 0.9252 0.1437 1.0538, 0.8465 0.1437 1.0538, 0.9252 0.1452 1.0497, 0.8465 0.1452 1.0497, 0.9252 0.1457 1.0453, 0.8465 0.1457 1.0453, 0.9252 0.1457 0.435, 0.8465 0.1457 0.435, 0.9252 0.1403 0.3943, 0.8465 0.1403 0.3943, 0.9252 0.1246 0.3563, 0.8465 0.1246 0.3563, 0.9252 0.0995 0.3237, 0.8465 0.0995 0.3237, 0.9252 0.0669 0.2987, 0.8465 0.0669 0.2987, 0.9252 0.0289 0.2829, 0.8465 0.0289 0.2829, 0.9252 -0.0118 0.2776, 0.8465 -0.0118 0.2776, 0.9252 -0.0906 0.2776, 0.8465 -0.0906 0.2776, 0.9252 -0.1109 0.2802, 0.8465 -0.1109 0.2802, 0.9252 -0.1299 0.2881, 0.8465 -0.1299 0.2881, 0.9252 -0.1462 0.3006, 0.8465 -0.1462 0.3006, 0.9252 -0.1587 0.3169, 0.8465 -0.1587 0.3169, 0.9252 -0.1666 0.3359, 0.8465 -0.1666 0.3359, 0.9252 -0.1693 0.3563, 0.8465 -0.1693 0.3563, 0.9252 -0.1693 1.0059, 0.8465 -0.1693 1.0059, 0.8465 -0.171 1.0186, 0.9252 -0.171 1.0186, 0.8465 -0.1759 1.0305, 0.9252 -0.1759 1.0305, 0.8465 -0.1837 1.0407, 0.9252 -0.1837 1.0407, 0.8465 -0.1939 1.0485, 0.9252 -0.1939 1.0485, 0.8465 -0.2058 1.0534, 0.9252 -0.2058 1.0534, 0.8465 -0.2185 1.0551, 0.9252 -0.2185 1.0551, 0.8465 -0.2312 1.0534, 0.9252 -0.2312 1.0534, 0.8465 -0.2431 1.0485, 0.9252 -0.2431 1.0485, 0.8465 -0.2533 1.0407, 0.9252 -0.2533 1.0407, 0.8465 -0.2611 1.0305, 0.9252 -0.2611 1.0305, 0.8465 -0.266 1.0186, 0.9252 -0.266 1.0186, 0.8465 -0.2677 1.0059, 0.9252 -0.2677 1.0059, 0.9252 -0.2677 0.1752, 0.8465 -0.2677 0.1752, 0.9252 -0.5906 0.0, 0.8465 -0.5906 0.0, 0.9252 0.2756 0.0, 0.8465 0.2756 0.0, 0.9252 0.2756 0.1791, 0.8465 0.2756 0.1791, 0.9252 0.1798 1.0722, 0.9252 0.2756 0.376, 0.8465 0.1798 1.0722, 0.8465 0.2756 0.376, 0.9252 0.1916 1.1273, 0.8465 0.1916 1.1273, 0.8465 0.1925 1.1374, 0.9252 0.1925 1.1374, 0.8465 0.1907 1.1473, 0.9252 0.1907 1.1473, 0.8465 0.1865 1.1565, 0.9252 0.1865 1.1565, 0.8465 0.1801 1.1643, 0.9252 0.1801 1.1643, 0.8465 0.1719 1.1702, 0.9252 0.1719 1.1702, 0.8465 0.1625 1.1738, 0.9252 0.1625 1.1738, 0.8465 0.1525 1.1749, 0.9252 0.1525 1.1749, 0.8465 0.1425 1.1735, 0.9252 0.1425 1.1735, 0.8465 0.1332 1.1695, 0.9252 0.1332 1.1695, 0.8465 0.1252 1.1633, 0.9252 0.1252 1.1633, 0.8465 0.1191 1.1553, 0.9252 0.1191 1.1553, 0.9252 0.0669 1.065, 0.8465 0.0669 1.065
            ]
        }
        coordIndex [
            0,1,2,-1,2,1,3,-1,2,3,4,-1,4,3,5,-1,4,5,6,-1,6,5,7,-1,6,7,8,-1,8,7,9,-1,8,9,10,-1,10,9,11,-1,10,11,12,-1,12,11,13,-1,12,13,14,-1,14,13,15,-1,16,14,17,-1,17,14,15,-1,16,17,18,-1,18,17,19,-1,18,19,20,-1,20,19,21,-1,20,21,22,-1,22,21,23,-1,22,23,24,-1,24,23,25,-1,24,25,26,-1,26,25,27,-1,26,27,28,-1,28,27,29,-1,30,28,31,-1,31,28,29,-1,30,31,32,-1,32,31,33,-1,32,33,34,-1,34,33,35,-1,34,35,36,-1,36,35,37,-1,36,37,38,-1,38,37,39,-1,38,39,40,-1,40,39,41,-1,40,41,42,-1,42,41,43,-1,44,42,45,-1,45,42,43,-1,44,45,46,-1,44,46,47,-1,47,46,48,-1,47,48,49,-1,49,48,50,-1,49,50,51,-1,51,50,52,-1,51,52,53,-1,53,52,54,-1,53,54,55,-1,55,54,56,-1,55,56,57,-1,57,56,58,-1,57,58,59,-1,59,58,60,-1,59,60,61,-1,61,60,62,-1,61,62,63,-1,63,62,64,-1,63,64,65,-1,65,64,66,-1,65,66,67,-1,67,66,68,-1,67,68,69,-1,70,69,71,-1,71,69,68,-1,72,73,74,-1,74,73,75,-1,76,74,77,-1,77,74,75,-1,78,79,80,-1,80,79,81,-1,82,78,83,-1,83,78,80,-1,82,83,84,-1,82,84,85,-1,85,84,86,-1,85,86,87,-1,87,86,88,-1,87,88,89,-1,89,88,90,-1,89,90,91,-1,91,90,92,-1,91,92,93,-1,93,92,94,-1,93,94,95,-1,95,94,96,-1,95,96,97,-1,97,96,98,-1,97,98,99,-1,99,98,100,-1,99,100,101,-1,101,100,102,-1,101,102,103,-1,103,102,104,-1,103,104,105,-1,106,105,107,-1,107,105,104,-1,0,106,1,-1,1,106,107,-1,
        ]
    }
}
Shape{
    appearance Appearance {
        material  Material 	{
            diffuseColor 0.6784313725490196 0.6784313725490196 0.6784313725490196
            specularColor 0.047058823529411764 0.047058823529411764 0.047058823529411764
            ambientIntensity 0.9686
            transparency 0.0
            shininess 0.5
        }
    }
    geometry IndexedFaceSet {
        ccw TRUE
        solid FALSE
        coord DEF co Coordinate {
            point [
                1.2303 0.1575 1.5728, 1.2303 0.2756 1.6909, 1.1319 0.1575 1.5728, 1.1319 0.2756 1.6909, 1.1319 0.1575 0.2185, 1.2303 0.1575 0.2185, 1.2303 -0.1575 0.2185, 1.1319 -0.1575 0.2185, 1.2303 -0.1575 1.2185, 1.1319 -0.1575 1.2185, 1.2303 -0.2362 1.2972, 1.1319 -0.2362 1.2972, 1.1319 0.3937 0.0807, 1.2303 0.3937 0.0807, 1.1319 -0.3937 0.0807, 1.2303 -0.3937 0.0807, 1.0335 -0.2756 0.1791, 1.0335 -0.2756 1.2972, 1.1319 -0.2756 0.1791, 1.1319 -0.2756 1.2972, 1.0335 0.2756 0.1791, 1.0433 0.2756 0.1791, 1.0433 0.2756 0.376, 1.122 0.2756 0.1791, 1.1319 0.2756 0.1791, 1.122 0.2756 0.376, 1.0335 0.2756 1.6909, 1.0335 0.3937 0.1791, 1.1319 0.3937 0.1791, 1.0335 -0.3937 0.1791, 1.1319 -0.3937 0.1791, 1.0335 -0.3937 0.0807, 1.0335 0.3937 0.0807, 1.0335 0.1575 1.5728, 1.0335 0.1575 0.2185, 1.0335 -0.1575 0.2185, 1.0335 -0.1575 1.2185, 1.0335 -0.2362 1.2972
            ]
        }
        coordIndex [
            0,1,2,-1,2,1,3,-1,4,5,2,-1,2,5,0,-1,6,5,7,-1,7,5,4,-1,8,6,9,-1,9,6,7,-1,10,8,11,-1,11,8,9,-1,12,13,14,-1,14,13,15,-1,16,17,18,-1,18,17,19,-1,20,21,22,-1,23,24,25,-1,25,24,3,-1,25,3,22,-1,22,3,26,-1,22,26,20,-1,21,20,27,-1,21,27,23,-1,23,27,28,-1,23,28,24,-1,29,16,30,-1,30,16,18,-1,29,31,16,-1,16,31,32,-1,16,32,20,-1,20,32,27,-1,26,33,20,-1,20,33,34,-1,20,34,16,-1,16,34,35,-1,16,35,17,-1,17,35,36,-1,17,36,37,-1,28,12,24,-1,24,12,14,-1,24,14,18,-1,18,14,30,-1,2,3,4,-1,4,3,24,-1,4,24,7,-1,7,24,18,-1,7,18,9,-1,9,18,19,-1,9,19,11,-1,
        ]
    }
}
Shape{
    appearance Appearance {
        material  Material 	{
            diffuseColor 0.8313725490196079 0.8313725490196079 0.8196078431372549
            specularColor 0.6666666666666666 0.6666666666666666 0.6549019607843137
            ambientIntensity 0.83
            transparency 0.0
            shininess 0.5
        }
    }
    geometry IndexedFaceSet {
        ccw TRUE
        solid FALSE
        coord DEF co Coordinate {
            point [
                1.122 0.126 1.065, 1.0433 0.126 1.065, 1.122 0.1304 1.0645, 1.0433 0.1304 1.0645, 1.122 0.1345 1.063, 1.0433 0.1345 1.063, 1.122 0.1383 1.0607, 1.0433 0.1383 1.0607, 1.122 0.1414 1.0575, 1.0433 0.1414 1.0575, 1.122 0.1437 1.0538, 1.0433 0.1437 1.0538, 1.122 0.1452 1.0497, 1.0433 0.1452 1.0497, 1.122 0.1457 1.0453, 1.0433 0.1457 1.0453, 1.122 0.1457 0.435, 1.0433 0.1457 0.435, 1.122 0.1403 0.3943, 1.0433 0.1403 0.3943, 1.122 0.1246 0.3563, 1.0433 0.1246 0.3563, 1.122 0.0995 0.3237, 1.0433 0.0995 0.3237, 1.122 0.0669 0.2987, 1.0433 0.0669 0.2987, 1.122 0.0289 0.2829, 1.0433 0.0289 0.2829, 1.122 -0.0118 0.2776, 1.0433 -0.0118 0.2776, 1.122 -0.0906 0.2776, 1.0433 -0.0906 0.2776, 1.122 -0.1109 0.2802, 1.0433 -0.1109 0.2802, 1.122 -0.1299 0.2881, 1.0433 -0.1299 0.2881, 1.122 -0.1462 0.3006, 1.0433 -0.1462 0.3006, 1.122 -0.1587 0.3169, 1.0433 -0.1587 0.3169, 1.122 -0.1666 0.3359, 1.0433 -0.1666 0.3359, 1.122 -0.1693 0.3563, 1.0433 -0.1693 0.3563, 1.122 -0.1693 1.0059, 1.0433 -0.1693 1.0059, 1.0433 -0.171 1.0186, 1.122 -0.171 1.0186, 1.0433 -0.1759 1.0305, 1.122 -0.1759 1.0305, 1.0433 -0.1837 1.0407, 1.122 -0.1837 1.0407, 1.0433 -0.1939 1.0485, 1.122 -0.1939 1.0485, 1.0433 -0.2058 1.0534, 1.122 -0.2058 1.0534, 1.0433 -0.2185 1.0551, 1.122 -0.2185 1.0551, 1.0433 -0.2312 1.0534, 1.122 -0.2312 1.0534, 1.0433 -0.2431 1.0485, 1.122 -0.2431 1.0485, 1.0433 -0.2533 1.0407, 1.122 -0.2533 1.0407, 1.0433 -0.2611 1.0305, 1.122 -0.2611 1.0305, 1.0433 -0.266 1.0186, 1.122 -0.266 1.0186, 1.0433 -0.2677 1.0059, 1.122 -0.2677 1.0059, 1.122 -0.2677 0.1181, 1.0433 -0.2677 0.1181, 1.0433 -0.0315 0.0, 1.0433 0.5906 0.0, 1.122 -0.0315 0.0, 1.122 0.5906 0.0, 1.122 0.2756 0.1791, 1.122 0.2756 0.1752, 1.0433 0.2756 0.1791, 1.0433 0.2756 0.1752, 1.122 0.1798 1.0722, 1.122 0.2756 0.376, 1.0433 0.1798 1.0722, 1.0433 0.2756 0.376, 1.122 0.1916 1.1273, 1.0433 0.1916 1.1273, 1.0433 0.1925 1.1374, 1.122 0.1925 1.1374, 1.0433 0.1907 1.1473, 1.122 0.1907 1.1473, 1.0433 0.1865 1.1565, 1.122 0.1865 1.1565, 1.0433 0.1801 1.1643, 1.122 0.1801 1.1643, 1.0433 0.1719 1.1702, 1.122 0.1719 1.1702, 1.0433 0.1625 1.1738, 1.122 0.1625 1.1738, 1.0433 0.1525 1.1749, 1.122 0.1525 1.1749, 1.0433 0.1425 1.1735, 1.122 0.1425 1.1735, 1.0433 0.1332 1.1695, 1.122 0.1332 1.1695, 1.0433 0.1252 1.1633, 1.122 0.1252 1.1633, 1.0433 0.1191 1.1553, 1.122 0.1191 1.1553, 1.122 0.0669 1.065, 1.0433 0.0669 1.065
            ]
        }
        coordIndex [
            0,1,2,-1,2,1,3,-1,2,3,4,-1,4,3,5,-1,4,5,6,-1,6,5,7,-1,6,7,8,-1,8,7,9,-1,8,9,10,-1,10,9,11,-1,10,11,12,-1,12,11,13,-1,12,13,14,-1,14,13,15,-1,16,14,17,-1,17,14,15,-1,16,17,18,-1,18,17,19,-1,18,19,20,-1,20,19,21,-1,20,21,22,-1,22,21,23,-1,22,23,24,-1,24,23,25,-1,24,25,26,-1,26,25,27,-1,26,27,28,-1,28,27,29,-1,30,28,31,-1,31,28,29,-1,30,31,32,-1,32,31,33,-1,32,33,34,-1,34,33,35,-1,34,35,36,-1,36,35,37,-1,36,37,38,-1,38,37,39,-1,38,39,40,-1,40,39,41,-1,40,41,42,-1,42,41,43,-1,44,42,45,-1,45,42,43,-1,44,45,46,-1,44,46,47,-1,47,46,48,-1,47,48,49,-1,49,48,50,-1,49,50,51,-1,51,50,52,-1,51,52,53,-1,53,52,54,-1,53,54,55,-1,55,54,56,-1,55,56,57,-1,57,56,58,-1,57,58,59,-1,59,58,60,-1,59,60,61,-1,61,60,62,-1,61,62,63,-1,63,62,64,-1,63,64,65,-1,65,64,66,-1,65,66,67,-1,67,66,68,-1,67,68,69,-1,70,69,71,-1,71,69,68,-1,72,73,74,-1,74,73,75,-1,76,77,78,-1,78,77,79,-1,80,81,82,-1,82,81,83,-1,84,80,85,-1,85,80,82,-1,84,85,86,-1,84,86,87,-1,87,86,88,-1,87,88,89,-1,89,88,90,-1,89,90,91,-1,91,90,92,-1,91,92,93,-1,93,92,94,-1,93,94,95,-1,95,94,96,-1,95,96,97,-1,97,96,98,-1,97,98,99,-1,99,98,100,-1,99,100,101,-1,101,100,102,-1,101,102,103,-1,103,102,104,-1,103,104,105,-1,105,104,106,-1,105,106,107,-1,108,107,109,-1,109,107,106,-1,0,108,1,-1,1,108,109,-1,
        ]
    }
}
Shape{
    appearance Appearance {
        material  Material 	{
            diffuseColor 0.6784313725490196 0.6784313725490196 0.6784313725490196
            specularColor 0.047058823529411764 0.047058823529411764 0.047058823529411764
            ambientIntensity 0.9686
            transparency 0.0
            shininess 0.5
        }
    }
    geometry IndexedFaceSet {
        ccw TRUE
        solid FALSE
        coord DEF co Coordinate {
            point [
                1.4272 0.1575 1.5728, 1.4272 0.2756 1.6909, 1.3287 0.1575 1.5728, 1.3287 0.2756 1.6909, 1.3287 0.1575 0.2185, 1.4272 0.1575 0.2185, 1.4272 -0.1575 0.2185, 1.3287 -0.1575 0.2185, 1.4272 -0.1575 1.2185, 1.3287 -0.1575 1.2185, 1.4272 -0.2362 1.2972, 1.3287 -0.2362 1.2972, 1.3287 0.3937 0.0807, 1.4272 0.3937 0.0807, 1.3287 -0.3937 0.0807, 1.4272 -0.3937 0.0807, 1.2303 -0.2756 0.1791, 1.2303 -0.2756 1.2972, 1.3287 -0.2756 0.1791, 1.3287 -0.2756 1.2972, 1.2303 0.2756 0.1791, 1.2402 0.2756 0.1791, 1.2402 0.2756 0.376, 1.3189 0.2756 0.1791, 1.3287 0.2756 0.1791, 1.3189 0.2756 0.376, 1.2303 0.2756 1.6909, 1.2303 0.3937 0.1791, 1.3287 0.3937 0.1791, 1.2303 -0.3937 0.1791, 1.3287 -0.3937 0.1791, 1.2303 -0.3937 0.0807, 1.2303 0.3937 0.0807, 1.2303 0.1575 1.5728, 1.2303 0.1575 0.2185, 1.2303 -0.1575 0.2185, 1.2303 -0.1575 1.2185, 1.2303 -0.2362 1.2972
            ]
        }
        coordIndex [
            0,1,2,-1,2,1,3,-1,4,5,2,-1,2,5,0,-1,6,5,7,-1,7,5,4,-1,8,6,9,-1,9,6,7,-1,10,8,11,-1,11,8,9,-1,12,13,14,-1,14,13,15,-1,16,17,18,-1,18,17,19,-1,20,21,22,-1,23,24,25,-1,25,24,3,-1,25,3,22,-1,22,3,26,-1,22,26,20,-1,21,20,27,-1,21,27,23,-1,23,27,28,-1,23,28,24,-1,29,16,30,-1,30,16,18,-1,29,31,16,-1,16,31,32,-1,16,32,20,-1,20,32,27,-1,26,33,20,-1,20,33,34,-1,20,34,16,-1,16,34,35,-1,16,35,17,-1,17,35,36,-1,17,36,37,-1,14,30,18,-1,14,18,12,-1,12,18,24,-1,12,24,28,-1,2,3,4,-1,4,3,24,-1,4,24,7,-1,7,24,18,-1,7,18,9,-1,9,18,19,-1,9,19,11,-1,
        ]
    }
}
Shape{
    appearance Appearance {
        material  Material 	{
            diffuseColor 0.8313725490196079 0.8313725490196079 0.8196078431372549
            specularColor 0.6666666666666666 0.6666666666666666 0.6549019607843137
            ambientIntensity 0.83
            transparency 0.0
            shininess 0.5
        }
    }
    geometry IndexedFaceSet {
        ccw TRUE
        solid FALSE
        coord DEF co Coordinate {
            point [
                1.3189 0.126 1.065, 1.2402 0.126 1.065, 1.3189 0.1304 1.0645, 1.2402 0.1304 1.0645, 1.3189 0.1345 1.063, 1.2402 0.1345 1.063, 1.3189 0.1383 1.0607, 1.2402 0.1383 1.0607, 1.3189 0.1414 1.0575, 1.2402 0.1414 1.0575, 1.3189 0.1437 1.0538, 1.2402 0.1437 1.0538, 1.3189 0.1452 1.0497, 1.2402 0.1452 1.0497, 1.3189 0.1457 1.0453, 1.2402 0.1457 1.0453, 1.3189 0.1457 0.435, 1.2402 0.1457 0.435, 1.3189 0.1403 0.3943, 1.2402 0.1403 0.3943, 1.3189 0.1246 0.3563, 1.2402 0.1246 0.3563, 1.3189 0.0995 0.3237, 1.2402 0.0995 0.3237, 1.3189 0.0669 0.2987, 1.2402 0.0669 0.2987, 1.3189 0.0289 0.2829, 1.2402 0.0289 0.2829, 1.3189 -0.0118 0.2776, 1.2402 -0.0118 0.2776, 1.3189 -0.0906 0.2776, 1.2402 -0.0906 0.2776, 1.3189 -0.1109 0.2802, 1.2402 -0.1109 0.2802, 1.3189 -0.1299 0.2881, 1.2402 -0.1299 0.2881, 1.3189 -0.1462 0.3006, 1.2402 -0.1462 0.3006, 1.3189 -0.1587 0.3169, 1.2402 -0.1587 0.3169, 1.3189 -0.1666 0.3359, 1.2402 -0.1666 0.3359, 1.3189 -0.1693 0.3563, 1.2402 -0.1693 0.3563, 1.3189 -0.1693 1.0059, 1.2402 -0.1693 1.0059, 1.2402 -0.171 1.0186, 1.3189 -0.171 1.0186, 1.2402 -0.1759 1.0305, 1.3189 -0.1759 1.0305, 1.2402 -0.1837 1.0407, 1.3189 -0.1837 1.0407, 1.2402 -0.1939 1.0485, 1.3189 -0.1939 1.0485, 1.2402 -0.2058 1.0534, 1.3189 -0.2058 1.0534, 1.2402 -0.2185 1.0551, 1.3189 -0.2185 1.0551, 1.2402 -0.2312 1.0534, 1.3189 -0.2312 1.0534, 1.2402 -0.2431 1.0485, 1.3189 -0.2431 1.0485, 1.2402 -0.2533 1.0407, 1.3189 -0.2533 1.0407, 1.2402 -0.2611 1.0305, 1.3189 -0.2611 1.0305, 1.2402 -0.266 1.0186, 1.3189 -0.266 1.0186, 1.2402 -0.2677 1.0059, 1.3189 -0.2677 1.0059, 1.3189 -0.2677 0.1752, 1.2402 -0.2677 0.1752, 1.3189 -0.5906 0.0, 1.2402 -0.5906 0.0, 1.3189 0.2756 0.0, 1.2402 0.2756 0.0, 1.3189 0.2756 0.1791, 1.2402 0.2756 0.1791, 1.3189 0.1798 1.0722, 1.3189 0.2756 0.376, 1.2402 0.1798 1.0722, 1.2402 0.2756 0.376, 1.3189 0.1916 1.1273, 1.2402 0.1916 1.1273, 1.2402 0.1925 1.1374, 1.3189 0.1925 1.1374, 1.2402 0.1907 1.1473, 1.3189 0.1907 1.1473, 1.2402 0.1865 1.1565, 1.3189 0.1865 1.1565, 1.2402 0.1801 1.1643, 1.3189 0.1801 1.1643, 1.2402 0.1719 1.1702, 1.3189 0.1719 1.1702, 1.2402 0.1625 1.1738, 1.3189 0.1625 1.1738, 1.2402 0.1525 1.1749, 1.3189 0.1525 1.1749, 1.2402 0.1425 1.1735, 1.3189 0.1425 1.1735, 1.2402 0.1332 1.1695, 1.3189 0.1332 1.1695, 1.2402 0.1252 1.1633, 1.3189 0.1252 1.1633, 1.2402 0.1191 1.1553, 1.3189 0.1191 1.1553, 1.3189 0.0669 1.065, 1.2402 0.0669 1.065
            ]
        }
        coordIndex [
            0,1,2,-1,2,1,3,-1,2,3,4,-1,4,3,5,-1,4,5,6,-1,6,5,7,-1,6,7,8,-1,8,7,9,-1,8,9,10,-1,10,9,11,-1,10,11,12,-1,12,11,13,-1,12,13,14,-1,14,13,15,-1,16,14,17,-1,17,14,15,-1,16,17,18,-1,18,17,19,-1,18,19,20,-1,20,19,21,-1,20,21,22,-1,22,21,23,-1,22,23,24,-1,24,23,25,-1,24,25,26,-1,26,25,27,-1,26,27,28,-1,28,27,29,-1,30,28,31,-1,31,28,29,-1,30,31,32,-1,32,31,33,-1,32,33,34,-1,34,33,35,-1,34,35,36,-1,36,35,37,-1,36,37,38,-1,38,37,39,-1,38,39,40,-1,40,39,41,-1,40,41,42,-1,42,41,43,-1,44,42,45,-1,45,42,43,-1,44,45,46,-1,44,46,47,-1,47,46,48,-1,47,48,49,-1,49,48,50,-1,49,50,51,-1,51,50,52,-1,51,52,53,-1,53,52,54,-1,53,54,55,-1,55,54,56,-1,55,56,57,-1,57,56,58,-1,57,58,59,-1,59,58,60,-1,59,60,61,-1,61,60,62,-1,61,62,63,-1,63,62,64,-1,63,64,65,-1,65,64,66,-1,65,66,67,-1,67,66,68,-1,67,68,69,-1,70,69,71,-1,71,69,68,-1,72,73,74,-1,74,73,75,-1,76,74,77,-1,77,74,75,-1,78,79,80,-1,80,79,81,-1,82,78,83,-1,83,78,80,-1,82,83,84,-1,82,84,85,-1,85,84,86,-1,85,86,87,-1,87,86,88,-1,87,88,89,-1,89,88,90,-1,89,90,91,-1,91,90,92,-1,91,92,93,-1,93,92,94,-1,93,94,95,-1,95,94,96,-1,95,96,97,-1,97,96,98,-1,97,98,99,-1,99,98,100,-1,99,100,101,-1,101,100,102,-1,101,102,103,-1,103,102,104,-1,103,104,105,-1,106,105,107,-1,107,105,104,-1,0,106,1,-1,1,106,107,-1,
        ]
    }
}
Shape{
    appearance Appearance {
        material  Material 	{
            diffuseColor 0.6784313725490196 0.6784313725490196 0.6784313725490196
            specularColor 0.047058823529411764 0.047058823529411764 0.047058823529411764
            ambientIntensity 0.9686
            transparency 0.0
            shininess 0.5
        }
    }
    geometry IndexedFaceSet {
        ccw TRUE
        solid FALSE
        coord DEF co Coordinate {
            point [
                1.4272 -0.2756 0.1791, 1.4272 -0.2756 1.2972, 1.5256 -0.2756 0.1791, 1.5256 -0.2756 1.2972, 1.4272 0.2756 0.1791, 1.437 0.2756 0.1791, 1.437 0.2756 0.376, 1.5157 0.2756 0.1791, 1.5256 0.2756 0.1791, 1.5157 0.2756 0.376, 1.5256 0.2756 1.6909, 1.4272 0.2756 1.6909, 1.4272 0.3937 0.1791, 1.5256 0.3937 0.1791, 1.4272 -0.3937 0.1791, 1.5256 -0.3937 0.1791, 1.4272 0.3937 0.0807, 1.4272 -0.3937 0.0807, 1.4272 0.1575 1.5728, 1.4272 0.1575 0.2185, 1.4272 -0.1575 0.2185, 1.4272 -0.1575 1.2185, 1.4272 -0.2362 1.2972, 1.5256 0.3937 0.0807, 1.5256 -0.3937 0.0807, 1.5256 0.1575 1.5728, 1.5256 0.1575 0.2185, 1.5256 -0.1575 0.2185, 1.5256 -0.1575 1.2185, 1.5256 -0.2362 1.2972
            ]
        }
        coordIndex [
            0,1,2,-1,2,1,3,-1,4,5,6,-1,7,8,9,-1,9,8,10,-1,9,10,6,-1,6,10,11,-1,6,11,4,-1,5,4,12,-1,5,12,7,-1,7,12,13,-1,7,13,8,-1,14,0,15,-1,15,0,2,-1,16,12,4,-1,16,4,17,-1,17,4,0,-1,17,0,14,-1,11,18,4,-1,4,18,19,-1,4,19,0,-1,0,19,20,-1,0,20,1,-1,1,20,21,-1,1,21,22,-1,13,23,8,-1,8,23,24,-1,8,24,2,-1,2,24,15,-1,25,10,26,-1,26,10,8,-1,26,8,27,-1,27,8,2,-1,27,2,28,-1,28,2,3,-1,28,3,29,-1,
        ]
    }
}
Shape{
    appearance Appearance {
        material  Material 	{
            diffuseColor 0.8313725490196079 0.8313725490196079 0.8196078431372549
            specularColor 0.6666666666666666 0.6666666666666666 0.6549019607843137
            ambientIntensity 0.83
            transparency 0.0
            shininess 0.5
        }
    }
    geometry IndexedFaceSet {
        ccw TRUE
        solid FALSE
        coord DEF co Coordinate {
            point [
                1.5157 0.126 1.065, 1.437 0.126 1.065, 1.5157 0.1311 1.0643, 1.437 0.1311 1.0643, 1.5157 0.1358 1.0623, 1.437 0.1358 1.0623, 1.5157 0.1399 1.0592, 1.437 0.1399 1.0592, 1.5157 0.143 1.0551, 1.437 0.143 1.0551, 1.5157 0.145 1.0504, 1.437 0.145 1.0504, 1.5157 0.1457 1.0453, 1.437 0.1457 1.0453, 1.5157 0.1457 0.435, 1.437 0.1457 0.435, 1.5157 0.1403 0.3943, 1.437 0.1403 0.3943, 1.5157 0.1246 0.3563, 1.437 0.1246 0.3563, 1.5157 0.0995 0.3237, 1.437 0.0995 0.3237, 1.5157 0.0669 0.2987, 1.437 0.0669 0.2987, 1.5157 0.0289 0.2829, 1.437 0.0289 0.2829, 1.5157 -0.0118 0.2776, 1.437 -0.0118 0.2776, 1.5157 -0.0906 0.2776, 1.437 -0.0906 0.2776, 1.5157 -0.1109 0.2802, 1.437 -0.1109 0.2802, 1.5157 -0.1299 0.2881, 1.437 -0.1299 0.2881, 1.5157 -0.1462 0.3006, 1.437 -0.1462 0.3006, 1.5157 -0.1587 0.3169, 1.437 -0.1587 0.3169, 1.5157 -0.1666 0.3359, 1.437 -0.1666 0.3359, 1.5157 -0.1693 0.3563, 1.437 -0.1693 0.3563, 1.5157 -0.1693 1.0059, 1.437 -0.1693 1.0059, 1.437 -0.171 1.0186, 1.5157 -0.171 1.0186, 1.437 -0.1759 1.0305, 1.5157 -0.1759 1.0305, 1.437 -0.1837 1.0407, 1.5157 -0.1837 1.0407, 1.437 -0.1939 1.0485, 1.5157 -0.1939 1.0485, 1.437 -0.2058 1.0534, 1.5157 -0.2058 1.0534, 1.437 -0.2185 1.0551, 1.5157 -0.2185 1.0551, 1.437 -0.2312 1.0534, 1.5157 -0.2312 1.0534, 1.437 -0.2431 1.0485, 1.5157 -0.2431 1.0485, 1.437 -0.2533 1.0407, 1.5157 -0.2533 1.0407, 1.437 -0.2611 1.0305, 1.5157 -0.2611 1.0305, 1.437 -0.266 1.0186, 1.5157 -0.266 1.0186, 1.437 -0.2677 1.0059, 1.5157 -0.2677 1.0059, 1.5157 -0.2677 0.1181, 1.437 -0.2677 0.1181, 1.437 -0.0315 0.0, 1.437 0.5906 0.0, 1.5157 -0.0315 0.0, 1.5157 0.5906 0.0, 1.5157 0.2756 0.1791, 1.5157 0.2756 0.1752, 1.437 0.2756 0.1791, 1.437 0.2756 0.1752, 1.5157 0.1798 1.0722, 1.5157 0.2756 0.376, 1.437 0.1798 1.0722, 1.437 0.2756 0.376, 1.5157 0.1916 1.1273, 1.437 0.1916 1.1273, 1.437 0.1925 1.1374, 1.5157 0.1925 1.1374, 1.437 0.1907 1.1473, 1.5157 0.1907 1.1473, 1.437 0.1865 1.1565, 1.5157 0.1865 1.1565, 1.437 0.1801 1.1643, 1.5157 0.1801 1.1643, 1.437 0.1719 1.1702, 1.5157 0.1719 1.1702, 1.437 0.1625 1.1738, 1.5157 0.1625 1.1738, 1.437 0.1525 1.1749, 1.5157 0.1525 1.1749, 1.437 0.1425 1.1735, 1.5157 0.1425 1.1735, 1.437 0.1332 1.1695, 1.5157 0.1332 1.1695, 1.437 0.1252 1.1633, 1.5157 0.1252 1.1633, 1.437 0.1191 1.1553, 1.5157 0.1191 1.1553, 1.5157 0.0669 1.065, 1.437 0.0669 1.065
            ]
        }
        coordIndex [
            0,1,2,-1,2,1,3,-1,2,3,4,-1,4,3,5,-1,4,5,6,-1,6,5,7,-1,6,7,8,-1,8,7,9,-1,8,9,10,-1,10,9,11,-1,10,11,12,-1,12,11,13,-1,14,12,15,-1,15,12,13,-1,14,15,16,-1,16,15,17,-1,16,17,18,-1,18,17,19,-1,18,19,20,-1,20,19,21,-1,20,21,22,-1,22,21,23,-1,22,23,24,-1,24,23,25,-1,24,25,26,-1,26,25,27,-1,28,26,29,-1,29,26,27,-1,28,29,30,-1,30,29,31,-1,30,31,32,-1,32,31,33,-1,32,33,34,-1,34,33,35,-1,34,35,36,-1,36,35,37,-1,36,37,38,-1,38,37,39,-1,38,39,40,-1,40,39,41,-1,42,40,43,-1,43,40,41,-1,42,43,44,-1,42,44,45,-1,45,44,46,-1,45,46,47,-1,47,46,48,-1,47,48,49,-1,49,48,50,-1,49,50,51,-1,51,50,52,-1,51,52,53,-1,53,52,54,-1,53,54,55,-1,55,54,56,-1,55,56,57,-1,57,56,58,-1,57,58,59,-1,59,58,60,-1,59,60,61,-1,61,60,62,-1,61,62,63,-1,63,62,64,-1,63,64,65,-1,65,64,66,-1,65,66,67,-1,68,67,69,-1,69,67,66,-1,70,71,72,-1,72,71,73,-1,74,75,76,-1,76,75,77,-1,78,79,80,-1,80,79,81,-1,82,78,83,-1,83,78,80,-1,82,83,84,-1,82,84,85,-1,85,84,86,-1,85,86,87,-1,87,86,88,-1,87,88,89,-1,89,88,90,-1,89,90,91,-1,91,90,92,-1,91,92,93,-1,93,92,94,-1,93,94,95,-1,95,94,96,-1,95,96,97,-1,97,96,98,-1,97,98,99,-1,99,98,100,-1,99,100,101,-1,101,100,102,-1,101,102,103,-1,103,102,104,-1,103,104,105,-1,106,105,107,-1,107,105,104,-1,0,106,1,-1,1,106,107,-1,
        ]
    }
}
Shape{
    appearance Appearance {
        material  Material 	{
            diffuseColor 0.20784313725490197 0.20784313725490197 0.20784313725490197
            specularColor 0.01568627450980392 0.01568627450980392 0.01568627450980392
            ambientIntensity 0.298
            transparency 0.0
            shininess 0.5
        }
    }
    geometry IndexedFaceSet {
        ccw TRUE
        solid FALSE
        coord DEF co Coordinate {
            point [
                -0.392 0.3898 0.9309, -0.392 0.3937 0.9309, -0.4081 0.3898 0.8699, -0.4081 0.3937 0.8699, -0.3413 0.3898 0.9309, -0.3413 0.3937 0.9309, -0.3252 0.3898 0.8699, -0.3252 0.3937 0.8699, -0.2976 0.3898 0.8699, -0.2976 0.3937 0.8699, -0.3548 0.3937 1.0679, -0.3551 0.3898 1.0691, -0.3551 0.3937 1.0691, -0.3782 0.3898 1.0691, -0.3782 0.3937 1.0691, -0.3785 0.3937 1.0679, -0.4357 0.3898 0.8699, -0.4357 0.3937 0.8699, -0.3862 0.3898 0.9528, -0.3678 0.3898 1.023, -0.3655 0.3898 1.023, -0.3471 0.3898 0.9528, -0.3655 0.3937 1.023, -0.3678 0.3937 1.023, -0.3471 0.3937 0.9528, -0.3862 0.3937 0.9528, -0.1594 0.3898 0.8699, -0.1594 0.3937 0.8699, -0.1986 0.3898 0.8699, -0.1986 0.3937 0.8699, -0.1594 0.3898 1.0668, -0.1594 0.3937 1.0668, -0.1986 0.3898 1.0668, -0.1986 0.3937 1.0668, -0.2201 0.3898 1.0651, -0.2201 0.3937 1.0651, -0.2377 0.3898 1.0602, -0.2377 0.3937 1.0602, -0.2509 0.3898 1.0531, -0.2509 0.3937 1.0531, -0.261 0.3898 1.0441, -0.261 0.3937 1.0441, -0.2692 0.3898 1.0322, -0.2692 0.3937 1.0322, -0.2766 0.3898 1.0127, -0.2766 0.3937 1.0127, -0.2813 0.3898 0.9765, -0.2813 0.3937 0.9765, -0.2815 0.3898 0.9678, -0.2815 0.3937 0.9678, -0.2795 0.3898 0.9394, -0.2795 0.3937 0.9394, -0.2746 0.3898 0.9186, -0.2746 0.3937 0.9186, -0.2676 0.3898 0.9034, -0.2676 0.3937 0.9034, -0.2593 0.3898 0.8927, -0.2593 0.3937 0.8927, -0.2476 0.3898 0.883, -0.2476 0.3937 0.883, -0.2324 0.3898 0.8754, -0.2324 0.3937 0.8754, -0.2144 0.3898 0.871, -0.2144 0.3937 0.871, -0.1859 0.3898 1.0449, -0.2462 0.3898 0.9188, -0.2514 0.3898 0.9364, -0.2538 0.3898 0.9678, -0.1859 0.3898 0.8918, -0.1986 0.3898 0.8918, -0.2141 0.3898 0.8933, -0.2249 0.3898 0.8969, -0.2336 0.3898 0.9022, -0.241 0.3898 0.9098, -0.1986 0.3898 1.0449, -0.203 0.3898 1.0448, -0.2176 0.3898 1.0424, -0.2277 0.3898 1.0382, -0.236 0.3898 1.032, -0.2423 0.3898 1.0244, -0.2476 0.3898 1.0136, -0.252 0.3898 0.9953, -0.1859 0.3937 1.0449, -0.1986 0.3937 1.0449, -0.1859 0.3937 0.8918, -0.1986 0.3937 0.8918, -0.2141 0.3937 0.8933, -0.2249 0.3937 0.8969, -0.2336 0.3937 0.9022, -0.241 0.3937 0.9098, -0.2462 0.3937 0.9188, -0.2514 0.3937 0.9364, -0.2538 0.3937 0.9678, -0.252 0.3937 0.9953, -0.2476 0.3937 1.0136, -0.2423 0.3937 1.0244, -0.236 0.3937 1.032, -0.2277 0.3937 1.0382, -0.2176 0.3937 1.0424, -0.203 0.3937 1.0448, -0.0155 0.3898 1.0668, -0.0155 0.3937 1.0668, -0.0155 0.3898 0.8699, -0.0155 0.3937 0.8699, -0.1272 0.3898 1.0668, -0.1272 0.3937 1.0668, -0.1272 0.3898 1.0449, -0.1272 0.3937 1.0449, -0.042 0.3898 1.0449, -0.042 0.3937 1.0449, -0.042 0.3898 0.9839, -0.042 0.3937 0.9839, -0.1203 0.3898 0.9839, -0.1203 0.3937 0.9839, -0.1203 0.3898 0.962, -0.1203 0.3937 0.962, -0.042 0.3898 0.962, -0.042 0.3937 0.962, -0.042 0.3898 0.8918, -0.042 0.3937 0.8918, -0.133 0.3898 0.8918, -0.133 0.3937 0.8918, -0.133 0.3898 0.8699, -0.133 0.3937 0.8699, 0.0708 0.3937 0.8676, 0.0708 0.3898 0.8676, 0.0859 0.3898 0.8695, 0.0859 0.3937 0.8695, 0.0987 0.3898 0.8744, 0.0987 0.3937 0.8744, 0.1104 0.3898 0.8825, 0.1104 0.3937 0.8825, 0.121 0.3898 0.8938, 0.121 0.3937 0.8938, 0.1286 0.3898 0.9075, 0.1286 0.3937 0.9075, 0.135 0.3898 0.93, 0.135 0.3937 0.93, 0.1376 0.3898 0.962, 0.1376 0.3937 0.962, 0.1344 0.3898 1.0013, 0.1344 0.3937 1.0013, 0.1268 0.3898 1.0277, 0.1268 0.3937 1.0277, 0.1192 0.3898 1.0417, 0.1192 0.3937 1.0417, 0.1082 0.3898 1.0544, 0.1082 0.3937 1.0544, 0.0973 0.3898 1.0622, 0.0973 0.3937 1.0622, 0.0857 0.3898 1.067, 0.0857 0.3937 1.067, 0.0696 0.3898 1.0691, 0.0696 0.3937 1.0691, 0.0784 0.3937 1.0679, 0.0606 0.3937 1.0679, 0.0544 0.3898 1.0671, 0.0544 0.3937 1.0671, 0.043 0.3898 1.0626, 0.043 0.3937 1.0626, 0.0326 0.3898 1.0552, 0.0326 0.3937 1.0552, 0.0232 0.3898 1.0443, 0.0232 0.3937 1.0443, 0.0168 0.3898 1.0315, 0.0168 0.3937 1.0315, 0.0127 0.3898 1.0131, 0.0127 0.3937 1.0131, 0.0121 0.3898 0.9966, 0.0121 0.3937 0.9966, 0.0374 0.3898 0.9966, 0.0374 0.3937 0.9966, 0.0389 0.3898 1.0159, 0.0389 0.3937 1.0159, 0.0422 0.3898 1.0282, 0.0422 0.3937 1.0282, 0.0455 0.3898 1.0345, 0.0455 0.3937 1.0345, 0.0495 0.3898 1.0396, 0.0495 0.3937 1.0396, 0.0546 0.3898 1.0435, 0.0546 0.3937 1.0435, 0.0604 0.3898 1.046, 0.0604 0.3937 1.046, 0.068 0.3898 1.0471, 0.068 0.3937 1.0471, 0.0696 0.3898 1.0472, 0.0696 0.3937 1.0472, 0.0781 0.3898 1.0461, 0.0781 0.3937 1.0461, 0.0846 0.3898 1.0434, 0.0846 0.3937 1.0434, 0.0907 0.3898 1.0389, 0.0907 0.3937 1.0389, 0.0964 0.3898 1.0323, 0.0964 0.3937 1.0323, 0.1023 0.3898 1.0212, 0.1023 0.3937 1.0212, 0.1076 0.3898 1.0006, 0.1076 0.3937 1.0006, 0.1099 0.3898 0.9643, 0.1099 0.3937 0.9643, 0.1072 0.3898 0.9291, 0.1072 0.3937 0.9291, 0.1027 0.3898 0.9134, 0.1027 0.3937 0.9134, 0.0977 0.3898 0.9043, 0.0977 0.3937 0.9043, 0.0909 0.3898 0.8968, 0.0909 0.3937 0.8968, 0.0846 0.3898 0.8926, 0.0846 0.3937 0.8926, 0.0781 0.3898 0.8903, 0.0781 0.3937 0.8903, 0.0708 0.3898 0.8895, 0.0708 0.3937 0.8895, 0.0637 0.3898 0.8905, 0.0637 0.3937 0.8905, 0.0573 0.3898 0.8933, 0.0573 0.3937 0.8933, 0.051 0.3898 0.8982, 0.051 0.3937 0.8982, 0.0458 0.3898 0.9042, 0.0458 0.3937 0.9042, 0.0424 0.3898 0.911, 0.0424 0.3937 0.911, 0.039 0.3898 0.9249, 0.039 0.3937 0.9249, 0.0374 0.3898 0.9482, 0.0374 0.3937 0.9482, 0.0109 0.3898 0.9482, 0.0109 0.3937 0.9482, 0.0135 0.3898 0.9215, 0.0135 0.3937 0.9215, 0.0188 0.3898 0.9032, 0.0188 0.3937 0.9032, 0.0252 0.3898 0.8912, 0.0252 0.3937 0.8912, 0.0352 0.3898 0.8805, 0.0352 0.3937 0.8805, 0.047 0.3898 0.8728, 0.047 0.3937 0.8728, 0.0588 0.3898 0.8689, 0.0588 0.3937 0.8689, 0.2815 0.3898 1.0668, 0.2815 0.3937 1.0668, 0.2815 0.3898 0.8699, 0.2815 0.3937 0.8699, 0.255 0.3898 1.0668, 0.255 0.3937 1.0668, 0.255 0.3898 0.8918, 0.255 0.3937 0.8918, 0.1617 0.3898 0.8918, 0.1617 0.3937 0.8918, 0.1617 0.3898 0.8699, 0.1617 0.3937 0.8699
            ]
        }
        coordIndex [
            0,1,2,-1,2,1,3,-1,4,5,0,-1,0,5,1,-1,6,7,4,-1,4,7,5,-1,8,9,6,-1,6,9,7,-1,9,8,10,-1,10,8,11,-1,10,11,12,-1,13,14,11,-1,11,14,12,-1,14,13,15,-1,15,13,16,-1,15,16,17,-1,16,2,17,-1,17,2,3,-1,16,13,18,-1,18,13,19,-1,19,13,20,-1,20,13,11,-1,20,11,21,-1,8,6,4,-1,2,16,0,-1,0,16,18,-1,0,18,4,-1,4,18,21,-1,4,21,8,-1,8,21,11,-1,20,22,19,-1,19,22,23,-1,21,24,20,-1,20,24,22,-1,18,25,21,-1,21,25,24,-1,23,25,19,-1,19,25,18,-1,26,27,28,-1,28,27,29,-1,30,31,26,-1,26,31,27,-1,32,33,30,-1,30,33,31,-1,33,32,34,-1,33,34,35,-1,35,34,36,-1,35,36,37,-1,37,36,38,-1,37,38,39,-1,39,38,40,-1,39,40,41,-1,41,40,42,-1,41,42,43,-1,43,42,44,-1,43,44,45,-1,45,44,46,-1,45,46,47,-1,47,46,48,-1,47,48,49,-1,49,48,50,-1,49,50,51,-1,51,50,52,-1,51,52,53,-1,53,52,54,-1,53,54,55,-1,55,54,56,-1,55,56,57,-1,57,56,58,-1,57,58,59,-1,59,58,60,-1,59,60,61,-1,61,60,62,-1,61,62,63,-1,63,62,28,-1,63,28,29,-1,32,30,64,-1,65,52,66,-1,66,52,50,-1,66,50,67,-1,64,30,68,-1,68,30,26,-1,68,26,69,-1,69,26,28,-1,69,28,70,-1,70,28,62,-1,70,62,71,-1,71,62,60,-1,71,60,72,-1,72,60,58,-1,72,58,73,-1,73,58,56,-1,73,56,65,-1,65,56,54,-1,65,54,52,-1,64,74,32,-1,32,74,75,-1,32,75,34,-1,34,75,76,-1,34,76,36,-1,36,76,77,-1,36,77,38,-1,38,77,78,-1,38,78,40,-1,40,78,79,-1,40,79,42,-1,42,79,80,-1,42,80,44,-1,44,80,81,-1,44,81,46,-1,46,81,67,-1,46,67,48,-1,48,67,50,-1,64,82,74,-1,74,82,83,-1,68,84,64,-1,64,84,82,-1,69,85,68,-1,68,85,84,-1,85,69,70,-1,85,70,86,-1,86,70,71,-1,86,71,87,-1,87,71,72,-1,87,72,88,-1,88,72,73,-1,88,73,89,-1,89,73,65,-1,89,65,90,-1,90,65,66,-1,90,66,91,-1,91,66,67,-1,91,67,92,-1,92,67,81,-1,92,81,93,-1,93,81,80,-1,93,80,94,-1,94,80,79,-1,94,79,95,-1,95,79,78,-1,95,78,96,-1,96,78,77,-1,96,77,97,-1,97,77,76,-1,97,76,98,-1,98,76,75,-1,98,75,99,-1,99,75,74,-1,99,74,83,-1,100,101,102,-1,102,101,103,-1,104,105,100,-1,100,105,101,-1,106,107,104,-1,104,107,105,-1,108,109,106,-1,106,109,107,-1,110,111,108,-1,108,111,109,-1,112,113,110,-1,110,113,111,-1,114,115,112,-1,112,115,113,-1,116,117,114,-1,114,117,115,-1,118,119,116,-1,116,119,117,-1,120,121,118,-1,118,121,119,-1,122,123,120,-1,120,123,121,-1,122,102,123,-1,123,102,103,-1,122,120,102,-1,102,120,118,-1,114,112,116,-1,116,112,110,-1,106,104,108,-1,108,104,100,-1,108,100,110,-1,110,100,102,-1,110,102,116,-1,116,102,118,-1,124,125,126,-1,124,126,127,-1,127,126,128,-1,127,128,129,-1,129,128,130,-1,129,130,131,-1,131,130,132,-1,131,132,133,-1,133,132,134,-1,133,134,135,-1,135,134,136,-1,135,136,137,-1,137,136,138,-1,137,138,139,-1,139,138,140,-1,139,140,141,-1,141,140,142,-1,141,142,143,-1,143,142,144,-1,143,144,145,-1,145,144,146,-1,145,146,147,-1,147,146,148,-1,147,148,149,-1,149,148,150,-1,149,150,151,-1,152,153,150,-1,150,153,154,-1,150,154,151,-1,153,152,155,-1,155,152,156,-1,155,156,157,-1,157,156,158,-1,157,158,159,-1,159,158,160,-1,159,160,161,-1,161,160,162,-1,161,162,163,-1,163,162,164,-1,163,164,165,-1,165,164,166,-1,165,166,167,-1,167,166,168,-1,167,168,169,-1,170,171,168,-1,168,171,169,-1,171,170,172,-1,171,172,173,-1,173,172,174,-1,173,174,175,-1,175,174,176,-1,175,176,177,-1,177,176,178,-1,177,178,179,-1,179,178,180,-1,179,180,181,-1,181,180,182,-1,181,182,183,-1,183,182,184,-1,183,184,185,-1,185,184,186,-1,185,186,187,-1,187,186,188,-1,187,188,189,-1,189,188,190,-1,189,190,191,-1,191,190,192,-1,191,192,193,-1,193,192,194,-1,193,194,195,-1,195,194,196,-1,195,196,197,-1,197,196,198,-1,197,198,199,-1,199,198,200,-1,199,200,201,-1,201,200,202,-1,201,202,203,-1,203,202,204,-1,203,204,205,-1,205,204,206,-1,205,206,207,-1,207,206,208,-1,207,208,209,-1,209,208,210,-1,209,210,211,-1,211,210,212,-1,211,212,213,-1,213,212,214,-1,213,214,215,-1,215,214,216,-1,215,216,217,-1,217,216,218,-1,217,218,219,-1,219,218,220,-1,219,220,221,-1,221,220,222,-1,221,222,223,-1,223,222,224,-1,223,224,225,-1,225,224,226,-1,225,226,227,-1,227,226,228,-1,227,228,229,-1,230,231,228,-1,228,231,229,-1,231,230,232,-1,231,232,233,-1,233,232,234,-1,233,234,235,-1,235,234,236,-1,235,236,237,-1,237,236,238,-1,237,238,239,-1,239,238,240,-1,239,240,241,-1,241,240,242,-1,241,242,243,-1,243,242,125,-1,243,125,124,-1,170,168,172,-1,172,168,166,-1,172,166,174,-1,174,166,164,-1,174,164,176,-1,176,164,162,-1,176,162,178,-1,178,162,160,-1,178,160,180,-1,180,160,158,-1,180,158,182,-1,182,158,156,-1,182,156,184,-1,184,156,152,-1,230,228,232,-1,232,228,226,-1,232,226,234,-1,234,226,224,-1,234,224,236,-1,236,224,222,-1,236,222,238,-1,238,222,220,-1,238,220,240,-1,240,220,218,-1,240,218,242,-1,242,218,216,-1,242,216,125,-1,125,216,214,-1,125,214,126,-1,126,214,212,-1,126,212,128,-1,128,212,210,-1,128,210,130,-1,130,210,208,-1,130,208,132,-1,132,208,206,-1,132,206,134,-1,134,206,204,-1,134,204,136,-1,136,204,202,-1,136,202,138,-1,138,202,200,-1,138,200,140,-1,140,200,198,-1,140,198,142,-1,142,198,196,-1,142,196,144,-1,144,196,194,-1,144,194,146,-1,146,194,192,-1,146,192,148,-1,148,192,190,-1,148,190,150,-1,150,190,188,-1,150,188,152,-1,152,188,186,-1,152,186,184,-1,244,245,246,-1,246,245,247,-1,248,249,244,-1,244,249,245,-1,250,251,248,-1,248,251,249,-1,252,253,250,-1,250,253,251,-1,254,255,252,-1,252,255,253,-1,254,246,255,-1,255,246,247,-1,248,244,250,-1,250,244,246,-1,250,246,252,-1,252,246,254,-1,
        ]
    }
}
Shape{
    appearance Appearance {
        material  Material 	{
            diffuseColor 0.6784313725490196 0.6784313725490196 0.6784313725490196
            specularColor 0.047058823529411764 0.047058823529411764 0.047058823529411764
            ambientIntensity 0.9686
            transparency 0.0
            shininess 0.5
        }
    }
    geometry IndexedFaceSet {
        ccw TRUE
        solid FALSE
        coord DEF co Coordinate {
            point [
                -0.3471 0.3937 0.9528, -0.3862 0.3937 0.9528, -0.3655 0.3937 1.023, -0.3678 0.3937 1.023, -0.2176 0.3937 1.0424, -0.203 0.3937 1.0448, -0.2476 0.3937 1.0136, -0.1859 0.3937 1.0449, -0.1859 0.3937 0.8918, -0.1986 0.3937 1.0449, -0.1986 0.3937 0.8918, -0.2514 0.3937 0.9364, -0.2538 0.3937 0.9678, -0.252 0.3937 0.9953, -0.2141 0.3937 0.8933, -0.2249 0.3937 0.8969, -0.2462 0.3937 0.9188, -0.2336 0.3937 0.9022, -0.241 0.3937 0.9098, -0.2423 0.3937 1.0244, -0.236 0.3937 1.032, -0.2277 0.3937 1.0382
            ]
        }
        coordIndex [
            0,1,2,-1,2,1,3,-1,4,5,6,-1,7,8,9,-1,9,8,10,-1,9,10,5,-1,11,12,10,-1,10,12,5,-1,5,12,13,-1,5,13,6,-1,10,14,11,-1,11,14,15,-1,11,15,16,-1,16,15,17,-1,16,17,18,-1,19,20,6,-1,6,20,21,-1,6,21,4,-1,
        ]
    }
}
Shape{
    appearance Appearance {
        material  Material 	{
            diffuseColor 0.8313725490196079 0.8313725490196079 0.8196078431372549
            specularColor 0.6666666666666666 0.6666666666666666 0.6549019607843137
            ambientIntensity 0.83
            transparency 0.0
            shininess 0.5
        }
    }
    geometry IndexedFaceSet {
        ccw TRUE
        solid FALSE
        coord DEF co Coordinate {
            point [
                -2.0276 -0.0315 0.0, -2.0276 -0.2677 0.1181, -2.1063 -0.0315 0.0, -2.1063 -0.2677 0.1181, -1.6339 -0.0315 0.0, -1.6339 -0.2677 0.1181, -1.7126 -0.0315 0.0, -1.7126 -0.2677 0.1181, -1.2402 -0.0315 0.0, -1.2402 -0.2677 0.1181, -1.3189 -0.0315 0.0, -1.3189 -0.2677 0.1181, -0.8465 -0.0315 0.0, -0.8465 -0.2677 0.1181, -0.9252 -0.0315 0.0, -0.9252 -0.2677 0.1181, -0.4528 -0.0315 0.0, -0.4528 -0.2677 0.1181, -0.5315 -0.0315 0.0, -0.5315 -0.2677 0.1181, -0.0591 -0.0315 0.0, -0.0591 -0.2677 0.1181, -0.1378 -0.0315 0.0, -0.1378 -0.2677 0.1181, 2.3031 -0.0315 0.0, 2.3031 -0.2677 0.1181, 2.2244 -0.0315 0.0, 2.2244 -0.2677 0.1181, 1.9094 -0.0315 0.0, 1.9094 -0.2677 0.1181, 1.8307 -0.0315 0.0, 1.8307 -0.2677 0.1181, 1.5157 -0.0315 0.0, 1.5157 -0.2677 0.1181, 1.437 -0.0315 0.0, 1.437 -0.2677 0.1181, 1.122 -0.0315 0.0, 1.122 -0.2677 0.1181, 1.0433 -0.0315 0.0, 1.0433 -0.2677 0.1181, 0.7283 -0.0315 0.0, 0.7283 -0.2677 0.1181, 0.6496 -0.0315 0.0, 0.6496 -0.2677 0.1181, 0.3346 -0.0315 0.0, 0.3346 -0.2677 0.1181, 0.2559 -0.0315 0.0, 0.2559 -0.2677 0.1181, 1.437 0.4085 0.1752, 1.5157 0.4085 0.1752, 1.437 0.4085 0.0787, 1.5157 0.4085 0.0787, 1.437 0.5906 0.0787, 1.5157 0.5906 0.0787, 1.2402 -0.5906 0.0787, 1.3189 -0.5906 0.0787, 1.2402 -0.4085 0.0787, 1.3189 -0.4085 0.0787, 1.2402 -0.4085 0.1752, 1.3189 -0.4085 0.1752, 1.0433 0.4085 0.1752, 1.122 0.4085 0.1752, 1.0433 0.4085 0.0787, 1.122 0.4085 0.0787, 1.0433 0.5906 0.0787, 1.122 0.5906 0.0787, 0.8465 -0.5906 0.0787, 0.9252 -0.5906 0.0787, 0.8465 -0.4085 0.0787, 0.9252 -0.4085 0.0787, 0.8465 -0.4085 0.1752, 0.9252 -0.4085 0.1752, 0.6496 0.4085 0.1752, 0.7283 0.4085 0.1752, 0.6496 0.4085 0.0787, 0.7283 0.4085 0.0787, 0.6496 0.5906 0.0787, 0.7283 0.5906 0.0787, 0.4528 -0.5906 0.0787, 0.5315 -0.5906 0.0787, 0.4528 -0.4085 0.0787, 0.5315 -0.4085 0.0787, 0.4528 -0.4085 0.1752, 0.5315 -0.4085 0.1752, 0.2559 0.4085 0.1752, 0.3346 0.4085 0.1752, 0.2559 0.4085 0.0787, 0.3346 0.4085 0.0787, 0.2559 0.5906 0.0787, 0.3346 0.5906 0.0787, 0.0591 -0.5906 0.0787, 0.1378 -0.5906 0.0787, 0.0591 -0.4085 0.0787, 0.1378 -0.4085 0.0787, 0.0591 -0.4085 0.1752, 0.1378 -0.4085 0.1752, -0.1378 0.4085 0.1752, -0.0591 0.4085 0.1752, -0.1378 0.4085 0.0787, -0.0591 0.4085 0.0787, -0.1378 0.5906 0.0787, -0.0591 0.5906 0.0787, -0.3346 -0.5906 0.0787, -0.2559 -0.5906 0.0787, -0.3346 -0.4085 0.0787, -0.2559 -0.4085 0.0787, -0.3346 -0.4085 0.1752, -0.2559 -0.4085 0.1752, -0.7283 -0.5906 0.0787, -0.6496 -0.5906 0.0787, -0.7283 -0.4085 0.0787, -0.6496 -0.4085 0.0787, -0.7283 -0.4085 0.1752, -0.6496 -0.4085 0.1752, -0.5315 0.4085 0.1752, -0.4528 0.4085 0.1752, -0.5315 0.4085 0.0787, -0.4528 0.4085 0.0787, -0.5315 0.5906 0.0787, -0.4528 0.5906 0.0787, -0.9252 0.4085 0.1752, -0.8465 0.4085 0.1752, -0.9252 0.4085 0.0787, -0.8465 0.4085 0.0787, -0.9252 0.5906 0.0787, -0.8465 0.5906 0.0787, -1.122 -0.5906 0.0787, -1.0433 -0.5906 0.0787, -1.122 -0.4085 0.0787, -1.0433 -0.4085 0.0787, -1.122 -0.4085 0.1752, -1.0433 -0.4085 0.1752, -1.3189 0.4085 0.1752, -1.2402 0.4085 0.1752, -1.3189 0.4085 0.0787, -1.2402 0.4085 0.0787, -1.3189 0.5906 0.0787, -1.2402 0.5906 0.0787, -1.5157 -0.5906 0.0787, -1.437 -0.5906 0.0787, -1.5157 -0.4085 0.0787, -1.437 -0.4085 0.0787, -1.5157 -0.4085 0.1752, -1.437 -0.4085 0.1752, -1.7126 0.4085 0.1752, -1.6339 0.4085 0.1752, -1.7126 0.4085 0.0787, -1.6339 0.4085 0.0787, -1.7126 0.5906 0.0787, -1.6339 0.5906 0.0787, -1.9094 -0.5906 0.0787, -1.8307 -0.5906 0.0787, -1.9094 -0.4085 0.0787, -1.8307 -0.4085 0.0787, -1.9094 -0.4085 0.1752, -1.8307 -0.4085 0.1752, -2.1063 0.4085 0.1752, -2.0276 0.4085 0.1752, -2.1063 0.4085 0.0787, -2.0276 0.4085 0.0787, -2.1063 0.5906 0.0787, -2.0276 0.5906 0.0787, -2.3031 -0.5906 0.0787, -2.2244 -0.5906 0.0787, -2.3031 -0.4085 0.0787, -2.2244 -0.4085 0.0787, -2.3031 -0.4085 0.1752, -2.2244 -0.4085 0.1752, 1.6339 -0.5906 0.0787, 1.7126 -0.5906 0.0787, 1.6339 -0.4085 0.0787, 1.7126 -0.4085 0.0787, 1.6339 -0.4085 0.1752, 1.7126 -0.4085 0.1752, 1.8307 0.4085 0.1752, 1.9094 0.4085 0.1752, 1.8307 0.4085 0.0787, 1.9094 0.4085 0.0787, 1.8307 0.5906 0.0787, 1.9094 0.5906 0.0787, 2.0276 -0.4085 0.0787, 2.1063 -0.4085 0.0787, 2.0276 -0.4085 0.1752, 2.1063 -0.4085 0.1752, 2.0276 -0.5906 0.0787, 2.1063 -0.5906 0.0787, 2.2244 0.4085 0.0787, 2.3031 0.4085 0.0787, 2.2244 0.5906 0.0787, 2.3031 0.5906 0.0787, 2.2244 0.4085 0.1752, 2.3031 0.4085 0.1752, 3.0896 -0.1969 0.0058, 3.0906 -0.1969 0.0059, 3.0906 -0.1969 0.0807, 3.0818 -0.1969 0.0847, 3.0512 -0.1969 0.0807, 3.0512 -0.1969 0.002, 3.1693 -0.1969 0.1988, 3.1653 -0.1969 0.1682, 3.1693 -0.1969 0.0807, 3.1535 -0.1969 0.1398, 3.1102 -0.1969 0.0965, 3.1347 -0.1969 0.1153, 3.2087 0.0787 0.0807, 3.2087 0.1969 0.0807, 3.2149 0.1969 0.0895, 3.1761 -0.1113 0.0467, 3.1605 -0.1269 0.0351, 3.1761 0.1113 0.0467, 3.144 -0.1434 0.0252, 3.1265 -0.1609 0.017, 3.144 0.1434 0.0252, 3.0906 0.1969 0.0059, 3.1088 0.1786 0.0106, 3.1088 -0.1786 0.0106, 3.1265 0.1609 0.017, 3.1605 0.1269 0.0351, 3.2149 -0.1969 0.0895, 3.2087 -0.1969 0.0807, 3.2087 -0.0787 0.0807, 3.1904 -0.097 0.0596, 3.1904 0.097 0.0596, 3.233 0.1969 0.1235, 3.233 -0.1969 0.1235, 3.2442 0.1969 0.1604, 3.2442 -0.1969 0.1604, 3.248 0.1969 0.1988, 3.248 -0.1969 0.1988, 3.0896 0.1969 0.0058, 3.0512 0.1969 0.002, 2.6968 0.1969 0.0807, 3.0512 0.1969 0.0807, 2.6968 0.1969 0.002, 2.5787 -0.0787 0.002, 2.5394 -0.0787 0.002, 2.5394 0.0787 0.002, 2.5787 0.0787 0.002, 2.6968 -0.1969 0.002, 2.5394 0.0787 0.0807, 2.5394 -0.0787 0.0807, 2.5787 0.0787 0.0807, 2.5787 -0.0787 0.0807, 2.6968 -0.1969 0.0807, 3.248 -0.1969 0.0807, 3.248 0.1969 0.0807, 3.1693 -0.1969 1.2972, 3.1693 0.1969 0.1988, 3.1693 0.1969 1.2972, 3.248 0.1969 1.2972, 3.248 -0.1969 1.2972, 3.1653 0.2274 1.2972, 3.2442 0.2353 1.2972, 3.233 0.2722 1.2972, 3.1535 0.2559 1.2972, 3.2149 0.3062 1.2972, 3.1347 0.2804 1.2972, 3.1904 0.336 1.2972, 3.1102 0.2991 1.2972, 3.0512 0.3937 1.2972, 3.0512 0.315 1.2972, 3.0896 0.3899 1.2972, 3.0818 0.3109 1.2972, 3.1265 0.3787 1.2972, 3.1605 0.3605 1.2972, 3.0818 -0.3109 1.2972, 3.0512 -0.315 1.2972, 3.0512 -0.3937 1.2972, 3.0896 -0.3899 1.2972, 3.1265 -0.3787 1.2972, 3.1102 -0.2991 1.2972, 3.1605 -0.3605 1.2972, 3.1347 -0.2804 1.2972, 3.1904 -0.336 1.2972, 3.1535 -0.2559 1.2972, 3.2442 -0.2353 1.2972, 3.1653 -0.2274 1.2972, 3.233 -0.2722 1.2972, 3.2149 -0.3062 1.2972, 2.5394 -0.315 1.2972, 2.5394 -0.3937 1.2972, 2.5394 -0.315 0.0807, 3.0512 -0.315 0.0807, 3.1653 -0.2274 0.0807, 3.0818 -0.3109 0.0807, 3.1102 -0.2991 0.0807, 3.1347 -0.2804 0.0807, 3.1535 -0.2559 0.0807, 3.1693 0.1969 0.0807, 3.1653 0.2274 0.0807, 3.1535 0.2559 0.0807, 3.1347 0.2804 0.0807, 3.1102 0.2991 0.0807, 3.0818 0.3109 0.0807, 3.0512 0.315 0.0807, 2.5394 0.315 0.0807, 2.5394 0.315 1.2972, 2.5394 0.3937 1.2972, 2.5394 0.3937 0.0807, 3.0512 0.3937 0.0807, 3.2442 0.2353 0.0807, 3.0896 0.3899 0.0807, 3.1265 0.3787 0.0807, 3.1605 0.3605 0.0807, 3.1904 0.336 0.0807, 3.2149 0.3062 0.0807, 3.233 0.2722 0.0807, 3.2442 -0.2353 0.0807, 3.233 -0.2722 0.0807, 3.2149 -0.3062 0.0807, 3.1904 -0.336 0.0807, 3.1605 -0.3605 0.0807, 3.1265 -0.3787 0.0807, 3.0896 -0.3899 0.0807, 3.0512 -0.3937 0.0807, 2.5394 -0.3937 0.0807, 3.0906 0.1969 0.0807, 3.0818 0.1969 0.0847, 3.1347 0.1969 0.1153, 3.1535 0.1969 0.1398, 3.1653 0.1969 0.1682, 3.1102 0.1969 0.0965
            ]
        }
        coordIndex [
            0,1,2,-1,2,1,3,-1,4,5,6,-1,6,5,7,-1,8,9,10,-1,10,9,11,-1,12,13,14,-1,14,13,15,-1,16,17,18,-1,18,17,19,-1,20,21,22,-1,22,21,23,-1,24,25,26,-1,26,25,27,-1,28,29,30,-1,30,29,31,-1,32,33,34,-1,34,33,35,-1,36,37,38,-1,38,37,39,-1,40,41,42,-1,42,41,43,-1,44,45,46,-1,46,45,47,-1,48,49,50,-1,50,49,51,-1,50,51,52,-1,52,51,53,-1,54,55,56,-1,56,55,57,-1,56,57,58,-1,58,57,59,-1,60,61,62,-1,62,61,63,-1,62,63,64,-1,64,63,65,-1,66,67,68,-1,68,67,69,-1,68,69,70,-1,70,69,71,-1,72,73,74,-1,74,73,75,-1,74,75,76,-1,76,75,77,-1,78,79,80,-1,80,79,81,-1,80,81,82,-1,82,81,83,-1,84,85,86,-1,86,85,87,-1,86,87,88,-1,88,87,89,-1,90,91,92,-1,92,91,93,-1,92,93,94,-1,94,93,95,-1,96,97,98,-1,98,97,99,-1,98,99,100,-1,100,99,101,-1,102,103,104,-1,104,103,105,-1,104,105,106,-1,106,105,107,-1,108,109,110,-1,110,109,111,-1,110,111,112,-1,112,111,113,-1,114,115,116,-1,116,115,117,-1,116,117,118,-1,118,117,119,-1,120,121,122,-1,122,121,123,-1,122,123,124,-1,124,123,125,-1,126,127,128,-1,128,127,129,-1,128,129,130,-1,130,129,131,-1,132,133,134,-1,134,133,135,-1,134,135,136,-1,136,135,137,-1,138,139,140,-1,140,139,141,-1,140,141,142,-1,142,141,143,-1,144,145,146,-1,146,145,147,-1,146,147,148,-1,148,147,149,-1,150,151,152,-1,152,151,153,-1,152,153,154,-1,154,153,155,-1,156,157,158,-1,158,157,159,-1,158,159,160,-1,160,159,161,-1,162,163,164,-1,164,163,165,-1,164,165,166,-1,166,165,167,-1,168,169,170,-1,170,169,171,-1,170,171,172,-1,172,171,173,-1,174,175,176,-1,176,175,177,-1,176,177,178,-1,178,177,179,-1,180,181,182,-1,182,181,183,-1,184,185,180,-1,180,185,181,-1,186,187,188,-1,188,187,189,-1,190,191,186,-1,186,191,187,-1,192,193,194,-1,195,196,197,-1,198,199,200,-1,200,199,201,-1,197,192,195,-1,195,192,194,-1,195,194,202,-1,202,194,200,-1,202,200,203,-1,203,200,201,-1,204,205,206,-1,207,208,209,-1,210,211,212,-1,213,214,192,-1,193,192,215,-1,215,192,214,-1,215,214,211,-1,211,214,216,-1,211,216,212,-1,210,212,208,-1,208,212,217,-1,208,217,209,-1,218,219,220,-1,207,209,221,-1,221,209,222,-1,221,222,220,-1,220,222,204,-1,220,204,218,-1,204,206,218,-1,218,206,223,-1,218,223,224,-1,224,223,225,-1,224,225,226,-1,226,225,227,-1,226,227,228,-1,213,192,229,-1,229,192,197,-1,229,197,230,-1,231,232,233,-1,233,232,230,-1,234,235,236,-1,236,237,234,-1,234,237,233,-1,234,233,238,-1,238,233,230,-1,238,230,197,-1,239,240,241,-1,241,240,242,-1,241,242,231,-1,231,242,243,-1,231,243,232,-1,232,243,196,-1,236,235,239,-1,239,235,240,-1,226,228,244,-1,219,218,244,-1,244,218,224,-1,244,224,226,-1,245,227,225,-1,225,223,245,-1,245,223,206,-1,245,206,205,-1,198,246,247,-1,247,246,248,-1,249,250,227,-1,227,250,228,-1,251,248,249,-1,249,252,251,-1,251,252,253,-1,251,253,254,-1,254,253,255,-1,254,255,256,-1,256,255,257,-1,256,257,258,-1,259,260,261,-1,261,260,262,-1,261,262,263,-1,263,262,258,-1,263,258,264,-1,264,258,257,-1,248,246,249,-1,249,246,250,-1,265,266,267,-1,267,268,265,-1,265,268,269,-1,265,269,270,-1,270,269,271,-1,270,271,272,-1,272,271,273,-1,272,273,274,-1,250,246,275,-1,275,246,276,-1,275,276,277,-1,277,276,274,-1,277,274,278,-1,278,274,273,-1,266,279,267,-1,267,279,280,-1,281,279,282,-1,282,279,266,-1,198,200,283,-1,282,266,284,-1,284,266,265,-1,284,265,285,-1,285,265,270,-1,285,270,286,-1,286,270,272,-1,286,272,287,-1,287,272,274,-1,287,274,283,-1,283,274,276,-1,283,276,198,-1,198,276,246,-1,247,248,251,-1,288,247,289,-1,289,247,251,-1,289,251,290,-1,290,251,254,-1,290,254,291,-1,291,254,256,-1,291,256,292,-1,292,256,258,-1,292,258,293,-1,293,258,262,-1,293,262,294,-1,294,262,260,-1,294,260,295,-1,295,260,296,-1,296,297,295,-1,295,297,298,-1,297,259,298,-1,298,259,299,-1,227,245,300,-1,299,259,261,-1,299,261,301,-1,301,261,263,-1,301,263,302,-1,302,263,264,-1,302,264,303,-1,303,264,257,-1,303,257,304,-1,304,257,255,-1,304,255,305,-1,305,255,253,-1,305,253,306,-1,306,253,252,-1,306,252,300,-1,300,252,249,-1,300,249,227,-1,228,250,275,-1,307,244,228,-1,228,275,307,-1,307,275,277,-1,307,277,308,-1,308,277,278,-1,308,278,309,-1,309,278,273,-1,309,273,310,-1,310,273,271,-1,310,271,311,-1,311,271,269,-1,311,269,312,-1,312,269,268,-1,312,268,313,-1,313,268,267,-1,313,267,314,-1,267,280,314,-1,314,280,315,-1,280,279,315,-1,315,279,281,-1,259,297,260,-1,260,297,296,-1,314,315,282,-1,282,315,281,-1,299,294,298,-1,298,294,295,-1,293,294,299,-1,299,301,205,-1,205,301,302,-1,305,306,205,-1,205,306,300,-1,205,300,245,-1,289,205,288,-1,288,205,204,-1,288,204,316,-1,302,303,205,-1,205,303,304,-1,205,304,305,-1,289,290,205,-1,205,290,291,-1,205,291,299,-1,299,291,292,-1,299,292,293,-1,287,283,219,-1,219,283,200,-1,219,200,220,-1,220,200,194,-1,314,282,313,-1,313,282,284,-1,313,284,312,-1,312,284,285,-1,307,308,286,-1,308,309,286,-1,286,309,310,-1,286,310,285,-1,285,310,311,-1,285,311,312,-1,287,219,286,-1,286,219,244,-1,286,244,307,-1,230,232,229,-1,229,232,317,-1,229,317,213,-1,213,317,316,-1,318,319,288,-1,288,319,320,-1,288,320,247,-1,316,317,288,-1,288,317,321,-1,288,321,318,-1,232,196,317,-1,317,196,195,-1,317,195,321,-1,321,195,202,-1,321,202,318,-1,318,202,203,-1,318,203,319,-1,319,203,201,-1,319,201,320,-1,320,201,199,-1,320,199,247,-1,247,199,198,-1,197,196,238,-1,238,196,243,-1,235,234,240,-1,240,234,242,-1,234,238,242,-1,242,238,243,-1,236,239,237,-1,237,239,241,-1,237,241,233,-1,233,241,231,-1,194,193,215,-1,215,211,194,-1,194,211,210,-1,194,210,208,-1,208,207,194,-1,194,207,221,-1,194,221,220,-1,214,213,316,-1,217,212,316,-1,316,212,216,-1,316,216,214,-1,204,222,316,-1,316,222,209,-1,316,209,217,-1,
        ]
    }
}
Shape{
    appearance Appearance {
        material  Material 	{
            diffuseColor 0.10980392156862745 0.10980392156862745 0.10980392156862745
            specularColor 0.00784313725490196 0.00784313725490196 0.00784313725490196
            ambientIntensity 0.1569
            transparency 0.0
            shininess 0.5
        }
    }
    geometry IndexedFaceSet {
        ccw TRUE
        solid FALSE
        coord DEF co Coordinate {
            point [
                -3.4252 0.3937 1.7303, -2.6378 0.3937 1.7303, -3.4252 0.3937 1.3366, -2.5591 0.3937 1.6516, -2.5591 0.3937 1.3366, -3.0984 -0.1378 1.0217, -2.8543 -0.1378 1.0217, -3.0984 -0.1378 1.3366, -2.8543 -0.1378 1.3366, -2.4606 -0.1378 1.0217, 2.4606 -0.1378 1.0217, -2.4606 -0.1378 1.3366, 2.4606 -0.1378 1.3366, -2.8543 0.1575 1.3366, -2.8543 0.0787 1.2972, -3.0984 0.1575 1.3366, -3.0984 0.0787 1.2972, -2.8543 0.0787 0.5492, -3.0984 0.0787 0.5492, -3.0984 -0.0787 0.5492, -2.8543 -0.0787 0.5492, 2.4606 0.0 0.5492, 2.4606 -0.0787 0.5492, -2.4606 0.0 0.5492, -2.4606 -0.0787 0.5492, -3.0984 -0.0787 0.9626, -2.8543 -0.0787 0.9626, -2.4606 -0.0787 0.9626, 2.4606 -0.0787 0.9626, 3.0984 -0.1378 1.3366, 2.8543 -0.1378 1.3366, 3.0984 -0.1378 1.0217, 2.8543 -0.1378 1.0217, -2.5591 0.0 1.3366, -3.4252 -0.2953 1.3366, -2.4606 0.0 1.3366, 3.4646 -0.2953 1.3366, 2.4606 0.0 1.3366, 2.5591 0.0 1.3366, 3.4646 0.3937 1.3366, 3.0984 0.1575 1.3366, 2.5591 0.3937 1.3366, 2.8543 0.1575 1.3366, -3.4252 -0.3346 1.376, 3.4252 -0.3346 1.376, -3.4252 -0.3346 1.6909, 3.4252 -0.3346 1.6909, -2.6378 -0.0787 1.7303, 3.4252 -0.2953 1.7303, 3.4252 0.3937 1.7303, 2.6378 0.3937 1.7303, 2.6378 -0.0787 1.7303, -3.4252 -0.2953 1.7303, 3.4646 0.3937 1.6909, 2.5591 0.3937 1.6516, 3.4354 0.3937 1.729, 3.4449 0.3937 1.725, 3.453 0.3937 1.7188, 3.4593 0.3937 1.7106, 3.4632 0.3937 1.7011, 2.8543 0.0787 1.2972, 3.0984 0.0787 1.2972, 2.8543 0.0787 0.5492, 3.0984 0.0787 0.5492, 3.0984 -0.0787 0.5492, 2.8543 -0.0787 0.5492, 3.0984 -0.0787 0.9626, 2.8543 -0.0787 0.9626, -3.4646 0.3543 1.376, -3.4646 -0.2953 1.376, -3.4646 0.3543 1.6909, -3.4646 -0.2953 1.6909, 3.4646 -0.2953 1.6909, -2.5591 0.0 1.6516, 2.5591 0.0 1.6516, 3.4354 -0.2953 1.729, 3.4449 -0.2953 1.725, 3.453 -0.2953 1.7188, 3.4593 -0.2953 1.7106, 3.4632 -0.2953 1.7011, 3.4252 -0.3055 1.729, 3.435 -0.3055 1.7277, 3.435 -0.3294 1.708, 3.4303 -0.3333 1.6998, 3.4324 -0.3333 1.6982, 3.4354 -0.3333 1.6909, 3.435 -0.3333 1.6936, 3.4278 -0.3333 1.7008, 3.4303 -0.3294 1.71, 3.4324 -0.3231 1.7178, 3.4252 -0.3333 1.7011, 3.4391 -0.3294 1.7049, 3.434 -0.3333 1.696, 3.4422 -0.3294 1.7008, 3.4442 -0.3294 1.696, 3.4449 -0.3294 1.6909, 3.4252 -0.3294 1.7106, 3.4252 -0.3231 1.7188, 3.4252 -0.315 1.725, 3.4391 -0.3231 1.7151, 3.4449 -0.3231 1.7106, 3.4493 -0.3231 1.7049, 3.4521 -0.3231 1.6982, 3.453 -0.3231 1.6909, 3.434 -0.315 1.7239, 3.4422 -0.315 1.7205, 3.4493 -0.315 1.7151, 3.4547 -0.315 1.708, 3.4581 -0.315 1.6998, 3.4593 -0.315 1.6909, 3.4442 -0.3055 1.7239, 3.4521 -0.3055 1.7178, 3.4581 -0.3055 1.71, 3.4619 -0.3055 1.7008, 3.4632 -0.3055 1.6909, 3.4643 -0.2997 1.3369, 3.4635 -0.304 1.3377, 3.4632 -0.3055 1.338, 3.4607 -0.3124 1.3405, 3.4591 -0.3148 1.3421, 3.4448 -0.3292 1.3564, 3.4497 -0.3261 1.3514, 3.4529 -0.3229 1.3483, 3.456 -0.3198 1.3452, 3.434 -0.3337 1.3672, 3.4353 -0.3332 1.3658, 3.4423 -0.3307 1.3589, -3.4252 -0.3055 1.729, -3.4252 -0.315 1.725, -3.4252 -0.3231 1.7188, -3.4252 -0.3294 1.7106, -3.4252 -0.3333 1.7011, -3.4354 -0.3333 1.6909, -3.4354 -0.3333 1.376, -3.4449 -0.3294 1.6909, -3.4449 -0.3294 1.376, -3.453 -0.3231 1.6909, -3.453 -0.3231 1.376, -3.4593 -0.315 1.6909, -3.4593 -0.315 1.376, -3.4632 -0.3055 1.6909, -3.4632 -0.3055 1.376, -3.4252 -0.3335 1.3672, -3.4252 -0.3305 1.359, -3.4252 -0.3333 1.3658, -3.4252 -0.3294 1.3563, -3.4252 -0.3258 1.3516, -3.4252 -0.3231 1.3481, -3.4252 -0.3196 1.3455, -3.4252 -0.315 1.3419, -3.4252 -0.3123 1.3408, -3.4252 -0.3055 1.338, -3.4252 -0.304 1.3378, -3.4619 -0.3055 1.7008, -3.4422 -0.3294 1.7008, -3.434 -0.3333 1.696, -3.4324 -0.3333 1.6982, -3.4278 -0.3333 1.7008, -3.435 -0.3333 1.6936, -3.4442 -0.3294 1.696, -3.4521 -0.3231 1.6982, -3.4391 -0.3294 1.7049, -3.4303 -0.3333 1.6998, -3.435 -0.3294 1.708, -3.4303 -0.3294 1.71, -3.4493 -0.3231 1.7049, -3.4449 -0.3231 1.7106, -3.4391 -0.3231 1.7151, -3.4324 -0.3231 1.7178, -3.4581 -0.315 1.6998, -3.4547 -0.315 1.708, -3.4493 -0.315 1.7151, -3.4422 -0.315 1.7205, -3.434 -0.315 1.7239, -3.4581 -0.3055 1.71, -3.4521 -0.3055 1.7178, -3.4442 -0.3055 1.7239, -3.435 -0.3055 1.7277, -3.4632 -0.2953 1.7011, -3.4593 -0.2953 1.7106, -3.453 -0.2953 1.7188, -3.4449 -0.2953 1.725, -3.4354 -0.2953 1.729, -3.434 -0.315 1.3431, -3.4324 -0.3231 1.3491, -3.4303 -0.3294 1.357, -3.4278 -0.3333 1.3661, -3.4303 -0.3333 1.3672, -3.435 -0.3333 1.3733, -3.4391 -0.3294 1.3621, -3.434 -0.3333 1.3709, -3.4422 -0.3294 1.3661, -3.4442 -0.3294 1.3709, -3.435 -0.3294 1.3589, -3.4324 -0.3333 1.3688, -3.4391 -0.3231 1.3519, -3.4449 -0.3231 1.3563, -3.4493 -0.3231 1.3621, -3.4521 -0.3231 1.3688, -3.4422 -0.315 1.3465, -3.4493 -0.315 1.3519, -3.4547 -0.315 1.3589, -3.4581 -0.315 1.3672, -3.435 -0.3055 1.3393, -3.4442 -0.3055 1.3431, -3.4521 -0.3055 1.3491, -3.4581 -0.3055 1.357, -3.4619 -0.3055 1.3661, -3.4354 -0.2953 1.338, -3.4449 -0.2953 1.3419, -3.453 -0.2953 1.3481, -3.4593 -0.2953 1.3563, -3.4632 -0.2953 1.3658, -3.4632 0.3645 1.7011, -3.4634 0.3631 1.6997, -3.4557 0.3787 1.7153, -3.4593 0.374 1.7106, -3.4604 0.3713 1.7079, -3.4497 0.3851 1.7217, -3.453 0.3822 1.7188, -3.4423 0.3898 1.7264, -3.4448 0.3882 1.7249, -3.4296 0.3935 1.7301, -3.434 0.3927 1.7293, -3.4354 0.3924 1.729, -3.4296 0.3935 1.3369, -3.4339 0.3926 1.3377, -3.4354 0.3924 1.338, -3.4423 0.3898 1.3405, -3.4448 0.3882 1.3421, -3.4591 0.3739 1.3564, -3.456 0.3789 1.3514, -3.4529 0.382 1.3483, -3.4497 0.3851 1.3452, -3.4636 0.3631 1.3672, -3.4631 0.3645 1.3658, -3.4607 0.3714 1.3589
            ]
        }
        coordIndex [
            0,1,2,-1,2,1,3,-1,2,3,4,-1,5,6,7,-1,7,6,8,-1,9,10,11,-1,11,10,12,-1,13,14,15,-1,15,14,16,-1,14,17,16,-1,16,17,18,-1,18,17,19,-1,19,17,20,-1,21,22,23,-1,23,22,24,-1,19,20,25,-1,25,20,26,-1,24,22,27,-1,27,22,28,-1,25,26,5,-1,5,26,6,-1,27,28,9,-1,9,28,10,-1,29,30,31,-1,31,30,32,-1,33,8,4,-1,4,8,13,-1,4,13,2,-1,2,13,15,-1,2,15,34,-1,34,15,7,-1,34,7,8,-1,33,35,8,-1,8,35,11,-1,8,11,34,-1,34,11,12,-1,34,12,36,-1,37,38,12,-1,12,38,30,-1,12,30,36,-1,36,30,29,-1,36,29,39,-1,39,29,40,-1,39,40,41,-1,41,40,42,-1,41,42,38,-1,38,42,30,-1,43,44,45,-1,45,44,46,-1,47,1,0,-1,48,49,50,-1,50,51,48,-1,48,51,47,-1,48,47,52,-1,52,47,0,-1,39,41,53,-1,53,41,54,-1,53,54,50,-1,50,49,53,-1,53,49,55,-1,53,55,56,-1,57,58,56,-1,56,58,59,-1,56,59,53,-1,60,42,61,-1,61,42,40,-1,62,60,63,-1,63,60,61,-1,64,65,63,-1,63,65,62,-1,66,67,64,-1,64,67,65,-1,31,32,66,-1,66,32,67,-1,68,69,70,-1,70,69,71,-1,36,39,72,-1,72,39,53,-1,61,40,29,-1,64,63,66,-1,66,63,61,-1,66,61,31,-1,31,61,29,-1,7,15,16,-1,5,7,25,-1,25,7,16,-1,25,16,19,-1,19,16,18,-1,22,21,28,-1,28,21,37,-1,28,37,10,-1,10,37,12,-1,30,42,60,-1,32,30,67,-1,67,30,60,-1,67,60,65,-1,65,60,62,-1,14,13,8,-1,20,17,26,-1,26,17,14,-1,26,14,6,-1,6,14,8,-1,23,24,27,-1,9,11,27,-1,27,11,35,-1,27,35,23,-1,73,33,3,-1,3,33,4,-1,54,41,74,-1,74,41,38,-1,35,33,73,-1,74,38,37,-1,21,23,37,-1,37,23,35,-1,37,35,74,-1,74,35,73,-1,74,51,54,-1,54,51,50,-1,73,47,74,-1,74,47,51,-1,3,1,73,-1,73,1,47,-1,49,48,75,-1,49,75,55,-1,55,75,76,-1,55,76,56,-1,56,76,77,-1,56,77,57,-1,57,77,78,-1,57,78,58,-1,58,78,79,-1,58,79,59,-1,59,79,72,-1,59,72,53,-1,48,80,81,-1,82,83,84,-1,46,85,86,-1,84,83,46,-1,87,46,83,-1,87,83,88,-1,88,83,82,-1,88,82,89,-1,90,46,87,-1,91,92,93,-1,93,92,86,-1,93,86,94,-1,94,86,85,-1,94,85,95,-1,90,87,96,-1,96,87,88,-1,96,88,97,-1,97,88,89,-1,97,89,98,-1,99,91,100,-1,100,91,93,-1,100,93,101,-1,101,93,94,-1,101,94,102,-1,102,94,95,-1,102,95,103,-1,104,99,105,-1,105,99,100,-1,105,100,106,-1,106,100,101,-1,106,101,107,-1,107,101,102,-1,107,102,108,-1,108,102,103,-1,108,103,109,-1,80,104,81,-1,81,104,105,-1,81,105,110,-1,110,105,106,-1,110,106,111,-1,111,106,107,-1,111,107,112,-1,112,107,108,-1,112,108,113,-1,113,108,109,-1,113,109,114,-1,48,81,75,-1,75,81,110,-1,75,110,76,-1,76,110,111,-1,76,111,77,-1,77,111,112,-1,77,112,78,-1,78,112,113,-1,78,113,79,-1,79,113,114,-1,79,114,72,-1,92,46,86,-1,80,98,104,-1,104,98,89,-1,104,89,99,-1,99,89,82,-1,99,82,91,-1,91,82,84,-1,91,84,92,-1,92,84,46,-1,36,72,115,-1,115,72,116,-1,116,72,117,-1,117,72,114,-1,117,114,118,-1,118,114,109,-1,118,109,119,-1,103,95,120,-1,120,121,103,-1,103,121,122,-1,103,122,109,-1,109,122,123,-1,109,123,119,-1,85,46,44,-1,44,124,85,-1,85,124,125,-1,85,125,95,-1,95,125,126,-1,95,126,120,-1,48,52,127,-1,48,127,80,-1,80,127,128,-1,80,128,98,-1,98,128,129,-1,98,129,97,-1,97,129,130,-1,97,130,96,-1,96,130,131,-1,96,131,90,-1,90,131,45,-1,90,45,46,-1,43,45,132,-1,43,132,133,-1,133,132,134,-1,133,134,135,-1,135,134,136,-1,135,136,137,-1,137,136,138,-1,137,138,139,-1,139,138,140,-1,139,140,141,-1,141,140,71,-1,141,71,69,-1,44,43,142,-1,121,120,143,-1,143,120,126,-1,143,126,144,-1,144,126,125,-1,144,125,142,-1,142,125,124,-1,142,124,44,-1,143,145,121,-1,121,145,146,-1,121,146,122,-1,122,146,147,-1,122,147,123,-1,123,147,148,-1,123,148,119,-1,119,148,118,-1,148,149,118,-1,118,149,150,-1,118,150,117,-1,117,150,151,-1,117,151,116,-1,116,151,152,-1,116,152,115,-1,115,152,34,-1,115,34,36,-1,71,140,153,-1,154,155,156,-1,45,131,157,-1,156,155,45,-1,158,45,155,-1,158,155,159,-1,159,155,154,-1,159,154,160,-1,132,45,158,-1,161,162,163,-1,163,162,157,-1,163,157,164,-1,164,157,131,-1,164,131,130,-1,132,158,134,-1,134,158,159,-1,134,159,136,-1,136,159,160,-1,136,160,138,-1,165,161,166,-1,166,161,163,-1,166,163,167,-1,167,163,164,-1,167,164,168,-1,168,164,130,-1,168,130,129,-1,169,165,170,-1,170,165,166,-1,170,166,171,-1,171,166,167,-1,171,167,172,-1,172,167,168,-1,172,168,173,-1,173,168,129,-1,173,129,128,-1,140,169,153,-1,153,169,170,-1,153,170,174,-1,174,170,171,-1,174,171,175,-1,175,171,172,-1,175,172,176,-1,176,172,173,-1,176,173,177,-1,177,173,128,-1,177,128,127,-1,71,153,178,-1,178,153,174,-1,178,174,179,-1,179,174,175,-1,179,175,180,-1,180,175,176,-1,180,176,181,-1,181,176,177,-1,181,177,182,-1,182,177,127,-1,182,127,52,-1,162,45,157,-1,140,138,169,-1,169,138,160,-1,169,160,165,-1,165,160,154,-1,165,154,161,-1,161,154,156,-1,161,156,162,-1,162,156,45,-1,150,149,183,-1,148,147,184,-1,185,186,187,-1,43,133,188,-1,187,186,43,-1,142,43,186,-1,146,145,185,-1,185,145,143,-1,185,143,186,-1,186,143,144,-1,186,144,142,-1,189,190,191,-1,191,190,188,-1,191,188,192,-1,192,188,133,-1,192,133,135,-1,147,146,184,-1,184,146,185,-1,184,185,193,-1,193,185,187,-1,193,187,194,-1,194,187,43,-1,195,189,196,-1,196,189,191,-1,196,191,197,-1,197,191,192,-1,197,192,198,-1,198,192,135,-1,198,135,137,-1,183,195,199,-1,199,195,196,-1,199,196,200,-1,200,196,197,-1,200,197,201,-1,201,197,198,-1,201,198,202,-1,202,198,137,-1,202,137,139,-1,152,151,203,-1,203,151,150,-1,150,183,203,-1,203,183,199,-1,203,199,204,-1,204,199,200,-1,204,200,205,-1,205,200,201,-1,205,201,206,-1,206,201,202,-1,206,202,207,-1,207,202,139,-1,207,139,141,-1,208,34,152,-1,152,203,208,-1,208,203,204,-1,208,204,209,-1,209,204,205,-1,209,205,210,-1,210,205,206,-1,210,206,211,-1,211,206,207,-1,211,207,212,-1,212,207,141,-1,212,141,69,-1,190,43,188,-1,149,148,183,-1,183,148,184,-1,183,184,195,-1,195,184,193,-1,195,193,189,-1,189,193,194,-1,189,194,190,-1,190,194,43,-1,178,213,71,-1,71,213,214,-1,71,214,70,-1,180,215,179,-1,179,215,216,-1,179,216,178,-1,178,216,217,-1,178,217,213,-1,181,218,180,-1,180,218,219,-1,180,219,215,-1,182,220,181,-1,181,220,221,-1,181,221,218,-1,0,222,52,-1,52,222,223,-1,52,223,182,-1,182,223,224,-1,182,224,220,-1,2,34,225,-1,225,34,226,-1,226,34,227,-1,227,34,208,-1,227,208,228,-1,228,208,209,-1,228,209,229,-1,210,211,230,-1,230,231,210,-1,210,231,232,-1,210,232,209,-1,209,232,233,-1,209,233,229,-1,212,69,68,-1,68,234,212,-1,212,234,235,-1,212,235,211,-1,211,235,236,-1,211,236,230,-1,235,234,214,-1,214,234,68,-1,214,68,70,-1,214,213,235,-1,235,213,217,-1,235,217,236,-1,236,217,230,-1,217,216,230,-1,230,216,215,-1,230,215,231,-1,231,215,232,-1,220,229,221,-1,221,229,233,-1,221,233,218,-1,218,233,232,-1,218,232,219,-1,219,232,215,-1,0,2,222,-1,222,2,225,-1,222,225,223,-1,223,225,226,-1,223,226,224,-1,224,226,227,-1,224,227,220,-1,220,227,228,-1,220,228,229,-1,
        ]
    }
}
Shape{
    appearance Appearance {
        material  Material 	{
            diffuseColor 0.8313725490196079 0.8313725490196079 0.8196078431372549
            specularColor 0.6666666666666666 0.6666666666666666 0.6549019607843137
            ambientIntensity 0.83
            transparency 0.0
            shininess 0.5
        }
    }
    geometry IndexedFaceSet {
        ccw TRUE
        solid FALSE
        coord DEF co Coordinate {
            point [
                -3.1347 -0.1969 0.1153, -3.1535 -0.1969 0.1398, -3.1693 -0.1969 0.0807, -3.1653 -0.1969 0.1682, -3.1693 -0.1969 0.1988, -3.0512 -0.1969 0.002, -3.0512 -0.1969 0.0807, -3.0896 -0.1969 0.0058, -3.0817 -0.1969 0.0847, -3.0906 -0.1969 0.0059, -3.0906 -0.1969 0.0807, -3.1102 -0.1969 0.0965, -3.1088 0.1786 0.0106, -3.0906 0.1969 0.0059, -3.0896 0.1969 0.0058, -3.2087 -0.0787 0.0807, -3.2087 -0.1969 0.0807, -3.2149 -0.1969 0.0895, -3.2149 0.1969 0.0895, -3.2087 0.0787 0.0807, -3.2087 0.1969 0.0807, -3.1904 -0.097 0.0596, -3.1904 0.097 0.0596, -3.1761 -0.1113 0.0467, -3.1761 0.1113 0.0467, -3.1605 0.1269 0.0351, -3.1088 -0.1786 0.0106, -3.1265 0.1609 0.017, -3.1265 -0.1609 0.017, -3.144 0.1434 0.0252, -3.144 -0.1434 0.0252, -3.1605 -0.1269 0.0351, -3.0512 0.1969 0.002, -3.233 -0.1969 0.1235, -3.233 0.1969 0.1235, -3.2442 -0.1969 0.1604, -3.2442 0.1969 0.1604, -3.248 -0.1969 0.1988, -3.248 0.1969 0.1988, -3.0512 0.1969 0.0807, -2.6969 0.1969 0.0807, -2.6969 0.1969 0.002, -2.5394 0.0787 0.002, -2.5394 -0.0787 0.002, -2.5787 0.0787 0.002, -2.5787 -0.0787 0.002, -2.6969 -0.1969 0.002, -2.5787 -0.0787 0.0807, -2.5394 -0.0787 0.0807, -2.5394 0.0787 0.0807, -2.5787 0.0787 0.0807, -2.6969 -0.1969 0.0807, -3.248 -0.1969 0.0807, -3.248 0.1969 0.0807, -3.1693 -0.1969 1.2972, -3.1693 0.1969 1.2972, -3.1693 0.1969 0.1988, -3.248 -0.1969 1.2972, -3.248 0.1969 1.2972, -3.0817 0.3109 1.2972, -3.0512 0.315 1.2972, -3.0512 0.3937 1.2972, -3.2442 0.2353 1.2972, -3.1653 0.2274 1.2972, -3.233 0.2722 1.2972, -3.1535 0.2559 1.2972, -3.0896 0.3899 1.2972, -3.1265 0.3787 1.2972, -3.1102 0.2991 1.2972, -3.1605 0.3605 1.2972, -3.1347 0.2804 1.2972, -3.1904 0.336 1.2972, -3.2149 0.3062 1.2972, -3.1663 -0.2231 1.2972, -3.2442 -0.2353 1.2972, -3.1576 -0.2481 1.2972, -3.233 -0.2722 1.2972, -3.1435 -0.2705 1.2972, -3.0512 -0.3937 1.2972, -3.0512 -0.315 1.2972, -3.0896 -0.3899 1.2972, -3.0775 -0.312 1.2972, -3.1265 -0.3787 1.2972, -3.1024 -0.3033 1.2972, -3.1605 -0.3605 1.2972, -3.1248 -0.2892 1.2972, -3.1904 -0.336 1.2972, -3.2149 -0.3062 1.2972, -2.5394 -0.315 1.2972, -2.5394 -0.3937 1.2972, -2.5394 -0.315 0.0807, -3.0512 -0.315 0.0807, -3.1663 -0.2231 0.0807, -3.1576 -0.2481 0.0807, -3.1435 -0.2705 0.0807, -3.1248 -0.2892 0.0807, -3.1024 -0.3033 0.0807, -3.0775 -0.312 0.0807, -3.1693 0.1969 0.0807, -3.1653 0.2274 0.0807, -3.0512 0.315 0.0807, -3.0817 0.3109 0.0807, -3.1102 0.2991 0.0807, -3.1347 0.2804 0.0807, -3.1535 0.2559 0.0807, -2.5394 0.315 1.2972, -2.5394 0.315 0.0807, -2.5394 0.3937 1.2972, -2.5394 0.3937 0.0807, -3.0512 0.3937 0.0807, -3.2442 0.2353 0.0807, -3.233 0.2722 0.0807, -3.2149 0.3062 0.0807, -3.1904 0.336 0.0807, -3.1605 0.3605 0.0807, -3.1265 0.3787 0.0807, -3.0896 0.3899 0.0807, -3.2442 -0.2353 0.0807, -3.0512 -0.3937 0.0807, -3.0896 -0.3899 0.0807, -3.1265 -0.3787 0.0807, -3.1605 -0.3605 0.0807, -3.1904 -0.336 0.0807, -3.2149 -0.3062 0.0807, -3.233 -0.2722 0.0807, -2.5394 -0.3937 0.0807, -3.0906 0.1969 0.0807, -3.0817 0.1969 0.0847, -3.1535 0.1969 0.1398, -3.1653 0.1969 0.1682, -3.1102 0.1969 0.0965, -3.1347 0.1969 0.1153
            ]
        }
        coordIndex [
            0,1,2,-1,2,1,3,-1,2,3,4,-1,5,6,7,-1,7,6,8,-1,7,8,9,-1,9,8,10,-1,10,8,2,-1,2,8,11,-1,2,11,0,-1,12,13,14,-1,15,16,17,-1,15,18,19,-1,19,18,20,-1,15,19,21,-1,21,19,22,-1,21,22,23,-1,23,22,24,-1,23,24,25,-1,7,9,12,-1,12,9,26,-1,12,26,27,-1,27,26,28,-1,27,28,29,-1,29,28,30,-1,29,30,25,-1,25,30,31,-1,25,31,23,-1,12,14,7,-1,7,14,32,-1,7,32,5,-1,15,17,18,-1,18,17,33,-1,18,33,34,-1,34,33,35,-1,34,35,36,-1,36,35,37,-1,36,37,38,-1,39,40,32,-1,32,40,41,-1,42,43,44,-1,44,43,45,-1,44,45,41,-1,41,45,46,-1,41,46,32,-1,32,46,5,-1,47,48,49,-1,49,50,47,-1,47,50,40,-1,47,40,51,-1,51,40,39,-1,51,39,6,-1,43,42,48,-1,48,42,49,-1,52,37,35,-1,35,33,52,-1,52,33,17,-1,52,17,16,-1,53,20,18,-1,18,34,53,-1,53,34,36,-1,53,36,38,-1,54,4,55,-1,55,4,56,-1,57,58,37,-1,37,58,38,-1,59,60,61,-1,58,55,62,-1,62,55,63,-1,62,63,64,-1,64,63,65,-1,61,66,59,-1,59,66,67,-1,59,67,68,-1,68,67,69,-1,68,69,70,-1,70,69,71,-1,70,71,65,-1,65,71,72,-1,65,72,64,-1,54,55,57,-1,57,55,58,-1,54,57,73,-1,73,57,74,-1,73,74,75,-1,75,74,76,-1,75,76,77,-1,78,79,80,-1,80,79,81,-1,80,81,82,-1,82,81,83,-1,82,83,84,-1,84,83,85,-1,84,85,86,-1,86,85,77,-1,86,77,87,-1,87,77,76,-1,88,79,89,-1,89,79,78,-1,88,90,79,-1,79,90,91,-1,4,54,73,-1,2,4,92,-1,92,4,73,-1,92,73,93,-1,93,73,75,-1,93,75,94,-1,94,75,77,-1,94,77,95,-1,95,77,85,-1,95,85,96,-1,96,85,83,-1,96,83,97,-1,97,83,81,-1,97,81,91,-1,91,81,79,-1,56,98,99,-1,100,60,101,-1,101,60,59,-1,101,59,102,-1,102,59,68,-1,102,68,103,-1,103,68,70,-1,103,70,104,-1,104,70,65,-1,104,65,99,-1,99,65,63,-1,99,63,56,-1,56,63,55,-1,60,100,105,-1,105,100,106,-1,107,105,108,-1,108,105,106,-1,61,107,109,-1,109,107,108,-1,38,58,62,-1,110,53,38,-1,38,62,110,-1,110,62,64,-1,110,64,111,-1,111,64,72,-1,111,72,112,-1,112,72,71,-1,112,71,113,-1,113,71,69,-1,113,69,114,-1,114,69,67,-1,114,67,115,-1,115,67,66,-1,115,66,116,-1,116,66,61,-1,116,61,109,-1,37,52,117,-1,118,78,80,-1,118,80,119,-1,119,80,82,-1,119,82,120,-1,120,82,84,-1,120,84,121,-1,121,84,86,-1,121,86,122,-1,122,86,87,-1,122,87,123,-1,123,87,76,-1,123,76,124,-1,124,76,74,-1,124,74,117,-1,117,74,57,-1,117,57,37,-1,89,78,125,-1,125,78,118,-1,88,89,90,-1,90,89,125,-1,107,61,105,-1,105,61,60,-1,125,118,90,-1,90,118,91,-1,100,109,106,-1,106,109,108,-1,104,99,20,-1,20,99,98,-1,20,98,19,-1,19,98,126,-1,109,100,116,-1,116,100,101,-1,116,101,115,-1,115,101,102,-1,110,111,103,-1,111,112,103,-1,103,112,113,-1,103,113,102,-1,102,113,114,-1,102,114,115,-1,104,20,103,-1,103,20,53,-1,103,53,110,-1,97,91,118,-1,117,52,16,-1,117,16,124,-1,97,118,96,-1,118,119,16,-1,16,119,120,-1,16,120,121,-1,92,16,2,-1,2,16,15,-1,2,15,10,-1,121,122,16,-1,16,122,123,-1,16,123,124,-1,92,93,16,-1,16,93,94,-1,16,94,118,-1,118,94,95,-1,118,95,96,-1,14,13,126,-1,127,39,32,-1,128,98,129,-1,129,98,56,-1,32,14,127,-1,127,14,126,-1,127,126,130,-1,130,126,98,-1,130,98,131,-1,131,98,128,-1,56,4,129,-1,129,4,3,-1,129,3,128,-1,128,3,1,-1,128,1,131,-1,131,1,0,-1,131,0,130,-1,130,0,11,-1,130,11,127,-1,127,11,8,-1,127,8,39,-1,39,8,6,-1,6,5,51,-1,51,5,46,-1,45,43,47,-1,47,43,48,-1,46,45,51,-1,51,45,47,-1,49,42,50,-1,50,42,44,-1,50,44,40,-1,40,44,41,-1,26,9,10,-1,31,30,10,-1,10,30,28,-1,10,28,26,-1,15,21,10,-1,10,21,23,-1,10,23,31,-1,126,13,12,-1,12,27,126,-1,126,27,29,-1,126,29,25,-1,25,24,126,-1,126,24,22,-1,126,22,19,-1,
        ]
    }
}